id,number,name,city,org_name,program_id,program_label,status_v2,coaches_count,screening_good,screening_details,screening_count,screening_threshold,fingerprinting_good,fingerprinting_details,fingerprinting_count,fingerprinting_threshold,livescan_count,mrt_count,bcia_count,bcia_status,coaches_good,coaches_required,coaches_invited,roster_good,roster_details,roster_count,roster_threshold,agreements_good,agreements_details,jotform_required,jotform_complete,advancement_state,registered_events_count,registered_events_json,program_logo_path,season_logo_path,has_history,history_past_names,history_events_count,history_seasons_count,history_max_score,history_avg_score,history_best_ranking,history_awards_count,history_advancements_count,history_has_championship,history_experience_tier,history_score_tier
2656,445,Matsuyama RoboPines,Sacramento,Matsuyama Elementary School,1,FIRST LEGO League: Challenge,pending_national_screening,2,False,1/2 screened,1,2,True,2/2 complete,2,2,2,2,0,missing,True,2,0,False,Below minimum: 0/2 required,0,2,False,Jotform pending,True,False,none,0,[],/static/images/program_logos/fll_challenge_logo.png,/static/images/season_logos/2026_fll_challenge.png,True,Mighty Robo Pines,4,3,160.0,101.7,16,3,1,True,Veteran (老牌强队),<300 (入门发展)
2657,461,Terminatorz,Morgan Hill,Britton Middle School,1,FIRST LEGO League: Challenge,waiting_invites,2,True,2/2 screened,2,2,False,1/2 complete,1,2,1,1,2,complete,True,2,1,False,Below minimum: 0/2 required,0,2,True,,True,True,none,0,[],/static/images/program_logos/fll_challenge_logo.png,/static/images/season_logos/2026_fll_challenge.png,True,,3,3,195.0,150.0,8,0,0,False,Veteran (老牌强队),<300 (入门发展)
2658,2713,Error Executioners,Mountain View,Crittenden Middle School,1,FIRST LEGO League: Challenge,good,2,True,2/2 screened,2,2,True,2/2 complete,2,2,2,2,0,missing,True,2,0,True,,9,9,True,,True,True,none,1,"[{""id"": 305, ""name"": ""NorCal FLL Challenge BIOGLOW QT - The King's Academy, Sunnyvale"", ""date"": ""2026-11-14T16:00:00Z"", ""timezone"": ""America/Los_Angeles"", ""website_uri"": ""https://mylumi.playingatlearning.org/en/event/305/"", ""level_name"": ""NorCal FLL Founders Edition 2026 Event Level""}]",/static/images/program_logos/fll_challenge_logo.png,/static/images/season_logos/2026_fll_challenge.png,True,CTRL-Xcavators / Phat Seals / Pantherbots,5,4,330.0,290.0,4,1,1,True,Veteran (老牌强队),300-399 (中坚晋级)
2659,2847,2847,Santa Clara,Cabrillo Middle School,1,FIRST LEGO League: Challenge,good,2,True,2/2 screened,2,2,True,2/2 complete,2,2,2,2,2,complete,True,2,0,True,,5,5,True,,True,True,none,1,"[{""id"": 306, ""name"": ""NorCal FLL Challenge BIOGLOW QT - San Francisco Bay University, Fremont"", ""date"": ""2026-11-14T16:00:00Z"", ""timezone"": ""America/Los_Angeles"", ""website_uri"": ""https://mylumi.playingatlearning.org/en/event/306/"", ""level_name"": ""NorCal FLL Founders Edition 2026 Event Level""}]",/static/images/program_logos/fll_challenge_logo.png,/static/images/season_logos/2026_fll_challenge.png,True,Aquavengers / Crescendo Coders,5,4,365.0,271.7,4,2,1,True,Veteran (老牌强队),300-399 (中坚晋级)
2660,2848,2848,Santa Clara,Cabrillo Middle School,1,FIRST LEGO League: Challenge,good,2,True,2/2 screened,2,2,True,2/2 complete,2,2,2,2,2,complete,True,2,0,True,,5,5,True,,True,True,none,1,"[{""id"": 308, ""name"": ""NorCal FLL Challenge BIOGLOW QT - NOV 15 The Play Space, San Jose"", ""date"": ""2026-11-15T16:00:00Z"", ""timezone"": ""America/Los_Angeles"", ""website_uri"": ""https://mylumi.playingatlearning.org/en/event/308/"", ""level_name"": ""NorCal FLL Founders Edition 2026 Event Level""}]",/static/images/program_logos/fll_challenge_logo.png,/static/images/season_logos/2026_fll_challenge.png,True,H2LEGO / S.H.R.E.K.,6,4,335.0,270.0,7,2,2,True,Veteran (老牌强队),300-399 (中坚晋级)
2661,4416,4416,Santa Clara,Cabrillo Middle School,1,FIRST LEGO League: Challenge,pending_fingerprinting,3,True,2/2 screened,2,2,False,1/2 complete,1,2,2,1,1,missing,False,3,0,True,,5,5,True,,True,True,none,1,"[{""id"": 310, ""name"": ""NorCal FLL Challenge BIOGLOW QT - Gunn High School, Palo Alto"", ""date"": ""2026-11-21T16:00:00Z"", ""timezone"": ""America/Los_Angeles"", ""website_uri"": ""https://mylumi.playingatlearning.org/en/event/310/"", ""level_name"": ""NorCal FLL Founders Edition 2026 Event Level""}]",/static/images/program_logos/fll_challenge_logo.png,/static/images/season_logos/2026_fll_challenge.png,True,O.R.C.A / Techno Cougars,6,4,275.0,250.0,8,3,2,True,Veteran (老牌强队),<300 (入门发展)
2965,4506,Techno Cavs,Sacramento,Sacramento Country Day School,1,FIRST LEGO League: Challenge,good,2,True,2/2 screened,2,2,True,2/2 complete,2,2,2,2,2,complete,True,2,0,True,,7,7,True,,True,True,none,1,"[{""id"": 314, ""name"": ""NorCal FLL Challenge BIOGLOW QT - Pleasant Grove High School, Elk Grove"", ""date"": ""2026-11-15T16:00:00Z"", ""timezone"": ""America/Los_Angeles"", ""website_uri"": ""https://mylumi.playingatlearning.org/en/event/314/"", ""level_name"": ""NorCal FLL Founders Edition 2026 Event Level""}]",/static/images/program_logos/fll_challenge_logo.png,/static/images/season_logos/2026_fll_challenge.png,True,,5,4,205.0,131.7,6,2,1,True,Veteran (老牌强队),<300 (入门发展)
2662,4622,King Tiger,Hollister,SAN BENITO COUNTY ROBOTICS INC,1,FIRST LEGO League: Challenge,waiting_invites,2,True,2/2 screened,2,2,True,2/2 complete,2,2,2,2,2,complete,True,2,0,True,,7,7,False,Jotform pending,True,False,none,0,[],/static/images/program_logos/fll_challenge_logo.png,/static/images/season_logos/2026_fll_challenge.png,False,,0,0,,,,0,0,False,Rookie (新队伍),暂无得分记录
2663,4978,4978,Santa Clara,Cabrillo Middle School,1,FIRST LEGO League: Challenge,pending_fingerprinting,3,True,2/2 screened,2,2,False,1/2 complete,1,2,1,1,2,complete,False,3,0,True,,5,5,True,,True,True,none,1,"[{""id"": 305, ""name"": ""NorCal FLL Challenge BIOGLOW QT - The King's Academy, Sunnyvale"", ""date"": ""2026-11-14T16:00:00Z"", ""timezone"": ""America/Los_Angeles"", ""website_uri"": ""https://mylumi.playingatlearning.org/en/event/305/"", ""level_name"": ""NorCal FLL Founders Edition 2026 Event Level""}]",/static/images/program_logos/fll_challenge_logo.png,/static/images/season_logos/2026_fll_challenge.png,True,Otter Bots / Maroon Five,5,4,390.0,306.7,2,1,2,True,Veteran (老牌强队),300-399 (中坚晋级)
2664,4979,4979,Santa Clara,Cabrillo Middle School,1,FIRST LEGO League: Challenge,good,2,True,2/2 screened,2,2,True,2/2 complete,2,2,2,2,2,complete,True,2,0,True,,5,5,True,,True,True,none,1,"[{""id"": 306, ""name"": ""NorCal FLL Challenge BIOGLOW QT - San Francisco Bay University, Fremont"", ""date"": ""2026-11-14T16:00:00Z"", ""timezone"": ""America/Los_Angeles"", ""website_uri"": ""https://mylumi.playingatlearning.org/en/event/306/"", ""level_name"": ""NorCal FLL Founders Edition 2026 Event Level""}]",/static/images/program_logos/fll_challenge_logo.png,/static/images/season_logos/2026_fll_challenge.png,True,Aquabots / Mighty Ducks,7,4,380.0,290.0,6,4,3,True,Veteran (老牌强队),300-399 (中坚晋级)
2930,5254,EPAGlow,East Palo Alto,Family/Community,1,FIRST LEGO League: Challenge,waiting_jotform,2,True,2/2 screened,2,2,True,2/2 complete,2,2,2,2,2,complete,True,2,0,True,,9,9,False,Jotform pending,True,False,none,0,[],/static/images/program_logos/fll_challenge_logo.png,/static/images/season_logos/2026_fll_challenge.png,True,Golden Surfers,3,3,125.0,62.5,11,0,0,False,Veteran (老牌强队),<300 (入门发展)
2665,7052,Dynamite Dinosaurs,San Francisco,St. Gabriel School,1,FIRST LEGO League: Challenge,good,2,True,2/2 screened,2,2,True,2/2 complete,2,2,2,2,1,missing,True,2,0,True,,4,4,True,,True,True,none,1,"[{""id"": 312, ""name"": ""NorCal FLL Challenge BIOGLOW QT  - Lowell High School, San Francisco"", ""date"": ""2026-11-21T16:00:00Z"", ""timezone"": ""America/Los_Angeles"", ""website_uri"": ""https://mylumi.playingatlearning.org/en/event/312/"", ""level_name"": ""NorCal FLL Founders Edition 2026 Event Level""}]",/static/images/program_logos/fll_challenge_logo.png,/static/images/season_logos/2026_fll_challenge.png,True,OP Octopi / Leaping Lemurs,5,4,345.0,208.3,8,3,1,True,Veteran (老牌强队),300-399 (中坚晋级)
2666,7434,The Exploding Cucumbers,San Bruno,Nueva School,1,FIRST LEGO League: Challenge,good,2,True,2/2 screened,2,2,True,2/2 complete,2,2,2,2,2,complete,True,2,0,True,,5,5,True,,True,True,none,1,"[{""id"": 305, ""name"": ""NorCal FLL Challenge BIOGLOW QT - The King's Academy, Sunnyvale"", ""date"": ""2026-11-14T16:00:00Z"", ""timezone"": ""America/Los_Angeles"", ""website_uri"": ""https://mylumi.playingatlearning.org/en/event/305/"", ""level_name"": ""NorCal FLL Founders Edition 2026 Event Level""}]",/static/images/program_logos/fll_challenge_logo.png,/static/images/season_logos/2026_fll_challenge.png,True,The Human Computers / Human Computers / Pikachu Power Plant,4,4,220.0,167.5,11,0,0,False,Veteran (老牌强队),<300 (入门发展)
2667,7453,ChronoCrafters,San Francisco,St. Gabriel School,1,FIRST LEGO League: Challenge,good,2,True,2/2 screened,2,2,True,2/2 complete,2,2,2,2,1,missing,True,2,0,True,,7,7,True,,True,True,none,1,"[{""id"": 312, ""name"": ""NorCal FLL Challenge BIOGLOW QT  - Lowell High School, San Francisco"", ""date"": ""2026-11-21T16:00:00Z"", ""timezone"": ""America/Los_Angeles"", ""website_uri"": ""https://mylumi.playingatlearning.org/en/event/312/"", ""level_name"": ""NorCal FLL Founders Edition 2026 Event Level""}]",/static/images/program_logos/fll_challenge_logo.png,/static/images/season_logos/2026_fll_challenge.png,True,Political Penguins / Magnificent Mangos,4,4,210.0,105.0,12,0,0,False,Veteran (老牌强队),<300 (入门发展)
2891,7460,Tiger Robotics 4,San Francisco,Town School for Boys,1,FIRST LEGO League: Challenge,good,2,True,2/2 screened,2,2,True,2/2 complete,2,2,2,2,2,complete,True,2,0,True,,6,6,True,,True,True,none,0,[],/static/images/program_logos/fll_challenge_logo.png,/static/images/season_logos/2026_fll_challenge.png,True,Tiger Robotics 8,3,3,145.0,125.0,17,0,0,False,Veteran (老牌强队),<300 (入门发展)
2668,8560,ProGRAHAMers1,Mountain View,Graham Middle School,1,FIRST LEGO League: Challenge,good,2,True,2/2 screened,2,2,True,2/2 complete,2,2,2,2,2,complete,True,2,0,True,,8,8,True,,True,True,none,1,"[{""id"": 308, ""name"": ""NorCal FLL Challenge BIOGLOW QT - NOV 15 The Play Space, San Jose"", ""date"": ""2026-11-15T16:00:00Z"", ""timezone"": ""America/Los_Angeles"", ""website_uri"": ""https://mylumi.playingatlearning.org/en/event/308/"", ""level_name"": ""NorCal FLL Founders Edition 2026 Event Level""}]",/static/images/program_logos/fll_challenge_logo.png,/static/images/season_logos/2026_fll_challenge.png,True,ProGRAHAMers,5,4,300.0,263.3,6,2,1,True,Veteran (老牌强队),300-399 (中坚晋级)
2669,9726,Blaze Brigade,Santa Clara,Monticello Academy,1,FIRST LEGO League: Challenge,waiting_members,2,True,2/2 screened,2,2,True,2/2 complete,2,2,2,2,2,complete,True,2,0,False,Below minimum: 0/2 required,0,2,False,Jotform pending,True,False,none,0,[],/static/images/program_logos/fll_challenge_logo.png,/static/images/season_logos/2026_fll_challenge.png,True,Stampede / Kenneth Glassey,2,2,260.0,260.0,9,0,0,False,Veteran (老牌强队),<300 (入门发展)
2670,10585,Creative Cookies,Hillsborough,Nueva School,1,FIRST LEGO League: Challenge,good,2,True,2/2 screened,2,2,True,2/2 complete,2,2,2,2,2,complete,True,2,0,True,,5,5,True,,True,True,none,1,"[{""id"": 301, ""name"": ""NorCal FLL Challenge BIOGLOW QT – St. Martin of Tours, San Jose"", ""date"": ""2026-11-07T16:00:00Z"", ""timezone"": ""America/Los_Angeles"", ""website_uri"": ""https://mylumi.playingatlearning.org/en/event/301/"", ""level_name"": ""NorCal FLL Founders Edition 2026 Event Level""}]",/static/images/program_logos/fll_challenge_logo.png,/static/images/season_logos/2026_fll_challenge.png,True,Code Crackers / BRTC,5,4,195.0,171.7,12,1,1,True,Veteran (老牌强队),<300 (入门发展)
2892,10586,The Minifigs,Hillsborough,Nueva School,1,FIRST LEGO League: Challenge,good,2,True,2/2 screened,2,2,True,2/2 complete,2,2,2,2,2,complete,True,2,0,True,,4,4,True,,True,True,none,1,"[{""id"": 309, ""name"": ""NorCal FLL Challenge BIOGLOW QT - Nueva School, San Mateo"", ""date"": ""2026-11-15T16:00:00Z"", ""timezone"": ""America/Los_Angeles"", ""website_uri"": ""https://mylumi.playingatlearning.org/en/event/309/"", ""level_name"": ""NorCal FLL Founders Edition 2026 Event Level""}]",/static/images/program_logos/fll_challenge_logo.png,/static/images/season_logos/2026_fll_challenge.png,True,The Peanut Botters / Master Builders / Da Vinci,6,4,270.0,171.2,5,2,2,True,Veteran (老牌强队),<300 (入门发展)
2893,10589,The DMV Carrots,Hillsborough,Nueva School,1,FIRST LEGO League: Challenge,good,2,True,2/2 screened,2,2,True,2/2 complete,2,2,2,2,2,complete,True,2,0,True,,3,3,True,,True,True,none,1,"[{""id"": 309, ""name"": ""NorCal FLL Challenge BIOGLOW QT - Nueva School, San Mateo"", ""date"": ""2026-11-15T16:00:00Z"", ""timezone"": ""America/Los_Angeles"", ""website_uri"": ""https://mylumi.playingatlearning.org/en/event/309/"", ""level_name"": ""NorCal FLL Founders Edition 2026 Event Level""}]",/static/images/program_logos/fll_challenge_logo.png,/static/images/season_logos/2026_fll_challenge.png,True,Archybots / Turtle Tech / Legovolts,4,4,210.0,190.0,11,0,0,False,Veteran (老牌强队),<300 (入门发展)
2671,12287,Canopy Coders,Mountain View,Crittenden Middle School,1,FIRST LEGO League: Challenge,good,2,True,2/2 screened,2,2,True,2/2 complete,2,2,2,2,0,missing,True,2,0,True,,9,9,True,,True,True,none,1,"[{""id"": 305, ""name"": ""NorCal FLL Challenge BIOGLOW QT - The King's Academy, Sunnyvale"", ""date"": ""2026-11-14T16:00:00Z"", ""timezone"": ""America/Los_Angeles"", ""website_uri"": ""https://mylumi.playingatlearning.org/en/event/305/"", ""level_name"": ""NorCal FLL Founders Edition 2026 Event Level""}]",/static/images/program_logos/fll_challenge_logo.png,/static/images/season_logos/2026_fll_challenge.png,True,Pantherbots JV,2,2,280.0,280.0,7,0,0,False,Veteran (老牌强队),<300 (入门发展)
2672,17491,The Bioluminaries,Santa Clara,Cabrillo Middle School,1,FIRST LEGO League: Challenge,good,2,True,2/2 screened,2,2,True,2/2 complete,2,2,2,2,2,complete,True,2,0,True,,5,5,True,,True,True,none,1,"[{""id"": 306, ""name"": ""NorCal FLL Challenge BIOGLOW QT - San Francisco Bay University, Fremont"", ""date"": ""2026-11-14T16:00:00Z"", ""timezone"": ""America/Los_Angeles"", ""website_uri"": ""https://mylumi.playingatlearning.org/en/event/306/"", ""level_name"": ""NorCal FLL Founders Edition 2026 Event Level""}]",/static/images/program_logos/fll_challenge_logo.png,/static/images/season_logos/2026_fll_challenge.png,True,17491 / H2Flow / ADOREable Fivesome,5,4,270.0,233.3,9,0,1,True,Veteran (老牌强队),<300 (入门发展)
2673,17492,17492,Santa Clara,Cabrillo Middle School,1,FIRST LEGO League: Challenge,good,2,True,2/2 screened,2,2,True,2/2 complete,2,2,2,2,2,complete,True,2,0,True,,5,5,True,,True,True,none,1,"[{""id"": 306, ""name"": ""NorCal FLL Challenge BIOGLOW QT - San Francisco Bay University, Fremont"", ""date"": ""2026-11-14T16:00:00Z"", ""timezone"": ""America/Los_Angeles"", ""website_uri"": ""https://mylumi.playingatlearning.org/en/event/306/"", ""level_name"": ""NorCal FLL Founders Edition 2026 Event Level""}]",/static/images/program_logos/fll_challenge_logo.png,/static/images/season_logos/2026_fll_challenge.png,True,Hydrospace / BloK Masters,5,4,190.0,181.7,13,2,2,True,Veteran (老牌强队),<300 (入门发展)
2674,17493,17493,Santa Clara,Cabrillo Middle School,1,FIRST LEGO League: Challenge,good,2,True,2/2 screened,2,2,True,2/2 complete,2,2,2,2,2,complete,True,2,0,True,,5,5,True,,True,True,none,1,"[{""id"": 301, ""name"": ""NorCal FLL Challenge BIOGLOW QT – St. Martin of Tours, San Jose"", ""date"": ""2026-11-07T16:00:00Z"", ""timezone"": ""America/Los_Angeles"", ""website_uri"": ""https://mylumi.playingatlearning.org/en/event/301/"", ""level_name"": ""NorCal FLL Founders Edition 2026 Event Level""}]",/static/images/program_logos/fll_challenge_logo.png,/static/images/season_logos/2026_fll_challenge.png,True,Whale Whisperers / Krafty Kids,6,4,290.0,226.2,5,2,2,True,Veteran (老牌强队),<300 (入门发展)
2675,17494,17494,Santa Clara,Cabrillo Middle School,1,FIRST LEGO League: Challenge,good,2,True,2/2 screened,2,2,True,2/2 complete,2,2,2,2,2,complete,True,2,0,True,,4,4,True,,True,True,none,1,"[{""id"": 303, ""name"": ""NorCal FLL Challenge BIOGLOW QT -  Beyer High School, Modesto"", ""date"": ""2026-11-14T16:00:00Z"", ""timezone"": ""America/Los_Angeles"", ""website_uri"": ""https://mylumi.playingatlearning.org/en/event/303/"", ""level_name"": ""NorCal FLL Founders Edition 2026 Event Level""}]",/static/images/program_logos/fll_challenge_logo.png,/static/images/season_logos/2026_fll_challenge.png,True,Coral Crusaders / From Another Planet,4,4,505.0,395.0,1,1,0,False,Veteran (老牌强队),500+ (争冠顶尖)
2530,19283,FLL-E 19283,Piedmont,Piedmont Makers,2,FIRST LEGO League: Explore,waiting_invites,2,False,1/2 screened,1,2,False,0/2 complete,0,2,0,0,0,missing,True,2,2,False,Below minimum: 0/2 required,0,2,True,,False,False,none,0,[],/static/images/program_logos/fll_explore_logo.png,/static/images/season_logos/2026_fll_explore.png,False,,0,0,,,,0,0,False,Rookie (新队伍),暂无得分记录
2531,19285,FLL-E 19285,Piedmont,Piedmont Makers,2,FIRST LEGO League: Explore,waiting_invites,1,False,0/2 screened,0,2,False,0/2 complete,0,2,0,0,0,missing,False,1,1,False,Below minimum: 0/2 required,0,2,True,,False,False,none,0,[],/static/images/program_logos/fll_explore_logo.png,/static/images/season_logos/2026_fll_explore.png,False,,0,0,,,,0,0,False,Rookie (新队伍),暂无得分记录
2532,19292,FLL-E 19292,Piedmont,Piedmont Makers,2,FIRST LEGO League: Explore,pending_fingerprinting,2,False,0/2 screened,0,2,False,0/2 complete,0,2,0,0,0,missing,True,2,0,False,Below minimum: 0/2 required,0,2,True,,False,False,none,0,[],/static/images/program_logos/fll_explore_logo.png,/static/images/season_logos/2026_fll_explore.png,False,,0,0,,,,0,0,False,Rookie (新队伍),暂无得分记录
2533,19293,FLL-E 19293,Piedmont,Piedmont Makers,2,FIRST LEGO League: Explore,pending_fingerprinting,0,False,0/2 screened,0,2,False,0/2 complete,0,2,0,0,0,unknown,False,0,0,False,Below minimum: 0/2 required,0,2,True,,False,False,none,0,[],/static/images/program_logos/fll_explore_logo.png,/static/images/season_logos/2026_fll_explore.png,False,,0,0,,,,0,0,False,Rookie (新队伍),暂无得分记录
2534,19294,FLL-E 19294,Piedmont,Piedmont Makers,2,FIRST LEGO League: Explore,pending_fingerprinting,1,False,0/2 screened,0,2,False,0/2 complete,0,2,0,0,0,missing,False,1,0,False,Below minimum: 0/2 required,0,2,True,,False,False,none,0,[],/static/images/program_logos/fll_explore_logo.png,/static/images/season_logos/2026_fll_explore.png,False,,0,0,,,,0,0,False,Rookie (新队伍),暂无得分记录
2535,19493,FLL-E 19493,Piedmont,"Piedmont Makers, Yu Ming Charter",2,FIRST LEGO League: Explore,waiting_invites,1,False,1/2 screened,1,2,False,0/2 complete,0,2,0,0,0,missing,False,1,1,False,Below minimum: 0/2 required,0,2,True,,False,False,none,0,[],/static/images/program_logos/fll_explore_logo.png,/static/images/season_logos/2026_fll_explore.png,False,,0,0,,,,0,0,False,Rookie (新队伍),暂无得分记录
2536,19689,RoboKids,Folsom,Family/Community,2,FIRST LEGO League: Explore,waiting_members,2,True,2/2 screened,2,2,True,2/2 complete,2,2,2,2,2,complete,True,2,0,False,Below minimum: 0/2 required,0,2,True,,False,False,none,0,[],/static/images/program_logos/fll_explore_logo.png,/static/images/season_logos/2026_fll_explore.png,True,,2,2,,,,0,0,False,Veteran (老牌强队),暂无得分记录
2537,23430,FLL-E 23430,Piedmont,Piedmont Makers,2,FIRST LEGO League: Explore,waiting_invites,1,False,1/2 screened,1,2,False,0/2 complete,0,2,0,0,1,unknown,False,1,1,False,Below minimum: 0/2 required,0,2,True,,False,False,none,0,[],/static/images/program_logos/fll_explore_logo.png,/static/images/season_logos/2026_fll_explore.png,False,,0,0,,,,0,0,False,Rookie (新队伍),暂无得分记录
2538,23431,FLL-E 23431,Piedmont,Piedmont Makers,2,FIRST LEGO League: Explore,pending_fingerprinting,2,False,1/2 screened,1,2,False,0/2 complete,0,2,1,0,0,missing,True,2,0,False,Below minimum: 0/2 required,0,2,True,,False,False,none,0,[],/static/images/program_logos/fll_explore_logo.png,/static/images/season_logos/2026_fll_explore.png,False,,0,0,,,,0,0,False,Rookie (新队伍),暂无得分记录
2539,23432,FLL-E 23432,Piedmont,Piedmont Makers,2,FIRST LEGO League: Explore,waiting_invites,1,False,0/2 screened,0,2,False,0/2 complete,0,2,0,0,0,missing,False,1,1,False,Below minimum: 0/2 required,0,2,True,,False,False,none,0,[],/static/images/program_logos/fll_explore_logo.png,/static/images/season_logos/2026_fll_explore.png,False,,0,0,,,,0,0,False,Rookie (新队伍),暂无得分记录
2540,23433,FLL-E 23433,Piedmont,Piedmont Makers,2,FIRST LEGO League: Explore,waiting_invites,1,False,0/2 screened,0,2,False,0/2 complete,0,2,0,0,0,missing,False,1,1,False,Below minimum: 0/2 required,0,2,True,,False,False,none,0,[],/static/images/program_logos/fll_explore_logo.png,/static/images/season_logos/2026_fll_explore.png,False,,0,0,,,,0,0,False,Rookie (新队伍),暂无得分记录
2541,23437,FLL-E 23437,Piedmont,Piedmont Makers,2,FIRST LEGO League: Explore,waiting_invites,2,True,2/2 screened,2,2,False,0/2 complete,0,2,0,0,0,missing,True,2,2,False,Below minimum: 1/2 required,1,2,True,,False,False,none,0,[],/static/images/program_logos/fll_explore_logo.png,/static/images/season_logos/2026_fll_explore.png,False,,0,0,,,,0,0,False,Rookie (新队伍),暂无得分记录
2542,24342,FLL-E 24342,Piedmont,Piedmont Makers,2,FIRST LEGO League: Explore,waiting_invites,2,False,1/2 screened,1,2,False,0/2 complete,0,2,2,0,0,missing,True,2,2,False,Below minimum: 0/2 required,0,2,True,,False,False,none,0,[],/static/images/program_logos/fll_explore_logo.png,/static/images/season_logos/2026_fll_explore.png,False,,0,0,,,,0,0,False,Rookie (新队伍),暂无得分记录
2543,24343,FLL-E 24343,Piedmont,Piedmont Makers,2,FIRST LEGO League: Explore,pending_fingerprinting,2,False,0/2 screened,0,2,False,1/2 complete,1,2,1,2,0,missing,True,2,0,False,Below minimum: 0/2 required,0,2,True,,False,False,none,0,[],/static/images/program_logos/fll_explore_logo.png,/static/images/season_logos/2026_fll_explore.png,False,,0,0,,,,0,0,False,Rookie (新队伍),暂无得分记录
2544,24344,FLL-E 24344,Piedmont,Family/Community,2,FIRST LEGO League: Explore,waiting_invites,2,True,2/2 screened,2,2,False,0/2 complete,0,2,0,0,0,missing,True,2,2,False,Below minimum: 0/2 required,0,2,True,,False,False,none,0,[],/static/images/program_logos/fll_explore_logo.png,/static/images/season_logos/2026_fll_explore.png,False,,0,0,,,,0,0,False,Rookie (新队伍),暂无得分记录
2545,24345,FLL-E 24345,Piedmont,Piedmont Makers,2,FIRST LEGO League: Explore,waiting_invites,2,False,1/2 screened,1,2,False,0/2 complete,0,2,0,0,0,missing,True,2,2,False,Below minimum: 0/2 required,0,2,True,,False,False,none,0,[],/static/images/program_logos/fll_explore_logo.png,/static/images/season_logos/2026_fll_explore.png,False,,0,0,,,,0,0,False,Rookie (新队伍),暂无得分记录
2546,24346,FLL-E 24346,Piedmont,Piedmont Makers,2,FIRST LEGO League: Explore,waiting_invites,2,False,0/2 screened,0,2,False,0/2 complete,0,2,0,0,0,missing,True,2,2,False,Below minimum: 0/2 required,0,2,True,,False,False,none,0,[],/static/images/program_logos/fll_explore_logo.png,/static/images/season_logos/2026_fll_explore.png,False,,0,0,,,,0,0,False,Rookie (新队伍),暂无得分记录
2547,24347,FLL-E 24347,Piedmont,Piedmont Makers,2,FIRST LEGO League: Explore,waiting_invites,2,True,2/2 screened,2,2,False,1/2 complete,1,2,1,1,0,missing,True,2,2,False,Below minimum: 0/2 required,0,2,True,,False,False,none,0,[],/static/images/program_logos/fll_explore_logo.png,/static/images/season_logos/2026_fll_explore.png,False,,0,0,,,,0,0,False,Rookie (新队伍),暂无得分记录
2548,24348,FLL-E 24348,Piedmont,Piedmont Makers,2,FIRST LEGO League: Explore,waiting_invites,1,False,1/2 screened,1,2,False,0/2 complete,0,2,0,0,0,missing,False,1,1,False,Below minimum: 0/2 required,0,2,True,,False,False,none,0,[],/static/images/program_logos/fll_explore_logo.png,/static/images/season_logos/2026_fll_explore.png,False,,0,0,,,,0,0,False,Rookie (新队伍),暂无得分记录
2549,24349,FLL-E 24349,Piedmont,Piedmont Makers,2,FIRST LEGO League: Explore,waiting_invites,2,False,1/2 screened,1,2,False,0/2 complete,0,2,0,0,0,missing,True,2,1,False,Below minimum: 0/2 required,0,2,True,,False,False,none,0,[],/static/images/program_logos/fll_explore_logo.png,/static/images/season_logos/2026_fll_explore.png,False,,0,0,,,,0,0,False,Rookie (新队伍),暂无得分记录
2550,24350,FLL-E 24350,Piedmont,Piedmont Makers,2,FIRST LEGO League: Explore,waiting_invites,1,False,1/2 screened,1,2,False,0/2 complete,0,2,1,0,0,missing,False,1,1,False,Below minimum: 0/2 required,0,2,True,,False,False,none,0,[],/static/images/program_logos/fll_explore_logo.png,/static/images/season_logos/2026_fll_explore.png,False,,0,0,,,,0,0,False,Rookie (新队伍),暂无得分记录
2676,25571,25571,Santa Clara,Cabrillo Middle School,1,FIRST LEGO League: Challenge,good,2,True,2/2 screened,2,2,True,2/2 complete,2,2,2,2,2,complete,True,2,0,True,,5,5,True,,True,True,none,1,"[{""id"": 308, ""name"": ""NorCal FLL Challenge BIOGLOW QT - NOV 15 The Play Space, San Jose"", ""date"": ""2026-11-15T16:00:00Z"", ""timezone"": ""America/Los_Angeles"", ""website_uri"": ""https://mylumi.playingatlearning.org/en/event/308/"", ""level_name"": ""NorCal FLL Founders Edition 2026 Event Level""}]",/static/images/program_logos/fll_challenge_logo.png,/static/images/season_logos/2026_fll_challenge.png,True,2847 / The Innovative Inventors / Brick X Brick,4,4,275.0,210.0,13,1,0,False,Veteran (老牌强队),<300 (入门发展)
2677,25572,25572,Santa Clara,Cabrillo Middle School,1,FIRST LEGO League: Challenge,roster_overload,3,True,2/2 screened,2,2,True,2/2 complete,2,2,2,2,2,complete,False,3,0,True,,5,5,True,,True,True,none,1,"[{""id"": 305, ""name"": ""NorCal FLL Challenge BIOGLOW QT - The King's Academy, Sunnyvale"", ""date"": ""2026-11-14T16:00:00Z"", ""timezone"": ""America/Los_Angeles"", ""website_uri"": ""https://mylumi.playingatlearning.org/en/event/305/"", ""level_name"": ""NorCal FLL Founders Edition 2026 Event Level""}]",/static/images/program_logos/fll_challenge_logo.png,/static/images/season_logos/2026_fll_challenge.png,True,Octonauts / Ctrl+T,6,4,320.0,253.8,8,3,2,True,Veteran (老牌强队),300-399 (中坚晋级)
2678,25573,25573,Santa Clara,Cabrillo Middle School,1,FIRST LEGO League: Challenge,good,2,True,2/2 screened,2,2,True,2/2 complete,2,2,2,2,2,complete,True,2,0,True,,5,5,True,,True,True,none,1,"[{""id"": 305, ""name"": ""NorCal FLL Challenge BIOGLOW QT - The King's Academy, Sunnyvale"", ""date"": ""2026-11-14T16:00:00Z"", ""timezone"": ""America/Los_Angeles"", ""website_uri"": ""https://mylumi.playingatlearning.org/en/event/305/"", ""level_name"": ""NorCal FLL Founders Edition 2026 Event Level""}]",/static/images/program_logos/fll_challenge_logo.png,/static/images/season_logos/2026_fll_challenge.png,True,Otter This World / X-Mann Bots,5,4,300.0,201.7,11,2,1,True,Veteran (老牌强队),300-399 (中坚晋级)
2551,26134,FLL-E 26134,Piedmont,Thornhill Elementary,2,FIRST LEGO League: Explore,waiting_invites,2,False,1/2 screened,1,2,False,0/2 complete,0,2,0,0,0,missing,True,2,2,False,Below minimum: 0/2 required,0,2,True,,False,False,none,0,[],/static/images/program_logos/fll_explore_logo.png,/static/images/season_logos/2026_fll_explore.png,False,,0,0,,,,0,0,False,Rookie (新队伍),暂无得分记录
2552,26137,FLL-E 26137,Piedmont,Piedmont Makers,2,FIRST LEGO League: Explore,waiting_invites,1,False,0/2 screened,0,2,False,0/2 complete,0,2,0,0,0,missing,False,1,1,False,Below minimum: 0/2 required,0,2,True,,False,False,none,0,[],/static/images/program_logos/fll_explore_logo.png,/static/images/season_logos/2026_fll_explore.png,False,,0,0,,,,0,0,False,Rookie (新队伍),暂无得分记录
2553,26138,FLL-E 26138,Piedmont,Piedmont Makers,2,FIRST LEGO League: Explore,waiting_invites,2,False,0/2 screened,0,2,False,0/2 complete,0,2,0,0,0,missing,True,2,2,False,Below minimum: 0/2 required,0,2,True,,False,False,none,0,[],/static/images/program_logos/fll_explore_logo.png,/static/images/season_logos/2026_fll_explore.png,False,,0,0,,,,0,0,False,Rookie (新队伍),暂无得分记录
2554,26139,FLL-E 26139,Piedmont,Piedmont Makers,2,FIRST LEGO League: Explore,waiting_invites,2,False,1/2 screened,1,2,False,0/2 complete,0,2,0,0,0,missing,True,2,1,False,Below minimum: 0/2 required,0,2,True,,False,False,none,0,[],/static/images/program_logos/fll_explore_logo.png,/static/images/season_logos/2026_fll_explore.png,False,,0,0,,,,0,0,False,Rookie (新队伍),暂无得分记录
2555,26140,FLL-E 26140,Piedmont,"Piedmont Makers, Peralta Elementary",2,FIRST LEGO League: Explore,waiting_invites,2,False,1/2 screened,1,2,False,0/2 complete,0,2,0,0,0,missing,True,2,2,False,Below minimum: 0/2 required,0,2,True,,False,False,none,0,[],/static/images/program_logos/fll_explore_logo.png,/static/images/season_logos/2026_fll_explore.png,False,,0,0,,,,0,0,False,Rookie (新队伍),暂无得分记录
2556,26141, FLL-E 26141,Piedmont,Piedmont Makers,2,FIRST LEGO League: Explore,pending_fingerprinting,0,False,0/2 screened,0,2,False,0/2 complete,0,2,0,0,0,unknown,False,0,0,False,Below minimum: 0/2 required,0,2,True,,False,False,none,0,[],/static/images/program_logos/fll_explore_logo.png,/static/images/season_logos/2026_fll_explore.png,False,,0,0,,,,0,0,False,Rookie (新队伍),暂无得分记录
2557,26142,FLL-E 26142,Piedmont,Piedmont Makers,2,FIRST LEGO League: Explore,waiting_invites,1,False,0/2 screened,0,2,False,0/2 complete,0,2,0,0,0,missing,False,1,1,False,Below minimum: 0/2 required,0,2,True,,False,False,none,0,[],/static/images/program_logos/fll_explore_logo.png,/static/images/season_logos/2026_fll_explore.png,False,,0,0,,,,0,0,False,Rookie (新队伍),暂无得分记录
2558,26143, FLL-E 26143,Piedmont,Piedmont Makers,2,FIRST LEGO League: Explore,waiting_invites,1,False,1/2 screened,1,2,False,0/2 complete,0,2,1,0,0,missing,False,1,1,False,Below minimum: 0/2 required,0,2,True,,False,False,none,0,[],/static/images/program_logos/fll_explore_logo.png,/static/images/season_logos/2026_fll_explore.png,False,,0,0,,,,0,0,False,Rookie (新队伍),暂无得分记录
2559,26144, FLL-E 26144,Piedmont,Piedmont Makers,2,FIRST LEGO League: Explore,waiting_invites,1,False,1/2 screened,1,2,False,0/2 complete,0,2,0,0,0,missing,False,1,1,False,Below minimum: 0/2 required,0,2,True,,False,False,none,0,[],/static/images/program_logos/fll_explore_logo.png,/static/images/season_logos/2026_fll_explore.png,False,,0,0,,,,0,0,False,Rookie (新队伍),暂无得分记录
2560,26367,FLL-E 26367,Piedmont,Piedmont Makers,2,FIRST LEGO League: Explore,pending_fingerprinting,0,False,0/2 screened,0,2,False,0/2 complete,0,2,0,0,0,unknown,False,0,0,False,Below minimum: 0/2 required,0,2,True,,False,False,none,0,[],/static/images/program_logos/fll_explore_logo.png,/static/images/season_logos/2026_fll_explore.png,False,,0,0,,,,0,0,False,Rookie (新队伍),暂无得分记录
2561,28743,FLL-E 28743,Piedmont,Piedmont Makers,2,FIRST LEGO League: Explore,waiting_invites,1,False,1/2 screened,1,2,False,0/2 complete,0,2,0,0,0,missing,False,1,1,False,Below minimum: 0/2 required,0,2,True,,False,False,none,0,[],/static/images/program_logos/fll_explore_logo.png,/static/images/season_logos/2026_fll_explore.png,False,,0,0,,,,0,0,False,Rookie (新队伍),暂无得分记录
2562,28744,Bushrod Builders FLL-E 28744,Piedmont,Piedmont Makers,2,FIRST LEGO League: Explore,waiting_invites,2,False,1/2 screened,1,2,False,0/2 complete,0,2,0,0,0,missing,True,2,1,False,Below minimum: 0/2 required,0,2,True,,False,False,none,0,[],/static/images/program_logos/fll_explore_logo.png,/static/images/season_logos/2026_fll_explore.png,False,,0,0,,,,0,0,False,Rookie (新队伍),暂无得分记录
2563,28745,FLL-E 28745,Piedmont,Piedmont Makers,2,FIRST LEGO League: Explore,waiting_invites,2,False,1/2 screened,1,2,False,0/2 complete,0,2,2,0,0,missing,True,2,2,False,Below minimum: 0/2 required,0,2,True,,False,False,none,0,[],/static/images/program_logos/fll_explore_logo.png,/static/images/season_logos/2026_fll_explore.png,False,,0,0,,,,0,0,False,Rookie (新队伍),暂无得分记录
2564,28746,FLL-E 28746,Piedmont,Piedmont Makers,2,FIRST LEGO League: Explore,waiting_invites,2,False,1/2 screened,1,2,False,0/2 complete,0,2,0,0,0,missing,True,2,2,False,Below minimum: 0/2 required,0,2,True,,False,False,none,0,[],/static/images/program_logos/fll_explore_logo.png,/static/images/season_logos/2026_fll_explore.png,False,,0,0,,,,0,0,False,Rookie (新队伍),暂无得分记录
2565,28747,FLL-E 28747,Piedmont,Piedmont Makers,2,FIRST LEGO League: Explore,waiting_invites,1,False,0/2 screened,0,2,False,0/2 complete,0,2,0,0,0,missing,False,1,1,False,Below minimum: 0/2 required,0,2,True,,False,False,none,0,[],/static/images/program_logos/fll_explore_logo.png,/static/images/season_logos/2026_fll_explore.png,False,,0,0,,,,0,0,False,Rookie (新队伍),暂无得分记录
2566,28748,FLL-E 28748,Piedmont,Piedmont Makers,2,FIRST LEGO League: Explore,waiting_invites,2,False,0/2 screened,0,2,False,0/2 complete,0,2,0,0,0,missing,True,2,2,False,Below minimum: 0/2 required,0,2,True,,False,False,none,0,[],/static/images/program_logos/fll_explore_logo.png,/static/images/season_logos/2026_fll_explore.png,False,,0,0,,,,0,0,False,Rookie (新队伍),暂无得分记录
2567,28749,FLL-E 28749,Piedmont,Piedmont Makers,2,FIRST LEGO League: Explore,waiting_invites,2,False,1/2 screened,1,2,False,0/2 complete,0,2,0,0,0,missing,True,2,2,False,Below minimum: 0/2 required,0,2,True,,False,False,none,0,[],/static/images/program_logos/fll_explore_logo.png,/static/images/season_logos/2026_fll_explore.png,False,,0,0,,,,0,0,False,Rookie (新队伍),暂无得分记录
2568,28750,FLL-E 28750,Piedmont,Piedmont Makers,2,FIRST LEGO League: Explore,waiting_invites,2,False,0/2 screened,0,2,False,0/2 complete,0,2,0,0,0,missing,True,2,2,False,Below minimum: 0/2 required,0,2,True,,False,False,none,0,[],/static/images/program_logos/fll_explore_logo.png,/static/images/season_logos/2026_fll_explore.png,False,,0,0,,,,0,0,False,Rookie (新队伍),暂无得分记录
2569,28751,FLL-E 28751,Piedmont ,Piedmont Makers,2,FIRST LEGO League: Explore,pending_fingerprinting,1,False,1/2 screened,1,2,False,1/2 complete,1,2,1,1,0,missing,False,1,0,False,Below minimum: 0/2 required,0,2,True,,False,False,none,0,[],/static/images/program_logos/fll_explore_logo.png,/static/images/season_logos/2026_fll_explore.png,False,,0,0,,,,0,0,False,Rookie (新队伍),暂无得分记录
2570,28752,FLL-E 28752,Piedmont,Piedmont Makers,2,FIRST LEGO League: Explore,waiting_invites,1,False,1/2 screened,1,2,False,0/2 complete,0,2,0,0,0,missing,False,1,1,False,Below minimum: 0/2 required,0,2,True,,False,False,none,0,[],/static/images/program_logos/fll_explore_logo.png,/static/images/season_logos/2026_fll_explore.png,False,,0,0,,,,0,0,False,Rookie (新队伍),暂无得分记录
2571,28753,FLL-E 28753,Piedmont,Piedmont Makers,2,FIRST LEGO League: Explore,waiting_invites,2,False,1/2 screened,1,2,False,1/2 complete,1,2,1,1,1,missing,True,2,2,False,Below minimum: 0/2 required,0,2,True,,False,False,none,0,[],/static/images/program_logos/fll_explore_logo.png,/static/images/season_logos/2026_fll_explore.png,False,,0,0,,,,0,0,False,Rookie (新队伍),暂无得分记录
2572,28754,FLL-E 28754,Piedmont,Piedmont Makers,2,FIRST LEGO League: Explore,waiting_invites,2,True,2/2 screened,2,2,False,0/2 complete,0,2,0,0,0,missing,True,2,2,False,Below minimum: 0/2 required,0,2,True,,False,False,none,0,[],/static/images/program_logos/fll_explore_logo.png,/static/images/season_logos/2026_fll_explore.png,False,,0,0,,,,0,0,False,Rookie (新队伍),暂无得分记录
2573,28755,FLL-E 28755,Piedmont,Piedmont Makers,2,FIRST LEGO League: Explore,waiting_invites,1,False,1/2 screened,1,2,False,0/2 complete,0,2,1,0,0,missing,False,1,1,False,Below minimum: 0/2 required,0,2,True,,False,False,none,0,[],/static/images/program_logos/fll_explore_logo.png,/static/images/season_logos/2026_fll_explore.png,False,,0,0,,,,0,0,False,Rookie (新队伍),暂无得分记录
2574,28756,FLL-E 28756,Piedmont,Piedmont Makers,2,FIRST LEGO League: Explore,pending_fingerprinting,0,False,0/2 screened,0,2,False,0/2 complete,0,2,0,0,0,unknown,False,0,0,False,Below minimum: 0/2 required,0,2,True,,False,False,none,0,[],/static/images/program_logos/fll_explore_logo.png,/static/images/season_logos/2026_fll_explore.png,False,,0,0,,,,0,0,False,Rookie (新队伍),暂无得分记录
2575,28757,FLL-E 28757,Piedmont,Piedmont Makers,2,FIRST LEGO League: Explore,waiting_invites,2,False,1/2 screened,1,2,False,0/2 complete,0,2,0,0,0,missing,True,2,2,False,Below minimum: 0/2 required,0,2,True,,False,False,none,0,[],/static/images/program_logos/fll_explore_logo.png,/static/images/season_logos/2026_fll_explore.png,False,,0,0,,,,0,0,False,Rookie (新队伍),暂无得分记录
2679,29151,Tiger Robotics 3,San Francisco,Town School for Boys,1,FIRST LEGO League: Challenge,good,2,True,2/2 screened,2,2,True,2/2 complete,2,2,2,2,2,complete,True,2,0,True,,8,8,True,,True,True,none,0,[],/static/images/program_logos/fll_challenge_logo.png,/static/images/season_logos/2026_fll_challenge.png,True,Tiger Robotics 7,3,3,155.0,155.0,14,0,0,False,Veteran (老牌强队),<300 (入门发展)
2576,29345,Team Explore - Oak 2026,Los Altos,Oak Avenue Elementary School,2,FIRST LEGO League: Explore,pending_fingerprinting,1,False,1/2 screened,1,2,False,1/2 complete,1,2,1,1,1,unknown,False,1,0,False,Below minimum: 0/2 required,0,2,True,,False,False,none,0,[],/static/images/program_logos/fll_explore_logo.png,/static/images/season_logos/2026_fll_explore.png,True,Team Oak 2023,1,1,,,,0,0,False,Experienced (有参赛经验),暂无得分记录
3049,29462,LegoLove,Mountain View,Family/Community,2,FIRST LEGO League: Explore,pending_fingerprinting,2,False,0/2 screened,0,2,False,1/2 complete,1,2,1,2,0,missing,True,2,0,False,Below minimum: 0/2 required,0,2,True,,False,False,none,0,[],/static/images/program_logos/fll_explore_logo.png,/static/images/season_logos/2026_fll_explore.png,False,,0,0,,,,0,0,False,Rookie (新队伍),暂无得分记录
2680,30515,FLL-C 30515,Piedmont,Piedmont Makers,1,FIRST LEGO League: Challenge,pending_fingerprinting,2,True,2/2 screened,2,2,False,1/2 complete,1,2,2,1,2,complete,True,2,0,True,,7,7,True,,True,True,none,0,[],/static/images/program_logos/fll_challenge_logo.png,/static/images/season_logos/2026_fll_challenge.png,True,Rockin Robos,2,1,350.0,350.0,11,1,1,True,Veteran (老牌强队),300-399 (中坚晋级)
2681,30516,FLL-C 30516,Piedmont,Piedmont Makers,1,FIRST LEGO League: Challenge,waiting_invites,1,False,0/2 screened,0,2,False,0/2 complete,0,2,0,0,0,missing,False,1,1,False,Below minimum: 0/2 required,0,2,False,Jotform pending,True,False,none,0,[],/static/images/program_logos/fll_challenge_logo.png,/static/images/season_logos/2026_fll_challenge.png,True,Cheerios FLL-C 30516 / Cheerios,3,3,350.0,290.0,3,0,0,False,Veteran (老牌强队),300-399 (中坚晋级)
2682,30517,FLL-C 30517,Piedmont,Piedmont Makers,1,FIRST LEGO League: Challenge,waiting_invites,2,False,1/2 screened,1,2,False,0/2 complete,0,2,1,0,0,missing,True,2,2,False,Below minimum: 0/2 required,0,2,False,Jotform pending,True,False,none,0,[],/static/images/program_logos/fll_challenge_logo.png,/static/images/season_logos/2026_fll_challenge.png,True,Ice Cream Sundays FLL-C 30517 / Ice Cream Sundays,4,2,325.0,295.0,3,1,2,True,Veteran (老牌强队),300-399 (中坚晋级)
2683,30518,FLL-C 30518,Piedmont,Piedmont Makers,1,FIRST LEGO League: Challenge,pending_fingerprinting,0,False,0/2 screened,0,2,False,0/2 complete,0,2,0,0,0,unknown,False,0,0,False,Below minimum: 0/2 required,0,2,False,Jotform pending,True,False,none,0,[],/static/images/program_logos/fll_challenge_logo.png,/static/images/season_logos/2026_fll_challenge.png,True,Marine Manatees (#30518) / RoboSapiens,2,2,195.0,195.0,7,0,0,False,Veteran (老牌强队),<300 (入门发展)
2874,30862,Neon Nature,Union City,Code Ninjas,2,FIRST LEGO League: Explore,waiting_members,2,True,2/2 screened,2,2,True,2/2 complete,2,2,2,2,0,missing,True,2,0,False,Below minimum: 1/2 required,1,2,True,,False,False,none,0,[],/static/images/program_logos/fll_explore_logo.png,/static/images/season_logos/2026_fll_explore.png,False,,0,0,,,,0,0,False,Rookie (新队伍),暂无得分记录
2577,31269,Lego Panthers,Oakland,"Piedmont Makers, School of the Madeleine",2,FIRST LEGO League: Explore,waiting_invites,1,False,0/2 screened,0,2,False,0/2 complete,0,2,0,0,0,missing,False,1,1,False,Below minimum: 0/2 required,0,2,True,,False,False,none,0,[],/static/images/program_logos/fll_explore_logo.png,/static/images/season_logos/2026_fll_explore.png,False,,0,0,,,,0,0,False,Rookie (新队伍),暂无得分记录
2578,31287,FLL-E 31287,Oakland,Piedmont Makers,2,FIRST LEGO League: Explore,pending_fingerprinting,0,False,0/2 screened,0,2,False,0/2 complete,0,2,0,0,0,unknown,False,0,0,False,Below minimum: 0/2 required,0,2,True,,False,False,none,0,[],/static/images/program_logos/fll_explore_logo.png,/static/images/season_logos/2026_fll_explore.png,False,,0,0,,,,0,0,False,Rookie (新队伍),暂无得分记录
2579,31288,FLL-E 31288,Oakland,,2,FIRST LEGO League: Explore,waiting_invites,2,True,2/2 screened,2,2,False,0/2 complete,0,2,0,1,0,missing,True,2,2,False,Below minimum: 0/2 required,0,2,True,,False,False,none,0,[],/static/images/program_logos/fll_explore_logo.png,/static/images/season_logos/2026_fll_explore.png,False,,0,0,,,,0,0,False,Rookie (新队伍),暂无得分记录
2580,31289,FLL-E 31289,Oakland,Piedmont Makers,2,FIRST LEGO League: Explore,waiting_invites,1,False,1/2 screened,1,2,False,0/2 complete,0,2,0,0,0,missing,False,1,1,False,Below minimum: 0/2 required,0,2,True,,False,False,none,0,[],/static/images/program_logos/fll_explore_logo.png,/static/images/season_logos/2026_fll_explore.png,False,,0,0,,,,0,0,False,Rookie (新队伍),暂无得分记录
2581,31290,FLL-E 31290,Oakland,Piedmont Makers,2,FIRST LEGO League: Explore,waiting_invites,1,False,0/2 screened,0,2,False,0/2 complete,0,2,0,0,0,missing,False,1,1,False,Below minimum: 0/2 required,0,2,True,,False,False,none,0,[],/static/images/program_logos/fll_explore_logo.png,/static/images/season_logos/2026_fll_explore.png,False,,0,0,,,,0,0,False,Rookie (新队伍),暂无得分记录
2684,31290,The Chartwell Bulldogs ,Seaside,Chartwell School,1,FIRST LEGO League: Challenge,pending_fingerprinting,2,False,1/2 screened,1,2,False,1/2 complete,1,2,1,1,1,unknown,True,2,0,False,Below minimum: 0/2 required,0,2,False,Jotform pending,True,False,none,0,[],/static/images/program_logos/fll_challenge_logo.png,/static/images/season_logos/2026_fll_challenge.png,False,,0,0,,,,0,0,False,Rookie (新队伍),暂无得分记录
2582,31291,FLL-E 31291,Oakland,Piedmont Makers,2,FIRST LEGO League: Explore,pending_fingerprinting,1,False,1/2 screened,1,2,False,0/2 complete,0,2,0,0,0,missing,False,1,0,False,Below minimum: 0/2 required,0,2,True,,False,False,none,0,[],/static/images/program_logos/fll_explore_logo.png,/static/images/season_logos/2026_fll_explore.png,False,,0,0,,,,0,0,False,Rookie (新队伍),暂无得分记录
2583,31292,FLL-E 31292,Oakland,Piedmont Makers,2,FIRST LEGO League: Explore,waiting_invites,1,False,0/2 screened,0,2,False,0/2 complete,0,2,0,0,0,missing,False,1,1,False,Below minimum: 0/2 required,0,2,True,,False,False,none,0,[],/static/images/program_logos/fll_explore_logo.png,/static/images/season_logos/2026_fll_explore.png,False,,0,0,,,,0,0,False,Rookie (新队伍),暂无得分记录
2584,31293,FLL-E 31293,Oakland,Piedmont Makers,2,FIRST LEGO League: Explore,waiting_invites,2,False,1/2 screened,1,2,False,0/2 complete,0,2,0,0,0,missing,True,2,2,False,Below minimum: 0/2 required,0,2,True,,False,False,none,0,[],/static/images/program_logos/fll_explore_logo.png,/static/images/season_logos/2026_fll_explore.png,False,,0,0,,,,0,0,False,Rookie (新队伍),暂无得分记录
2585,31350,FLL-E 31350,Oakland,Piedmont Makers,2,FIRST LEGO League: Explore,waiting_invites,2,False,1/2 screened,1,2,False,0/2 complete,0,2,0,0,0,missing,True,2,2,False,Below minimum: 0/2 required,0,2,True,,False,False,none,0,[],/static/images/program_logos/fll_explore_logo.png,/static/images/season_logos/2026_fll_explore.png,False,,0,0,,,,0,0,False,Rookie (新队伍),暂无得分记录
2586,31740,Yetibots,Fremont,Family/Community,2,FIRST LEGO League: Explore,pending_fingerprinting,2,True,2/2 screened,2,2,False,1/2 complete,1,2,1,1,2,complete,True,2,0,True,,6,6,True,,False,False,none,0,[],/static/images/program_logos/fll_explore_logo.png,/static/images/season_logos/2026_fll_explore.png,True,Junior RoboRangers,2,2,,,,0,0,False,Veteran (老牌强队),暂无得分记录
2587,31749,FLL-E 31749,Oakland,Piedmont Makers,2,FIRST LEGO League: Explore,pending_fingerprinting,1,False,1/2 screened,1,2,False,1/2 complete,1,2,1,1,0,missing,False,1,0,False,Below minimum: 0/2 required,0,2,True,,False,False,none,0,[],/static/images/program_logos/fll_explore_logo.png,/static/images/season_logos/2026_fll_explore.png,False,,0,0,,,,0,0,False,Rookie (新队伍),暂无得分记录
2588,31889,FLL-E 31889,Oakland,Piedmont Makers,2,FIRST LEGO League: Explore,waiting_invites,1,False,1/2 screened,1,2,False,0/2 complete,0,2,0,0,0,missing,False,1,1,False,Below minimum: 0/2 required,0,2,True,,False,False,none,0,[],/static/images/program_logos/fll_explore_logo.png,/static/images/season_logos/2026_fll_explore.png,False,,0,0,,,,0,0,False,Rookie (新队伍),暂无得分记录
2589,31971,FLL-E 31971,Oakland,Piedmont Makers,2,FIRST LEGO League: Explore,waiting_invites,2,False,0/2 screened,0,2,False,0/2 complete,0,2,0,0,0,missing,True,2,2,False,Below minimum: 0/2 required,0,2,True,,False,False,none,0,[],/static/images/program_logos/fll_explore_logo.png,/static/images/season_logos/2026_fll_explore.png,False,,0,0,,,,0,0,False,Rookie (新队伍),暂无得分记录
2590,32032,FLL-E 32032,Oakland,Piedmont Makers,2,FIRST LEGO League: Explore,waiting_invites,1,False,0/2 screened,0,2,False,0/2 complete,0,2,0,0,0,missing,False,1,1,False,Below minimum: 0/2 required,0,2,True,,False,False,none,0,[],/static/images/program_logos/fll_explore_logo.png,/static/images/season_logos/2026_fll_explore.png,False,,0,0,,,,0,0,False,Rookie (新队伍),暂无得分记录
2983,33079,Golden Retrievers,Hercules,Ohlone Elementary,2,FIRST LEGO League: Explore,pending_national_screening,2,False,0/2 screened,0,2,True,2/2 complete,2,2,2,2,0,missing,True,2,0,False,Below minimum: 0/2 required,0,2,True,,False,False,none,0,[],/static/images/program_logos/fll_explore_logo.png,/static/images/season_logos/2026_fll_explore.png,True,Mystical Hotdogs,2,2,,,,0,0,False,Veteran (老牌强队),暂无得分记录
2984,33080,Kangaroo Rats,Hercules,Ohlone Elementary,2,FIRST LEGO League: Explore,pending_national_screening,2,False,0/2 screened,0,2,True,2/2 complete,2,2,2,2,0,missing,True,2,0,False,Below minimum: 0/2 required,0,2,True,,False,False,none,0,[],/static/images/program_logos/fll_explore_logo.png,/static/images/season_logos/2026_fll_explore.png,True,Banana Fishes,2,2,,,,0,0,False,Veteran (老牌强队),暂无得分记录
2875,33081,The 7 Hedgehogs,Hercules,Ohlone Elementary,2,FIRST LEGO League: Explore,pending_national_screening,2,False,0/2 screened,0,2,True,2/2 complete,2,2,2,2,0,missing,True,2,0,False,Below minimum: 0/2 required,0,2,True,,False,False,none,0,[],/static/images/program_logos/fll_explore_logo.png,/static/images/season_logos/2026_fll_explore.png,True,Lego Bubble Bots,2,2,,,,0,0,False,Veteran (老牌强队),暂无得分记录
2876,33557,Serendipitous,Belmont,Serendipity School,2,FIRST LEGO League: Explore,waiting_members,2,True,2/2 screened,2,2,True,2/2 complete,2,2,2,2,1,missing,True,2,0,False,Below minimum: 0/2 required,0,2,True,,False,False,none,0,[],/static/images/program_logos/fll_explore_logo.png,/static/images/season_logos/2026_fll_explore.png,True,,2,2,,,,0,0,False,Veteran (老牌强队),暂无得分记录
2591,34023,100 People,Sunnyvale,Family/Community,2,FIRST LEGO League: Explore,good,2,True,2/2 screened,2,2,True,2/2 complete,2,2,2,2,0,missing,True,2,0,True,,3,3,True,,False,False,none,0,[],/static/images/program_logos/fll_explore_logo.png,/static/images/season_logos/2026_fll_explore.png,True,,1,1,,,,0,0,False,Experienced (有参赛经验),暂无得分记录
2592,34042,Six Lego Demon Maniacs (FLL#34042),Folsom,Family/Community,2,FIRST LEGO League: Explore,good,2,True,2/2 screened,2,2,True,2/2 complete,2,2,2,2,2,complete,True,2,0,True,,5,5,True,,False,False,none,0,[],/static/images/program_logos/fll_explore_logo.png,/static/images/season_logos/2026_fll_explore.png,True,,1,1,,,,0,0,False,Experienced (有参赛经验),暂无得分记录
2877,34047,Team W.H.A.L.E.,El Cerrito,Family/Community,2,FIRST LEGO League: Explore,good,2,True,2/2 screened,2,2,True,2/2 complete,2,2,2,2,0,missing,True,2,0,True,,5,5,True,,False,False,none,0,[],/static/images/program_logos/fll_explore_logo.png,/static/images/season_logos/2026_fll_explore.png,True,,1,1,,,,0,0,False,Experienced (有参赛经验),暂无得分记录
2593,34091,FLL-E 34091,Oakland,Piedmont Makers,2,FIRST LEGO League: Explore,pending_fingerprinting,0,False,0/2 screened,0,2,False,0/2 complete,0,2,0,0,0,unknown,False,0,0,False,Below minimum: 0/2 required,0,2,True,,False,False,none,0,[],/static/images/program_logos/fll_explore_logo.png,/static/images/season_logos/2026_fll_explore.png,False,,0,0,,,,0,0,False,Rookie (新队伍),暂无得分记录
2594,34092,FLL-E 34092,Oakland,Piedmont Makers,2,FIRST LEGO League: Explore,waiting_invites,2,True,2/2 screened,2,2,False,0/2 complete,0,2,0,0,0,missing,True,2,2,False,Below minimum: 0/2 required,0,2,True,,False,False,none,0,[],/static/images/program_logos/fll_explore_logo.png,/static/images/season_logos/2026_fll_explore.png,False,,0,0,,,,0,0,False,Rookie (新队伍),暂无得分记录
2595,34093,FLL-E 34093,Oakland,Piedmont Makers,2,FIRST LEGO League: Explore,pending_fingerprinting,1,False,1/2 screened,1,2,False,0/2 complete,0,2,0,0,1,unknown,False,1,0,False,Below minimum: 0/2 required,0,2,True,,False,False,none,0,[],/static/images/program_logos/fll_explore_logo.png,/static/images/season_logos/2026_fll_explore.png,False,,0,0,,,,0,0,False,Rookie (新队伍),暂无得分记录
2596,34094,FLL-E 34094,Oakland,Piedmont Makers,2,FIRST LEGO League: Explore,pending_fingerprinting,1,False,1/2 screened,1,2,False,0/2 complete,0,2,1,0,1,unknown,False,1,0,False,Below minimum: 0/2 required,0,2,True,,False,False,none,0,[],/static/images/program_logos/fll_explore_logo.png,/static/images/season_logos/2026_fll_explore.png,False,,0,0,,,,0,0,False,Rookie (新队伍),暂无得分记录
2597,34152,FLL-E 34152,Oakland,Havens Elementary,2,FIRST LEGO League: Explore,waiting_invites,2,True,2/2 screened,2,2,False,0/2 complete,0,2,0,0,0,missing,True,2,2,False,Below minimum: 0/2 required,0,2,True,,False,False,none,0,[],/static/images/program_logos/fll_explore_logo.png,/static/images/season_logos/2026_fll_explore.png,False,,0,0,,,,0,0,False,Rookie (新队伍),暂无得分记录
2598,34153,FLL-E 34153,Oakland,Piedmont Makers,2,FIRST LEGO League: Explore,waiting_invites,2,True,2/2 screened,2,2,False,0/2 complete,0,2,1,0,0,missing,True,2,2,False,Below minimum: 0/2 required,0,2,True,,False,False,none,0,[],/static/images/program_logos/fll_explore_logo.png,/static/images/season_logos/2026_fll_explore.png,False,,0,0,,,,0,0,False,Rookie (新队伍),暂无得分记录
2599,34167,FLL-E 34167 ,Oakland,Piedmont Makers,2,FIRST LEGO League: Explore,waiting_invites,1,False,1/2 screened,1,2,False,0/2 complete,0,2,0,0,0,missing,False,1,1,False,Below minimum: 0/2 required,0,2,True,,False,False,none,0,[],/static/images/program_logos/fll_explore_logo.png,/static/images/season_logos/2026_fll_explore.png,False,,0,0,,,,0,0,False,Rookie (新队伍),暂无得分记录
2600,34198,Shadow Hunters,Castro Valley,"Proctor Elementary, Family/Community",2,FIRST LEGO League: Explore,waiting_invites,2,True,2/2 screened,2,2,False,1/2 complete,1,2,2,1,1,missing,True,2,1,True,,2,2,True,,False,False,none,0,[],/static/images/program_logos/fll_explore_logo.png,/static/images/season_logos/2026_fll_explore.png,False,,0,0,,,,0,0,False,Rookie (新队伍),暂无得分记录
2601,34223,FLL-E 34223,Oakland,Piedmont Makers,2,FIRST LEGO League: Explore,waiting_invites,2,False,0/2 screened,0,2,False,0/2 complete,0,2,0,0,0,missing,True,2,2,False,Below minimum: 0/2 required,0,2,True,,False,False,none,0,[],/static/images/program_logos/fll_explore_logo.png,/static/images/season_logos/2026_fll_explore.png,False,,0,0,,,,0,0,False,Rookie (新队伍),暂无得分记录
2602,34224,FLL-E 34224,Oakland,"Piedmont Makers, Alta Vista School",2,FIRST LEGO League: Explore,waiting_invites,2,True,2/2 screened,2,2,False,1/2 complete,1,2,1,1,0,missing,True,2,2,False,Below minimum: 0/2 required,0,2,True,,False,False,none,0,[],/static/images/program_logos/fll_explore_logo.png,/static/images/season_logos/2026_fll_explore.png,False,,0,0,,,,0,0,False,Rookie (新队伍),暂无得分记录
2603,34269,FLL-E 34269,Oakland,"Piedmont Makers, Redwood Day School",2,FIRST LEGO League: Explore,waiting_invites,2,False,1/2 screened,1,2,False,0/2 complete,0,2,1,0,0,missing,True,2,2,False,Below minimum: 0/2 required,0,2,True,,False,False,none,0,[],/static/images/program_logos/fll_explore_logo.png,/static/images/season_logos/2026_fll_explore.png,False,,0,0,,,,0,0,False,Rookie (新队伍),暂无得分记录
2878,34418,Incredibots,El Dorado Hills,Family/Community,2,FIRST LEGO League: Explore,pending_national_screening,2,False,1/2 screened,1,2,True,2/2 complete,2,2,2,2,1,missing,True,2,0,False,Below minimum: 0/2 required,0,2,True,,False,False,none,0,[],/static/images/program_logos/fll_explore_logo.png,/static/images/season_logos/2026_fll_explore.png,True,,1,1,,,,0,0,False,Experienced (有参赛经验),暂无得分记录
2604,34974,FLL-E 34974,Oakland,Piedmont Makers,2,FIRST LEGO League: Explore,pending_fingerprinting,0,False,0/2 screened,0,2,False,0/2 complete,0,2,0,0,0,unknown,False,0,0,False,Below minimum: 0/2 required,0,2,True,,False,False,none,0,[],/static/images/program_logos/fll_explore_logo.png,/static/images/season_logos/2026_fll_explore.png,False,,0,0,,,,0,0,False,Rookie (新队伍),暂无得分记录
2605,35041,Friendly Building Investigators,Dublin,Family/Community,2,FIRST LEGO League: Explore,waiting_members,2,True,2/2 screened,2,2,True,2/2 complete,2,2,2,2,1,missing,True,2,0,False,Below minimum: 1/2 required,1,2,True,,False,False,none,0,[],/static/images/program_logos/fll_explore_logo.png,/static/images/season_logos/2026_fll_explore.png,True,Robo Explorers,1,1,,,,0,0,False,Experienced (有参赛经验),暂无得分记录
2506,36385,Wild Coyote Builders,Sacramento,Family/Community,2,FIRST LEGO League: Explore,waiting_invites,2,True,2/2 screened,2,2,False,1/2 complete,1,2,2,1,0,missing,True,2,1,True,,3,3,True,,False,False,none,0,[],/static/images/program_logos/fll_explore_logo.png,/static/images/season_logos/2026_fll_explore.png,False,,0,0,,,,0,0,False,Rookie (新队伍),暂无得分记录
2507,36464,Tech Titans,Fremont,Family/Community,2,FIRST LEGO League: Explore,waiting_invites,2,False,1/2 screened,1,2,True,2/2 complete,2,2,2,2,2,complete,True,2,1,False,Below minimum: 0/2 required,0,2,True,,False,False,none,0,[],/static/images/program_logos/fll_explore_logo.png,/static/images/season_logos/2026_fll_explore.png,False,,0,0,,,,0,0,False,Rookie (新队伍),暂无得分记录
2508,36473,The Kitty Cats FLL-E 36743,Oakland,Piedmont Makers,2,FIRST LEGO League: Explore,waiting_invites,1,False,0/2 screened,0,2,False,0/2 complete,0,2,0,0,0,missing,False,1,1,False,Below minimum: 0/2 required,0,2,True,,False,False,none,0,[],/static/images/program_logos/fll_explore_logo.png,/static/images/season_logos/2026_fll_explore.png,False,,0,0,,,,0,0,False,Rookie (新队伍),暂无得分记录
2509,36475,FLL-E 36475,Oakland,Piedmont Makers,2,FIRST LEGO League: Explore,waiting_invites,2,True,2/2 screened,2,2,False,0/2 complete,0,2,0,0,0,missing,True,2,2,False,Below minimum: 0/2 required,0,2,True,,False,False,none,0,[],/static/images/program_logos/fll_explore_logo.png,/static/images/season_logos/2026_fll_explore.png,False,,0,0,,,,0,0,False,Rookie (新队伍),暂无得分记录
2510,36476,FLL-E 36746,Oakland,Piedmont Makers,2,FIRST LEGO League: Explore,waiting_invites,1,False,0/2 screened,0,2,False,0/2 complete,0,2,0,0,0,missing,False,1,1,False,Below minimum: 0/2 required,0,2,True,,False,False,none,0,[],/static/images/program_logos/fll_explore_logo.png,/static/images/season_logos/2026_fll_explore.png,False,,0,0,,,,0,0,False,Rookie (新队伍),暂无得分记录
2511,36477,FLL-E 36477,Oakland,Piedmont Makers,2,FIRST LEGO League: Explore,waiting_invites,2,False,1/2 screened,1,2,False,0/2 complete,0,2,0,0,0,missing,True,2,2,False,Below minimum: 0/2 required,0,2,True,,False,False,none,0,[],/static/images/program_logos/fll_explore_logo.png,/static/images/season_logos/2026_fll_explore.png,False,,0,0,,,,0,0,False,Rookie (新队伍),暂无得分记录
2512,36478,FLL-E 36478,Piedmont,Piedmont Makers,2,FIRST LEGO League: Explore,waiting_invites,2,False,1/2 screened,1,2,False,0/2 complete,0,2,0,0,0,missing,True,2,2,False,Below minimum: 0/2 required,0,2,True,,False,False,none,0,[],/static/images/program_logos/fll_explore_logo.png,/static/images/season_logos/2026_fll_explore.png,False,,0,0,,,,0,0,False,Rookie (新队伍),暂无得分记录
2513,36479,FLL-E 36479,Oakland,Piedmont Makers,2,FIRST LEGO League: Explore,waiting_invites,2,False,1/2 screened,1,2,False,0/2 complete,0,2,0,0,0,missing,True,2,2,False,Below minimum: 0/2 required,0,2,True,,False,False,none,0,[],/static/images/program_logos/fll_explore_logo.png,/static/images/season_logos/2026_fll_explore.png,False,,0,0,,,,0,0,False,Rookie (新队伍),暂无得分记录
2514,36480,FLL-E 36480,Oakland,Beach Elementary,2,FIRST LEGO League: Explore,waiting_invites,2,True,2/2 screened,2,2,False,0/2 complete,0,2,0,0,0,missing,True,2,2,False,Below minimum: 0/2 required,0,2,True,,False,False,none,0,[],/static/images/program_logos/fll_explore_logo.png,/static/images/season_logos/2026_fll_explore.png,False,,0,0,,,,0,0,False,Rookie (新队伍),暂无得分记录
2515,36481,FLL-E 36481,Oakland,Piedmont Makers,2,FIRST LEGO League: Explore,waiting_invites,2,True,2/2 screened,2,2,False,0/2 complete,0,2,0,0,0,missing,True,2,2,False,Below minimum: 0/2 required,0,2,True,,False,False,none,0,[],/static/images/program_logos/fll_explore_logo.png,/static/images/season_logos/2026_fll_explore.png,False,,0,0,,,,0,0,False,Rookie (新队伍),暂无得分记录
2516,36483,FLL-E 36483,Oakland,Piedmont Makers,2,FIRST LEGO League: Explore,waiting_invites,2,False,1/2 screened,1,2,False,0/2 complete,0,2,0,0,0,missing,True,2,1,False,Below minimum: 0/2 required,0,2,True,,False,False,none,0,[],/static/images/program_logos/fll_explore_logo.png,/static/images/season_logos/2026_fll_explore.png,False,,0,0,,,,0,0,False,Rookie (新队伍),暂无得分记录
2517,36484,FLL-E 36484,Oakland,Piedmont Makers,2,FIRST LEGO League: Explore,waiting_invites,1,False,1/2 screened,1,2,False,0/2 complete,0,2,0,0,0,missing,False,1,1,False,Below minimum: 0/2 required,0,2,True,,False,False,none,0,[],/static/images/program_logos/fll_explore_logo.png,/static/images/season_logos/2026_fll_explore.png,False,,0,0,,,,0,0,False,Rookie (新队伍),暂无得分记录
2518,36485,FLL-E 36485,Oakland,"Piedmont Makers, Head Royce School",2,FIRST LEGO League: Explore,waiting_invites,2,False,1/2 screened,1,2,False,0/2 complete,0,2,0,0,0,missing,True,2,2,False,Below minimum: 0/2 required,0,2,True,,False,False,none,0,[],/static/images/program_logos/fll_explore_logo.png,/static/images/season_logos/2026_fll_explore.png,False,,0,0,,,,0,0,False,Rookie (新队伍),暂无得分记录
2519,36486,FLL-E 36486,Oakland,Piedmont Makers,2,FIRST LEGO League: Explore,waiting_invites,2,True,2/2 screened,2,2,False,0/2 complete,0,2,0,0,0,missing,True,2,2,False,Below minimum: 0/2 required,0,2,True,,False,False,none,0,[],/static/images/program_logos/fll_explore_logo.png,/static/images/season_logos/2026_fll_explore.png,False,,0,0,,,,0,0,False,Rookie (新队伍),暂无得分记录
2520,36487,FLL-E 36487,Oakland,Piedmont Makers,2,FIRST LEGO League: Explore,waiting_invites,1,False,0/2 screened,0,2,False,0/2 complete,0,2,0,0,0,missing,False,1,1,False,Below minimum: 0/2 required,0,2,True,,False,False,none,0,[],/static/images/program_logos/fll_explore_logo.png,/static/images/season_logos/2026_fll_explore.png,False,,0,0,,,,0,0,False,Rookie (新队伍),暂无得分记录
2521,36488,FLL-E 36488,Oakland,Piedmont Makers,2,FIRST LEGO League: Explore,pending_fingerprinting,0,False,0/2 screened,0,2,False,0/2 complete,0,2,0,0,0,unknown,False,0,0,False,Below minimum: 0/2 required,0,2,True,,False,False,none,0,[],/static/images/program_logos/fll_explore_logo.png,/static/images/season_logos/2026_fll_explore.png,False,,0,0,,,,0,0,False,Rookie (新队伍),暂无得分记录
2522,36489,FLL-E 36489,Oakland,Piedmont Makers,2,FIRST LEGO League: Explore,waiting_invites,1,False,1/2 screened,1,2,False,0/2 complete,0,2,0,0,0,missing,False,1,1,False,Below minimum: 0/2 required,0,2,True,,False,False,none,0,[],/static/images/program_logos/fll_explore_logo.png,/static/images/season_logos/2026_fll_explore.png,False,,0,0,,,,0,0,False,Rookie (新队伍),暂无得分记录
2523,36490,FLL-E 36490,Oakland,Piedmont Makers,2,FIRST LEGO League: Explore,waiting_invites,2,False,0/2 screened,0,2,False,0/2 complete,0,2,0,0,0,missing,True,2,2,False,Below minimum: 0/2 required,0,2,True,,False,False,none,0,[],/static/images/program_logos/fll_explore_logo.png,/static/images/season_logos/2026_fll_explore.png,False,,0,0,,,,0,0,False,Rookie (新队伍),暂无得分记录
2524,36491,FLL-E 36491,Oakland,Piedmont Makers,2,FIRST LEGO League: Explore,waiting_invites,2,True,2/2 screened,2,2,False,0/2 complete,0,2,0,0,0,missing,True,2,2,False,Below minimum: 0/2 required,0,2,True,,False,False,none,0,[],/static/images/program_logos/fll_explore_logo.png,/static/images/season_logos/2026_fll_explore.png,False,,0,0,,,,0,0,False,Rookie (新队伍),暂无得分记录
2525,36492,FLL-E 36492,Oakland,Piedmont Makers,2,FIRST LEGO League: Explore,waiting_invites,2,False,0/2 screened,0,2,False,0/2 complete,0,2,0,0,0,missing,True,2,2,False,Below minimum: 0/2 required,0,2,True,,False,False,none,0,[],/static/images/program_logos/fll_explore_logo.png,/static/images/season_logos/2026_fll_explore.png,False,,0,0,,,,0,0,False,Rookie (新队伍),暂无得分记录
2526,36493,FLL-E 36493,Oakland,Piedmont Makers,2,FIRST LEGO League: Explore,pending_fingerprinting,0,False,0/2 screened,0,2,False,0/2 complete,0,2,0,0,0,unknown,False,0,0,False,Below minimum: 0/2 required,0,2,True,,False,False,none,0,[],/static/images/program_logos/fll_explore_logo.png,/static/images/season_logos/2026_fll_explore.png,False,,0,0,,,,0,0,False,Rookie (新队伍),暂无得分记录
2527,36494,FLL-E 36494,Oakland,Piedmont Makers,2,FIRST LEGO League: Explore,waiting_invites,1,False,1/2 screened,1,2,False,0/2 complete,0,2,0,0,0,missing,False,1,1,False,Below minimum: 0/2 required,0,2,True,,False,False,none,0,[],/static/images/program_logos/fll_explore_logo.png,/static/images/season_logos/2026_fll_explore.png,False,,0,0,,,,0,0,False,Rookie (新队伍),暂无得分记录
2528,36495,FLL-E 36495,Oakland,Piedmont Makers,2,FIRST LEGO League: Explore,waiting_invites,2,False,1/2 screened,1,2,False,0/2 complete,0,2,0,0,0,missing,True,2,2,False,Below minimum: 0/2 required,0,2,True,,False,False,none,0,[],/static/images/program_logos/fll_explore_logo.png,/static/images/season_logos/2026_fll_explore.png,False,,0,0,,,,0,0,False,Rookie (新队伍),暂无得分记录
2869,36596,Glowing Fireflies,Fremont,Family/Community,2,FIRST LEGO League: Explore,waiting_invites,2,True,2/2 screened,2,2,False,1/2 complete,1,2,1,1,1,missing,True,2,1,False,Below minimum: 1/2 required,1,2,True,,False,False,none,0,[],/static/images/program_logos/fll_explore_logo.png,/static/images/season_logos/2026_fll_explore.png,False,,0,0,,,,0,0,False,Rookie (新队伍),暂无得分记录
2870,36703,Angry Leos,Folsom,Sandra J. Gallardo Elementary,2,FIRST LEGO League: Explore,pending_fingerprinting,3,False,1/2 screened,1,2,False,0/2 complete,0,2,0,0,0,missing,False,3,1,False,Below minimum: 0/2 required,0,2,True,,False,False,none,0,[],/static/images/program_logos/fll_explore_logo.png,/static/images/season_logos/2026_fll_explore.png,False,,0,0,,,,0,0,False,Rookie (新队伍),暂无得分记录
2529,36757,BioBots,Fremont,Family/Community,2,FIRST LEGO League: Explore,pending_fingerprinting,2,False,1/2 screened,1,2,False,1/2 complete,1,2,1,1,1,missing,True,2,0,False,Below minimum: 0/2 required,0,2,True,,False,False,none,0,[],/static/images/program_logos/fll_explore_logo.png,/static/images/season_logos/2026_fll_explore.png,False,,0,0,,,,0,0,False,Rookie (新队伍),暂无得分记录
2887,36810,Toucans,Walnut Creek,Family/Community,2,FIRST LEGO League: Explore,waiting_invites,2,False,1/2 screened,1,2,False,1/2 complete,1,2,1,1,1,missing,True,2,1,False,Below minimum: 0/2 required,0,2,True,,False,False,none,0,[],/static/images/program_logos/fll_explore_logo.png,/static/images/season_logos/2026_fll_explore.png,False,,0,0,,,,0,0,False,Rookie (新队伍),暂无得分记录
2871,36814,Rainforest Racers,Fremont,Family/Community,2,FIRST LEGO League: Explore,waiting_invites,2,True,2/2 screened,2,2,False,1/2 complete,1,2,1,2,2,complete,True,2,2,False,Below minimum: 0/2 required,0,2,True,,False,False,none,0,[],/static/images/program_logos/fll_explore_logo.png,/static/images/season_logos/2026_fll_explore.png,False,,0,0,,,,0,0,False,Rookie (新队伍),暂无得分记录
2872,36815,BrainyBots,Fremont,Family/Community,2,FIRST LEGO League: Explore,waiting_invites,2,True,2/2 screened,2,2,False,1/2 complete,1,2,1,1,0,missing,True,2,1,False,Below minimum: 0/2 required,0,2,True,,False,False,none,0,[],/static/images/program_logos/fll_explore_logo.png,/static/images/season_logos/2026_fll_explore.png,False,,0,0,,,,0,0,False,Rookie (新队伍),暂无得分记录
2873,36816,RAK4,Fremont,Family/Community,2,FIRST LEGO League: Explore,waiting_invites,2,True,2/2 screened,2,2,False,1/2 complete,1,2,1,1,1,missing,True,2,2,False,Below minimum: 0/2 required,0,2,True,,False,False,none,0,[],/static/images/program_logos/fll_explore_logo.png,/static/images/season_logos/2026_fll_explore.png,False,,0,0,,,,0,0,False,Rookie (新队伍),暂无得分记录
3047,36825,TBD,Santa Clara,Family/Community,2,FIRST LEGO League: Explore,pending_fingerprinting,1,False,1/2 screened,1,2,False,1/2 complete,1,2,1,1,0,missing,False,1,0,False,Below minimum: 0/2 required,0,2,True,,False,False,none,0,[],/static/images/program_logos/fll_explore_logo.png,/static/images/season_logos/2026_fll_explore.png,False,,0,0,,,,0,0,False,Rookie (新队伍),暂无得分记录
2980,36880,WarmSpringsFLL,Fremont,Family/Community,2,FIRST LEGO League: Explore,waiting_invites,2,True,2/2 screened,2,2,True,2/2 complete,2,2,2,2,2,complete,True,2,1,True,,4,4,True,,False,False,none,0,[],/static/images/program_logos/fll_explore_logo.png,/static/images/season_logos/2026_fll_explore.png,False,,0,0,,,,0,0,False,Rookie (新队伍),暂无得分记录
2999,36902,Team 5@McKinley ,Burlingame,Mckinley Elementary,2,FIRST LEGO League: Explore,pending_fingerprinting,1,False,1/2 screened,1,2,False,1/2 complete,1,2,1,1,0,missing,False,1,0,False,Below minimum: 0/2 required,0,2,True,,False,False,none,0,[],/static/images/program_logos/fll_explore_logo.png,/static/images/season_logos/2026_fll_explore.png,False,,0,0,,,,0,0,False,Rookie (新队伍),暂无得分记录
2981,36985,Electric Shock,Fremont,"Family/Community, Mission San Jose Elementary",2,FIRST LEGO League: Explore,pending_fingerprinting,1,False,1/2 screened,1,2,False,0/2 complete,0,2,0,0,0,missing,False,1,0,False,Below minimum: 0/2 required,0,2,True,,False,False,none,0,[],/static/images/program_logos/fll_explore_logo.png,/static/images/season_logos/2026_fll_explore.png,False,,0,0,,,,0,0,False,Rookie (新队伍),暂无得分记录
2982,37028,FLL Explore,Fremont,Code Ninjas,2,FIRST LEGO League: Explore,waiting_members,2,True,2/2 screened,2,2,True,2/2 complete,2,2,2,2,0,missing,True,2,0,False,Below minimum: 0/2 required,0,2,True,,False,False,none,0,[],/static/images/program_logos/fll_explore_logo.png,/static/images/season_logos/2026_fll_explore.png,False,,0,0,,,,0,0,False,Rookie (新队伍),暂无得分记录
3048,37156,Dumbledore's Robotics Army,Dublin,Quarry Lane School,2,FIRST LEGO League: Explore,pending_fingerprinting,1,False,0/2 screened,0,2,False,1/2 complete,1,2,1,1,0,missing,False,1,0,False,Below minimum: 0/2 required,0,2,True,,False,False,none,0,[],/static/images/program_logos/fll_explore_logo.png,/static/images/season_logos/2026_fll_explore.png,False,,0,0,,,,0,0,False,Rookie (新队伍),暂无得分记录
2685,37482,Moraga RoboRunners 37482,Piedmont,Piedmont Makers,1,FIRST LEGO League: Challenge,waiting_invites,2,False,1/2 screened,1,2,False,0/2 complete,0,2,0,0,0,missing,True,2,2,False,Below minimum: 0/2 required,0,2,False,Jotform pending,True,False,none,0,[],/static/images/program_logos/fll_challenge_logo.png,/static/images/season_logos/2026_fll_challenge.png,True,Team Brick 3.0 - 37482 / Team Brick 2.0,2,2,130.0,130.0,17,0,0,False,Veteran (老牌强队),<300 (入门发展)
2686,37483,FLL-C 37483,Piedmont,Piedmont Makers,1,FIRST LEGO League: Challenge,waiting_invites,1,False,1/2 screened,1,2,False,0/2 complete,0,2,0,0,0,missing,False,1,1,False,Below minimum: 0/2 required,0,2,False,Jotform pending,True,False,none,0,[],/static/images/program_logos/fll_challenge_logo.png,/static/images/season_logos/2026_fll_challenge.png,True,Freckles GPT,1,1,,,,0,0,False,Experienced (有参赛经验),暂无得分记录
2687,37484,Nope,Piedmont,Piedmont Makers,1,FIRST LEGO League: Challenge,waiting_members,2,True,2/2 screened,2,2,True,2/2 complete,2,2,2,2,1,missing,True,2,0,False,Below minimum: 0/2 required,0,2,False,Jotform pending,True,False,none,0,[],/static/images/program_logos/fll_challenge_logo.png,/static/images/season_logos/2026_fll_challenge.png,True,FLL-C 37484 / Artvarks,2,2,260.0,260.0,16,0,0,False,Veteran (老牌强队),<300 (入门发展)
2688,37485,FLL-C 37485,Piedmont,Piedmont Makers,1,FIRST LEGO League: Challenge,waiting_invites,2,False,1/2 screened,1,2,False,0/2 complete,0,2,0,0,0,missing,True,2,2,False,Below minimum: 0/2 required,0,2,False,Jotform pending,True,False,none,0,[],/static/images/program_logos/fll_challenge_logo.png,/static/images/season_logos/2026_fll_challenge.png,True,Morrison-Fisher,1,1,,,,0,0,False,Experienced (有参赛经验),暂无得分记录
2689,37486,FLL-C 37486,Piedmont,Piedmont Makers,1,FIRST LEGO League: Challenge,waiting_invites,2,False,0/2 screened,0,2,False,0/2 complete,0,2,0,0,0,missing,False,1,2,False,Below minimum: 0/2 required,0,2,False,Jotform pending,True,False,none,0,[],/static/images/program_logos/fll_challenge_logo.png,/static/images/season_logos/2026_fll_challenge.png,True,Cyber Kings,1,1,,,,0,0,False,Experienced (有参赛经验),暂无得分记录
2690,37487,FLL-C 37487,Piedmont,Piedmont Makers,1,FIRST LEGO League: Challenge,waiting_invites,2,False,1/2 screened,1,2,False,0/2 complete,0,2,0,1,0,missing,True,2,1,False,Below minimum: 0/2 required,0,2,False,Jotform pending,True,False,none,0,[],/static/images/program_logos/fll_challenge_logo.png,/static/images/season_logos/2026_fll_challenge.png,True,Bunny Bots,1,1,,,,0,0,False,Experienced (有参赛经验),暂无得分记录
2691,37488,FLL-C 37488,Piedmont,Piedmont Makers,1,FIRST LEGO League: Challenge,waiting_invites,1,False,0/2 screened,0,2,False,0/2 complete,0,2,0,0,0,missing,False,1,1,False,Below minimum: 0/2 required,0,2,False,Jotform pending,True,False,none,0,[],/static/images/program_logos/fll_challenge_logo.png,/static/images/season_logos/2026_fll_challenge.png,True,Jason Short,1,1,,,,0,0,False,Experienced (有参赛经验),暂无得分记录
2692,37489,FLL-C 37489,Piedmont,Piedmont Makers,1,FIRST LEGO League: Challenge,pending_national_screening,2,False,0/2 screened,0,2,True,2/2 complete,2,2,2,2,0,missing,True,2,0,False,Below minimum: 0/2 required,0,2,False,Jotform pending,True,False,none,0,[],/static/images/program_logos/fll_challenge_logo.png,/static/images/season_logos/2026_fll_challenge.png,True,Human Joulez,4,2,225.0,213.3,11,1,2,True,Veteran (老牌强队),<300 (入门发展)
2693,37811,Owls,Danville,Athenian School,1,FIRST LEGO League: Challenge,good,2,True,2/2 screened,2,2,True,2/2 complete,2,2,2,2,2,complete,True,2,0,True,,3,3,True,,True,True,none,1,"[{""id"": 302, ""name"": ""NorCal FLL Challenge BIOGLOW QT – The Dorris-Eaton School, San Ramon"", ""date"": ""2026-11-07T16:00:00Z"", ""timezone"": ""America/Los_Angeles"", ""website_uri"": ""https://mylumi.playingatlearning.org/en/event/302/"", ""level_name"": ""NorCal FLL Founders Edition 2026 Event Level""}]",/static/images/program_logos/fll_challenge_logo.png,/static/images/season_logos/2026_fll_challenge.png,True,OwOls,3,3,135.0,135.0,17,0,0,False,Veteran (老牌强队),<300 (入门发展)
3001,38103,Astrobots,Sacramento,Family/Community,1,FIRST LEGO League: Challenge,waiting_invites,2,False,0/2 screened,0,2,False,0/2 complete,0,2,0,0,0,missing,True,2,2,False,Below minimum: 0/2 required,0,2,False,Jotform pending,True,False,none,0,[],/static/images/program_logos/fll_challenge_logo.png,/static/images/season_logos/2026_fll_challenge.png,True,,2,1,305.0,305.0,24,0,1,True,Veteran (老牌强队),300-399 (中坚晋级)
2966,39742,The Legos,Dublin,Quarry Lane School,1,FIRST LEGO League: Challenge,waiting_invites,3,False,1/2 screened,1,2,False,1/2 complete,1,2,1,1,1,missing,False,3,1,False,Below minimum: 0/2 required,0,2,False,Jotform pending,True,False,none,0,[],/static/images/program_logos/fll_challenge_logo.png,/static/images/season_logos/2026_fll_challenge.png,True,QLS MiniBytes,2,2,205.0,205.0,8,0,0,False,Veteran (老牌强队),<300 (入门发展)
2694,40997,Denman Robotics,San Francisco,James Denman Middle School,1,FIRST LEGO League: Challenge,good,2,True,2/2 screened,2,2,True,2/2 complete,2,2,2,2,2,complete,True,2,0,True,,9,9,True,,True,True,none,1,"[{""id"": 312, ""name"": ""NorCal FLL Challenge BIOGLOW QT  - Lowell High School, San Francisco"", ""date"": ""2026-11-21T16:00:00Z"", ""timezone"": ""America/Los_Angeles"", ""website_uri"": ""https://mylumi.playingatlearning.org/en/event/312/"", ""level_name"": ""NorCal FLL Founders Edition 2026 Event Level""}]",/static/images/program_logos/fll_challenge_logo.png,/static/images/season_logos/2026_fll_challenge.png,True,,5,4,230.0,166.7,16,3,1,True,Veteran (老牌强队),<300 (入门发展)
2695,44529,FLL-C 44529,Piedmont,Piedmont Makers,1,FIRST LEGO League: Challenge,waiting_invites,1,False,1/2 screened,1,2,False,0/2 complete,0,2,0,0,0,missing,False,1,1,False,Below minimum: 0/2 required,0,2,False,Jotform pending,True,False,none,0,[],/static/images/program_logos/fll_challenge_logo.png,/static/images/season_logos/2026_fll_challenge.png,True,Bernstein-Ghassemi,1,1,,,,0,0,False,Experienced (有参赛经验),暂无得分记录
2696,44530,FLL-C 44530,Piedmont,Piedmont Makers,1,FIRST LEGO League: Challenge,pending_fingerprinting,0,False,0/2 screened,0,2,False,0/2 complete,0,2,0,0,0,unknown,False,0,0,False,Below minimum: 0/2 required,0,2,False,Jotform pending,True,False,none,0,[],/static/images/program_logos/fll_challenge_logo.png,/static/images/season_logos/2026_fll_challenge.png,True,Platinum Programmers,2,1,380.0,380.0,9,2,0,True,Veteran (老牌强队),300-399 (中坚晋级)
2697,44531,FLL-C 44531,Piedmont,Piedmont Makers,1,FIRST LEGO League: Challenge,waiting_invites,2,False,1/2 screened,1,2,False,1/2 complete,1,2,1,1,2,complete,True,2,2,False,Below minimum: 0/2 required,0,2,False,Jotform pending,True,False,none,0,[],/static/images/program_logos/fll_challenge_logo.png,/static/images/season_logos/2026_fll_challenge.png,True,Robotic Dogs,1,1,,,,0,0,False,Experienced (有参赛经验),暂无得分记录
2698,44532,FLL-C 44532,Piedmont,Piedmont Makers,1,FIRST LEGO League: Challenge,waiting_invites,2,False,1/2 screened,1,2,False,0/2 complete,0,2,1,0,0,missing,True,2,2,False,Below minimum: 0/2 required,0,2,False,Jotform pending,True,False,none,0,[],/static/images/program_logos/fll_challenge_logo.png,/static/images/season_logos/2026_fll_challenge.png,True,Razzle Dazzle Robotics FLL-C 44532 / Razzle Dazzle Robotics,3,2,430.0,305.0,4,4,1,True,Veteran (老牌强队),400-499 (一档强队)
2699,44533,FLL-C 44533,Piedmont,Piedmont Makers,1,FIRST LEGO League: Challenge,pending_fingerprinting,0,False,0/2 screened,0,2,False,0/2 complete,0,2,0,0,0,unknown,False,0,0,False,Below minimum: 0/2 required,0,2,False,Jotform pending,True,False,none,0,[],/static/images/program_logos/fll_challenge_logo.png,/static/images/season_logos/2026_fll_challenge.png,True,Piedmont 44533,1,1,,,,0,0,False,Experienced (有参赛经验),暂无得分记录
2967,44835,Ninja NERDles,Hayward,California Crosspoint Academy,1,FIRST LEGO League: Challenge,waiting_members,2,True,2/2 screened,2,2,True,2/2 complete,2,2,2,2,1,missing,True,2,0,False,Below minimum: 0/2 required,0,2,False,Jotform pending,True,False,none,0,[],/static/images/program_logos/fll_challenge_logo.png,/static/images/season_logos/2026_fll_challenge.png,True,,1,1,120.0,120.0,15,0,0,False,Experienced (有参赛经验),<300 (入门发展)
2700,45629,Dragon Bots,San Francisco,Ecole Notre Dame Des Victoires,1,FIRST LEGO League: Challenge,waiting_invites,2,True,2/2 screened,2,2,False,1/2 complete,1,2,1,2,1,missing,True,2,1,True,,10,10,True,,True,True,none,0,[],/static/images/program_logos/fll_challenge_logo.png,/static/images/season_logos/2026_fll_challenge.png,True,,3,3,220.0,220.0,2,0,0,False,Veteran (老牌强队),<300 (入门发展)
2701,46302,FLL-C 46302,Piedmont,Piedmont Makers,1,FIRST LEGO League: Challenge,waiting_invites,2,False,0/2 screened,0,2,False,0/2 complete,0,2,0,0,0,missing,True,2,2,False,Below minimum: 0/2 required,0,2,False,Jotform pending,True,False,none,0,[],/static/images/program_logos/fll_challenge_logo.png,/static/images/season_logos/2026_fll_challenge.png,True,The Trampolines,2,1,235.0,235.0,28,1,1,True,Veteran (老牌强队),<300 (入门发展)
2894,47206,Owlz,Danville,Athenian School,1,FIRST LEGO League: Challenge,good,2,True,2/2 screened,2,2,True,2/2 complete,2,2,2,2,2,complete,True,2,0,True,,4,4,True,,True,True,none,1,"[{""id"": 302, ""name"": ""NorCal FLL Challenge BIOGLOW QT – The Dorris-Eaton School, San Ramon"", ""date"": ""2026-11-07T16:00:00Z"", ""timezone"": ""America/Los_Angeles"", ""website_uri"": ""https://mylumi.playingatlearning.org/en/event/302/"", ""level_name"": ""NorCal FLL Founders Edition 2026 Event Level""}]",/static/images/program_logos/fll_challenge_logo.png,/static/images/season_logos/2026_fll_challenge.png,True,,3,3,125.0,117.5,18,0,0,False,Veteran (老牌强队),<300 (入门发展)
2968,47621,Oreo Pandas,Dublin,Quarry Lane School,1,FIRST LEGO League: Challenge,waiting_invites,3,False,1/2 screened,1,2,False,1/2 complete,1,2,1,1,1,missing,False,3,1,False,Below minimum: 0/2 required,0,2,False,Jotform pending,True,False,none,0,[],/static/images/program_logos/fll_challenge_logo.png,/static/images/season_logos/2026_fll_challenge.png,True,QLS Flashbots,2,2,150.0,150.0,16,0,0,False,Veteran (老牌强队),<300 (入门发展)
2702,48793,Mountain House,Mountain House,Family/Community,1,FIRST LEGO League: Challenge,good,2,True,2/2 screened,2,2,True,2/2 complete,2,2,2,2,2,complete,True,2,0,True,,6,6,True,,True,True,none,1,"[{""id"": 303, ""name"": ""NorCal FLL Challenge BIOGLOW QT -  Beyer High School, Modesto"", ""date"": ""2026-11-14T16:00:00Z"", ""timezone"": ""America/Los_Angeles"", ""website_uri"": ""https://mylumi.playingatlearning.org/en/event/303/"", ""level_name"": ""NorCal FLL Founders Edition 2026 Event Level""}]",/static/images/program_logos/fll_challenge_logo.png,/static/images/season_logos/2026_fll_challenge.png,True,Team Mountain House,7,4,455.0,319.0,2,4,3,True,Veteran (老牌强队),400-499 (一档强队)
2703,51196,Robo Rangers ,Milpitas,Family/Community,1,FIRST LEGO League: Challenge,good,2,True,2/2 screened,2,2,True,2/2 complete,2,2,2,2,2,complete,True,2,0,True,,5,5,True,,True,True,none,1,"[{""id"": 308, ""name"": ""NorCal FLL Challenge BIOGLOW QT - NOV 15 The Play Space, San Jose"", ""date"": ""2026-11-15T16:00:00Z"", ""timezone"": ""America/Los_Angeles"", ""website_uri"": ""https://mylumi.playingatlearning.org/en/event/308/"", ""level_name"": ""NorCal FLL Founders Edition 2026 Event Level""}]",/static/images/program_logos/fll_challenge_logo.png,/static/images/season_logos/2026_fll_challenge.png,True,BunnyBots,3,2,265.0,265.0,23,0,0,True,Veteran (老牌强队),<300 (入门发展)
2704,52305,Master Oogway,Pleasanton,Family/Community,1,FIRST LEGO League: Challenge,good,2,True,2/2 screened,2,2,True,2/2 complete,2,2,2,2,2,complete,True,2,0,True,,6,6,True,,True,True,none,0,[],/static/images/program_logos/fll_challenge_logo.png,/static/images/season_logos/2026_fll_challenge.png,True,,4,3,300.0,293.3,2,0,0,True,Veteran (老牌强队),300-399 (中坚晋级)
2705,52363,TerraBytes,San Jose,Family/Community,1,FIRST LEGO League: Challenge,good,2,True,2/2 screened,2,2,True,2/2 complete,2,2,2,2,2,complete,True,2,0,True,,5,5,True,,True,True,none,1,"[{""id"": 311, ""name"": ""NorCal FLL Challenge BIOGLOW QT - Girl Scouts at EPA Center, East Palo Alto"", ""date"": ""2026-11-22T16:00:00Z"", ""timezone"": ""America/Los_Angeles"", ""website_uri"": ""https://mylumi.playingatlearning.org/en/event/311/"", ""level_name"": ""NorCal FLL Founders Edition 2026 Event Level""}]",/static/images/program_logos/fll_challenge_logo.png,/static/images/season_logos/2026_fll_challenge.png,True,,5,3,450.0,306.2,4,2,1,True,Veteran (老牌强队),400-499 (一档强队)
2706,52397,FLL-C 52397,Piedmont,Piedmont Makers,1,FIRST LEGO League: Challenge,waiting_invites,2,False,0/2 screened,0,2,False,0/2 complete,0,2,0,0,0,missing,True,2,2,False,Below minimum: 0/2 required,0,2,False,Jotform pending,True,False,none,0,[],/static/images/program_logos/fll_challenge_logo.png,/static/images/season_logos/2026_fll_challenge.png,True,Invalid Syntax,2,1,380.0,380.0,8,2,1,True,Veteran (老牌强队),300-399 (中坚晋级)
2707,52508,FLL-C 52508,Oakland,Piedmont Makers,1,FIRST LEGO League: Challenge,waiting_invites,1,False,1/2 screened,1,2,False,0/2 complete,0,2,1,0,0,missing,False,1,1,False,Below minimum: 0/2 required,0,2,False,Jotform pending,True,False,none,0,[],/static/images/program_logos/fll_challenge_logo.png,/static/images/season_logos/2026_fll_challenge.png,True,Oakland Short Circuits / Short Circuits,3,2,260.0,242.5,5,1,1,True,Veteran (老牌强队),<300 (入门发展)
2708,52522,Parachuting Penguins,San Ramon,Home School,1,FIRST LEGO League: Challenge,good,2,True,2/2 screened,2,2,True,2/2 complete,2,2,2,2,2,complete,True,2,0,True,,4,4,True,,True,True,none,1,"[{""id"": 302, ""name"": ""NorCal FLL Challenge BIOGLOW QT – The Dorris-Eaton School, San Ramon"", ""date"": ""2026-11-07T16:00:00Z"", ""timezone"": ""America/Los_Angeles"", ""website_uri"": ""https://mylumi.playingatlearning.org/en/event/302/"", ""level_name"": ""NorCal FLL Founders Edition 2026 Event Level""}]",/static/images/program_logos/fll_challenge_logo.png,/static/images/season_logos/2026_fll_challenge.png,True,Heat Hackers / Aqua Avatars / Coding-Arsenals,5,4,245.0,193.3,10,0,1,True,Veteran (老牌强队),<300 (入门发展)
2709,52561,Brilliant Beavers,San Carlos,Family/Community,1,FIRST LEGO League: Challenge,good,2,True,2/2 screened,2,2,True,2/2 complete,2,2,2,2,1,missing,True,2,0,True,,6,6,True,,True,True,none,0,[],/static/images/program_logos/fll_challenge_logo.png,/static/images/season_logos/2026_fll_challenge.png,True,,3,2,465.0,295.0,1,1,1,True,Veteran (老牌强队),400-499 (一档强队)
2711,52943,Some Assembly Required,San Francisco,San Francisco Day School,1,FIRST LEGO League: Challenge,waiting_members,2,True,2/2 screened,2,2,True,2/2 complete,2,2,2,2,1,missing,True,2,0,False,Below minimum: 0/2 required,0,2,False,Jotform pending,True,False,none,0,[],/static/images/program_logos/fll_challenge_logo.png,/static/images/season_logos/2026_fll_challenge.png,True,Digital Dolphins GREEN TEAM / Digital Dolphins,5,3,270.0,237.5,6,2,2,True,Veteran (老牌强队),<300 (入门发展)
2710,52944,Root and Reef Robotics,San Francisco,San Francisco Day School,1,FIRST LEGO League: Challenge,waiting_members,2,True,2/2 screened,2,2,True,2/2 complete,2,2,2,2,1,missing,True,2,0,False,Below minimum: 0/2 required,0,2,False,Jotform pending,True,False,none,0,[],/static/images/program_logos/fll_challenge_logo.png,/static/images/season_logos/2026_fll_challenge.png,True,Digital Dolphins BLUE TEAM / Digital Dolphins- White Team,3,3,270.0,222.5,5,1,0,False,Veteran (老牌强队),<300 (入门发展)
2712,53086,Discovery Eagles,San Jose,Futurebytes,1,FIRST LEGO League: Challenge,waiting_invites,2,False,1/2 screened,1,2,False,1/2 complete,1,2,1,1,1,missing,True,2,1,False,Below minimum: 0/2 required,0,2,False,Jotform pending,True,False,none,0,[],/static/images/program_logos/fll_challenge_logo.png,/static/images/season_logos/2026_fll_challenge.png,True,,2,2,160.0,160.0,9,0,0,False,Veteran (老牌强队),<300 (入门发展)
2713,53591,Tiger Robotics 2,San Francisco,Town School for Boys,1,FIRST LEGO League: Challenge,roster_overload,2,True,2/2 screened,2,2,True,2/2 complete,2,2,2,2,2,complete,True,2,0,True,,6,6,True,,True,True,none,0,[],/static/images/program_logos/fll_challenge_logo.png,/static/images/season_logos/2026_fll_challenge.png,True,Tiger Robotics 6,3,3,260.0,207.5,9,2,0,False,Veteran (老牌强队),<300 (入门发展)
2714,53592,Tiger Robotics 1,San Francisco,Town School for Boys,1,FIRST LEGO League: Challenge,good,2,True,2/2 screened,2,2,True,2/2 complete,2,2,2,2,2,complete,True,2,0,True,,6,6,True,,True,True,none,0,[],/static/images/program_logos/fll_challenge_logo.png,/static/images/season_logos/2026_fll_challenge.png,True,,3,2,220.0,203.3,10,0,1,True,Veteran (老牌强队),<300 (入门发展)
2715,54977,Menlo Park Narleaotters,Menlo Park,Family/Community,1,FIRST LEGO League: Challenge,good,2,True,2/2 screened,2,2,True,2/2 complete,2,2,2,2,2,complete,True,2,0,True,,4,4,True,,True,True,none,1,"[{""id"": 309, ""name"": ""NorCal FLL Challenge BIOGLOW QT - Nueva School, San Mateo"", ""date"": ""2026-11-15T16:00:00Z"", ""timezone"": ""America/Los_Angeles"", ""website_uri"": ""https://mylumi.playingatlearning.org/en/event/309/"", ""level_name"": ""NorCal FLL Founders Edition 2026 Event Level""}]",/static/images/program_logos/fll_challenge_logo.png,/static/images/season_logos/2026_fll_challenge.png,True,,7,4,425.0,363.0,2,6,3,True,Veteran (老牌强队),400-499 (一档强队)
2716,55794,FLL-C 55794,Oakland,Piedmont Makers,1,FIRST LEGO League: Challenge,waiting_invites,2,False,0/2 screened,0,2,False,0/2 complete,0,2,0,0,0,missing,True,2,1,False,Below minimum: 0/2 required,0,2,False,Jotform pending,True,False,none,0,[],/static/images/program_logos/fll_challenge_logo.png,/static/images/season_logos/2026_fll_challenge.png,True,Purple People Eaters FLL-C 55794 / Purple People Eaters,4,2,290.0,228.3,3,2,2,True,Veteran (老牌强队),<300 (入门发展)
2717,55795,FLL-C 55795,Piedmont,Piedmont Makers,1,FIRST LEGO League: Challenge,waiting_invites,2,False,0/2 screened,0,2,False,0/2 complete,0,2,1,0,0,missing,True,2,2,False,Below minimum: 0/2 required,0,2,False,Jotform pending,True,False,none,0,[],/static/images/program_logos/fll_challenge_logo.png,/static/images/season_logos/2026_fll_challenge.png,True,The Chipmunks,1,1,,,,0,0,False,Experienced (有参赛经验),暂无得分记录
3039,55867,Harrybot,San Jose,Family/Community,1,FIRST LEGO League: Challenge,waiting_invites,2,False,1/2 screened,1,2,False,1/2 complete,1,2,1,1,1,missing,True,2,1,False,Below minimum: 0/2 required,0,2,False,Jotform pending,True,False,none,0,[],/static/images/program_logos/fll_challenge_logo.png,/static/images/season_logos/2026_fll_challenge.png,True,,2,1,345.0,345.0,16,0,1,True,Veteran (老牌强队),300-399 (中坚晋级)
2718,55881,FLL-C 55881,Piedmont,Piedmont Makers,1,FIRST LEGO League: Challenge,waiting_invites,2,False,0/2 screened,0,2,False,0/2 complete,0,2,0,0,0,missing,True,2,2,False,Below minimum: 0/2 required,0,2,False,Jotform pending,True,False,none,0,[],/static/images/program_logos/fll_challenge_logo.png,/static/images/season_logos/2026_fll_challenge.png,True,Electric Bananas,1,1,,,,0,0,False,Experienced (有参赛经验),暂无得分记录
2719,56271,BioClucks,Albany,Family/Community,1,FIRST LEGO League: Challenge,good,2,True,2/2 screened,2,2,True,2/2 complete,2,2,2,2,2,complete,True,2,0,True,,4,4,True,,True,True,none,1,"[{""id"": 304, ""name"": ""NorCal FLL Challenge BIOGLOW QT- SF Day School"", ""date"": ""2026-11-14T16:00:00Z"", ""timezone"": ""America/Los_Angeles"", ""website_uri"": ""https://mylumi.playingatlearning.org/en/event/304/"", ""level_name"": ""NorCal FLL Founders Edition 2026 Event Level""}]",/static/images/program_logos/fll_challenge_logo.png,/static/images/season_logos/2026_fll_challenge.png,True,Gyraf / Mechanical Arts,3,3,275.0,255.0,1,1,0,False,Veteran (老牌强队),<300 (入门发展)
2720,56793,BCS Blue Team,Los Altos,Bullis Charter School N,1,FIRST LEGO League: Challenge,good,2,True,2/2 screened,2,2,True,2/2 complete,2,2,2,2,1,missing,True,2,0,True,,5,5,True,,True,True,none,1,"[{""id"": 305, ""name"": ""NorCal FLL Challenge BIOGLOW QT - The King's Academy, Sunnyvale"", ""date"": ""2026-11-14T16:00:00Z"", ""timezone"": ""America/Los_Angeles"", ""website_uri"": ""https://mylumi.playingatlearning.org/en/event/305/"", ""level_name"": ""NorCal FLL Founders Edition 2026 Event Level""}]",/static/images/program_logos/fll_challenge_logo.png,/static/images/season_logos/2026_fll_challenge.png,True,BCS Blue Team: Paleo-Paws / BCS See Sea Blue,5,4,210.0,191.7,11,1,1,True,Veteran (老牌强队),<300 (入门发展)
2721,56993,SuperChargers ,San Jose,Family/Community,1,FIRST LEGO League: Challenge,good,2,True,2/2 screened,2,2,True,2/2 complete,2,2,2,2,2,complete,True,2,0,True,,6,6,True,,True,True,none,1,"[{""id"": 301, ""name"": ""NorCal FLL Challenge BIOGLOW QT – St. Martin of Tours, San Jose"", ""date"": ""2026-11-07T16:00:00Z"", ""timezone"": ""America/Los_Angeles"", ""website_uri"": ""https://mylumi.playingatlearning.org/en/event/301/"", ""level_name"": ""NorCal FLL Founders Edition 2026 Event Level""}]",/static/images/program_logos/fll_challenge_logo.png,/static/images/season_logos/2026_fll_challenge.png,True,,3,3,175.0,175.0,12,1,0,False,Veteran (老牌强队),<300 (入门发展)
2969,57290,The Robot Quad,Los Altos,Applied computing foundation,1,FIRST LEGO League: Challenge,pending_national_screening,2,False,0/2 screened,0,2,True,2/2 complete,2,2,2,2,0,missing,True,2,0,False,Below minimum: 0/2 required,0,2,False,Jotform pending,True,False,none,0,[],/static/images/program_logos/fll_challenge_logo.png,/static/images/season_logos/2026_fll_challenge.png,True,Cyberspace Crusader,2,2,160.0,160.0,6,0,0,False,Veteran (老牌强队),<300 (入门发展)
2722,57382,RoboRise,Foster City,Family/Community,1,FIRST LEGO League: Challenge,good,2,True,2/2 screened,2,2,True,2/2 complete,2,2,2,2,2,complete,True,2,0,True,,8,8,True,,True,True,none,1,"[{""id"": 304, ""name"": ""NorCal FLL Challenge BIOGLOW QT- SF Day School"", ""date"": ""2026-11-14T16:00:00Z"", ""timezone"": ""America/Los_Angeles"", ""website_uri"": ""https://mylumi.playingatlearning.org/en/event/304/"", ""level_name"": ""NorCal FLL Founders Edition 2026 Event Level""}]",/static/images/program_logos/fll_challenge_logo.png,/static/images/season_logos/2026_fll_challenge.png,True,,6,4,435.0,365.0,5,3,2,True,Veteran (老牌强队),400-499 (一档强队)
2723,57759,Phoenixes,San Francisco,San Francisco Day School,1,FIRST LEGO League: Challenge,waiting_members,2,True,2/2 screened,2,2,True,2/2 complete,2,2,2,2,1,missing,True,2,0,False,Below minimum: 0/2 required,0,2,False,Jotform pending,True,False,none,0,[],/static/images/program_logos/fll_challenge_logo.png,/static/images/season_logos/2026_fll_challenge.png,True,Digital Dolphins GREY TEAM / Digital Dolphins- Grey Team,3,3,235.0,230.0,6,0,0,False,Veteran (老牌强队),<300 (入门发展)
2990,58666,Allstars Jaguars,San Jose,Allstars United Education Foundation,1,FIRST LEGO League: Challenge,waiting_jotform,2,True,2/2 screened,2,2,True,2/2 complete,2,2,2,2,2,complete,True,2,0,True,,2,2,False,Jotform pending,True,False,none,0,[],/static/images/program_logos/fll_challenge_logo.png,/static/images/season_logos/2026_fll_challenge.png,True,Allstars Techno Bricks / Techno Bricks / TechnoBricks Allstars,4,3,285.0,266.7,6,0,1,True,Veteran (老牌强队),<300 (入门发展)
3006,59922,Baxter's Builders,Sacramento,Sacramento Country Day School,1,FIRST LEGO League: Challenge,roster_overload,3,True,2/2 screened,2,2,True,2/2 complete,2,2,2,2,2,complete,False,3,0,False,Below minimum: 0/2 required,0,2,False,Jotform pending,True,False,none,0,[],/static/images/program_logos/fll_challenge_logo.png,/static/images/season_logos/2026_fll_challenge.png,True,,3,3,195.0,97.5,7,0,0,False,Veteran (老牌强队),<300 (入门发展)
2724,60028,Dublin Robotics Club Genesis ,Dublin,Dublin Robotics Club,1,FIRST LEGO League: Challenge,pending_fingerprinting,2,True,2/2 screened,2,2,False,0/2 complete,0,2,1,0,0,missing,True,2,0,False,Below minimum: 0/2 required,0,2,False,Jotform pending,True,False,none,0,[],/static/images/program_logos/fll_challenge_logo.png,/static/images/season_logos/2026_fll_challenge.png,True,,2,2,130.0,130.0,14,0,0,False,Veteran (老牌强队),<300 (入门发展)
2725,60085,Lego Artisans,Cupertino,Family/Community,1,FIRST LEGO League: Challenge,good,2,True,2/2 screened,2,2,True,2/2 complete,2,2,2,2,2,complete,True,2,0,True,,3,3,True,,True,True,none,1,"[{""id"": 310, ""name"": ""NorCal FLL Challenge BIOGLOW QT - Gunn High School, Palo Alto"", ""date"": ""2026-11-21T16:00:00Z"", ""timezone"": ""America/Los_Angeles"", ""website_uri"": ""https://mylumi.playingatlearning.org/en/event/310/"", ""level_name"": ""NorCal FLL Founders Edition 2026 Event Level""}]",/static/images/program_logos/fll_challenge_logo.png,/static/images/season_logos/2026_fll_challenge.png,True,,6,4,515.0,420.0,1,6,2,True,Veteran (老牌强队),500+ (争冠顶尖)
2726,60497,LEGO {Coder} Dudes,Fremont,Family/Community,1,FIRST LEGO League: Challenge,good,2,True,2/2 screened,2,2,True,2/2 complete,2,2,2,2,2,complete,True,2,0,True,,8,8,True,,True,True,none,0,[],/static/images/program_logos/fll_challenge_logo.png,/static/images/season_logos/2026_fll_challenge.png,True,Apollo 6,4,3,350.0,285.0,3,2,1,True,Veteran (老牌强队),300-399 (中坚晋级)
2727,60502,CodeBreakerz,San Ramon,Home School,1,FIRST LEGO League: Challenge,good,2,True,2/2 screened,2,2,True,2/2 complete,2,2,2,2,2,complete,True,2,0,True,,5,5,True,,True,True,none,1,"[{""id"": 313, ""name"": ""NorCal FLL Challenge BIOGLOW QT - BASIS Independent School, Dublin"", ""date"": ""2026-11-14T16:00:00Z"", ""timezone"": ""America/Los_Angeles"", ""website_uri"": ""https://mylumi.playingatlearning.org/en/event/313/"", ""level_name"": ""NorCal FLL Founders Edition 2026 Event Level""}]",/static/images/program_logos/fll_challenge_logo.png,/static/images/season_logos/2026_fll_challenge.png,True,,6,4,255.0,208.8,14,3,2,True,Veteran (老牌强队),<300 (入门发展)
2728,60507,Team Prime,Mountain House,Family/Community,1,FIRST LEGO League: Challenge,good,2,True,2/2 screened,2,2,True,2/2 complete,2,2,2,2,2,complete,True,2,0,True,,8,8,True,,True,True,none,1,"[{""id"": 312, ""name"": ""NorCal FLL Challenge BIOGLOW QT  - Lowell High School, San Francisco"", ""date"": ""2026-11-21T16:00:00Z"", ""timezone"": ""America/Los_Angeles"", ""website_uri"": ""https://mylumi.playingatlearning.org/en/event/312/"", ""level_name"": ""NorCal FLL Founders Edition 2026 Event Level""}]",/static/images/program_logos/fll_challenge_logo.png,/static/images/season_logos/2026_fll_challenge.png,True,Prime,6,4,400.0,286.2,2,0,2,True,Veteran (老牌强队),400-499 (一档强队)
2931,60514,CodeMasterz,San Ramon,Family/Community,1,FIRST LEGO League: Challenge,good,2,True,2/2 screened,2,2,True,2/2 complete,2,2,2,2,2,complete,True,2,0,True,,5,5,True,,True,True,none,1,"[{""id"": 313, ""name"": ""NorCal FLL Challenge BIOGLOW QT - BASIS Independent School, Dublin"", ""date"": ""2026-11-14T16:00:00Z"", ""timezone"": ""America/Los_Angeles"", ""website_uri"": ""https://mylumi.playingatlearning.org/en/event/313/"", ""level_name"": ""NorCal FLL Founders Edition 2026 Event Level""}]",/static/images/program_logos/fll_challenge_logo.png,/static/images/season_logos/2026_fll_challenge.png,True,The Time Travellers / Staz / Artistic,4,4,225.0,177.5,14,0,0,False,Veteran (老牌强队),<300 (入门发展)
2729,60702,Robochickens,Berkeley,Family/Community,1,FIRST LEGO League: Challenge,good,2,True,2/2 screened,2,2,True,2/2 complete,2,2,2,2,2,complete,True,2,0,True,,4,4,True,,True,True,none,1,"[{""id"": 309, ""name"": ""NorCal FLL Challenge BIOGLOW QT - Nueva School, San Mateo"", ""date"": ""2026-11-15T16:00:00Z"", ""timezone"": ""America/Los_Angeles"", ""website_uri"": ""https://mylumi.playingatlearning.org/en/event/309/"", ""level_name"": ""NorCal FLL Founders Edition 2026 Event Level""}]",/static/images/program_logos/fll_challenge_logo.png,/static/images/season_logos/2026_fll_challenge.png,True,,4,4,220.0,177.5,11,1,0,False,Veteran (老牌强队),<300 (入门发展)
2730,60788,Sea Tractor,Saratoga,Saratoga Elementary School,1,FIRST LEGO League: Challenge,good,2,True,2/2 screened,2,2,True,2/2 complete,2,2,2,2,2,complete,True,2,0,True,,4,4,True,,True,True,none,1,"[{""id"": 307, ""name"": ""NorCal FLL Challenge BIOGLOW QT- SF Town School for Boys"", ""date"": ""2026-11-15T16:00:00Z"", ""timezone"": ""America/Los_Angeles"", ""website_uri"": ""https://mylumi.playingatlearning.org/en/event/307/"", ""level_name"": ""NorCal FLL Founders Edition 2026 Event Level""}]",/static/images/program_logos/fll_challenge_logo.png,/static/images/season_logos/2026_fll_challenge.png,True,Sheldon,3,3,270.0,270.0,4,1,0,False,Veteran (老牌强队),<300 (入门发展)
2731,60868,iBots,San Jose,Family/Community,1,FIRST LEGO League: Challenge,good,2,True,2/2 screened,2,2,True,2/2 complete,2,2,2,2,2,complete,True,2,0,True,,9,9,True,,True,True,none,1,"[{""id"": 306, ""name"": ""NorCal FLL Challenge BIOGLOW QT - San Francisco Bay University, Fremont"", ""date"": ""2026-11-14T16:00:00Z"", ""timezone"": ""America/Los_Angeles"", ""website_uri"": ""https://mylumi.playingatlearning.org/en/event/306/"", ""level_name"": ""NorCal FLL Founders Edition 2026 Event Level""}]",/static/images/program_logos/fll_challenge_logo.png,/static/images/season_logos/2026_fll_challenge.png,True,,7,4,515.0,379.0,1,14,3,True,Veteran (老牌强队),500+ (争冠顶尖)
2732,60869,Techno Troopers,San Jose,Family/Community,1,FIRST LEGO League: Challenge,good,2,True,2/2 screened,2,2,True,2/2 complete,2,2,2,2,2,complete,True,2,0,True,,10,10,True,,True,True,none,1,"[{""id"": 308, ""name"": ""NorCal FLL Challenge BIOGLOW QT - NOV 15 The Play Space, San Jose"", ""date"": ""2026-11-15T16:00:00Z"", ""timezone"": ""America/Los_Angeles"", ""website_uri"": ""https://mylumi.playingatlearning.org/en/event/308/"", ""level_name"": ""NorCal FLL Founders Edition 2026 Event Level""}]",/static/images/program_logos/fll_challenge_logo.png,/static/images/season_logos/2026_fll_challenge.png,True,,5,4,340.0,285.0,7,0,1,True,Veteran (老牌强队),300-399 (中坚晋级)
2733,60956,Guardians of the Galax-trees,San Jose,St Martin of Tours School,1,FIRST LEGO League: Challenge,good,2,True,2/2 screened,2,2,True,2/2 complete,2,2,2,2,2,complete,True,2,0,True,,5,5,True,,True,True,none,0,[],/static/images/program_logos/fll_challenge_logo.png,/static/images/season_logos/2026_fll_challenge.png,True,The Stanlicorns / The henny pennys,4,3,140.0,135.0,10,1,1,True,Veteran (老牌强队),<300 (入门发展)
2734,60958,Beach Bananas,Piedmont,Piedmont Makers,1,FIRST LEGO League: Challenge,good,2,True,2/2 screened,2,2,True,2/2 complete,2,2,2,2,2,complete,True,2,0,True,,5,5,True,,True,True,none,1,"[{""id"": 308, ""name"": ""NorCal FLL Challenge BIOGLOW QT - NOV 15 The Play Space, San Jose"", ""date"": ""2026-11-15T16:00:00Z"", ""timezone"": ""America/Los_Angeles"", ""website_uri"": ""https://mylumi.playingatlearning.org/en/event/308/"", ""level_name"": ""NorCal FLL Founders Edition 2026 Event Level""}]",/static/images/program_logos/fll_challenge_logo.png,/static/images/season_logos/2026_fll_challenge.png,True,FLL-C 60958 -- The Great White Sharks / Puma,5,3,190.0,173.3,7,1,2,True,Veteran (老牌强队),<300 (入门发展)
2735,60959,FLL-C 60959,Oakland,Piedmont Makers,1,FIRST LEGO League: Challenge,waiting_invites,1,False,0/2 screened,0,2,False,0/2 complete,0,2,0,0,0,missing,False,1,1,False,Below minimum: 0/2 required,0,2,False,Jotform pending,True,False,none,0,[],/static/images/program_logos/fll_challenge_logo.png,/static/images/season_logos/2026_fll_challenge.png,True,60959,1,1,,,,0,0,False,Experienced (有参赛经验),暂无得分记录
2736,60987,Freshly Minted Freedom Glow Frogs,San Jose,St Martin of Tours School,1,FIRST LEGO League: Challenge,good,2,True,2/2 screened,2,2,True,2/2 complete,2,2,2,2,2,complete,True,2,0,True,,6,6,True,,True,True,none,0,[],/static/images/program_logos/fll_challenge_logo.png,/static/images/season_logos/2026_fll_challenge.png,True,The fighting pickles / The fighting Pickles / RoboFish,3,3,160.0,157.5,7,0,0,False,Veteran (老牌强队),<300 (入门发展)
2737,61139,Lightning Squad,Folsom,Family/Community,1,FIRST LEGO League: Challenge,good,2,True,2/2 screened,2,2,True,2/2 complete,2,2,2,2,2,complete,True,2,0,True,,10,10,True,,True,True,none,1,"[{""id"": 303, ""name"": ""NorCal FLL Challenge BIOGLOW QT -  Beyer High School, Modesto"", ""date"": ""2026-11-14T16:00:00Z"", ""timezone"": ""America/Los_Angeles"", ""website_uri"": ""https://mylumi.playingatlearning.org/en/event/303/"", ""level_name"": ""NorCal FLL Founders Edition 2026 Event Level""}]",/static/images/program_logos/fll_challenge_logo.png,/static/images/season_logos/2026_fll_challenge.png,True,,6,4,360.0,295.0,4,2,2,True,Veteran (老牌强队),300-399 (中坚晋级)
2996,61351,RRR Rockets,Lathrop,Family/Community,1,FIRST LEGO League: Challenge,waiting_members,2,True,2/2 screened,2,2,True,2/2 complete,2,2,2,2,0,missing,True,2,0,False,Below minimum: 0/2 required,0,2,False,Jotform pending,True,False,none,0,[],/static/images/program_logos/fll_challenge_logo.png,/static/images/season_logos/2026_fll_challenge.png,True,RI Robo Raiders,3,3,310.0,237.5,5,1,0,False,Veteran (老牌强队),300-399 (中坚晋级)
3012,61776,Tech Ninja,Rancho Cordova,Family/Community,1,FIRST LEGO League: Challenge,pending_national_screening,2,False,0/2 screened,0,2,True,2/2 complete,2,2,2,2,0,missing,True,2,0,False,Below minimum: 0/2 required,0,2,False,Jotform pending,True,False,none,0,[],/static/images/program_logos/fll_challenge_logo.png,/static/images/season_logos/2026_fll_challenge.png,True,,3,3,270.0,217.5,10,0,0,False,Veteran (老牌强队),<300 (入门发展)
2738,61932,BCS Gold Team,Los Altos,Bullis Charter School N,1,FIRST LEGO League: Challenge,good,2,True,2/2 screened,2,2,True,2/2 complete,2,2,2,2,1,missing,True,2,0,True,,6,6,True,,True,True,none,1,"[{""id"": 305, ""name"": ""NorCal FLL Challenge BIOGLOW QT - The King's Academy, Sunnyvale"", ""date"": ""2026-11-14T16:00:00Z"", ""timezone"": ""America/Los_Angeles"", ""website_uri"": ""https://mylumi.playingatlearning.org/en/event/305/"", ""level_name"": ""NorCal FLL Founders Edition 2026 Event Level""}]",/static/images/program_logos/fll_challenge_logo.png,/static/images/season_logos/2026_fll_challenge.png,True,BCS Gold Miners / BCS Golden Oceaneers / Bullis Gold Team,4,4,170.0,132.5,12,2,0,False,Veteran (老牌强队),<300 (入门发展)
2739,61949,Ultraviolet,Cupertino,Family/Community,1,FIRST LEGO League: Challenge,good,2,True,2/2 screened,2,2,True,2/2 complete,2,2,2,2,2,complete,True,2,0,True,,6,6,True,,True,True,none,1,"[{""id"": 305, ""name"": ""NorCal FLL Challenge BIOGLOW QT - The King's Academy, Sunnyvale"", ""date"": ""2026-11-14T16:00:00Z"", ""timezone"": ""America/Los_Angeles"", ""website_uri"": ""https://mylumi.playingatlearning.org/en/event/305/"", ""level_name"": ""NorCal FLL Founders Edition 2026 Event Level""}]",/static/images/program_logos/fll_challenge_logo.png,/static/images/season_logos/2026_fll_challenge.png,True,,5,4,370.0,288.3,4,1,1,True,Veteran (老牌强队),300-399 (中坚晋级)
2740,62969,Strawhat Dragons,Marina,Los Arboles Middle School,1,FIRST LEGO League: Challenge,waiting_invites,2,False,0/2 screened,0,2,False,0/2 complete,0,2,0,0,0,missing,True,2,1,False,Below minimum: 0/2 required,0,2,False,Jotform pending,True,False,none,0,[],/static/images/program_logos/fll_challenge_logo.png,/static/images/season_logos/2026_fll_challenge.png,True,Straw Hat Dragons / Pineapple Dragons,2,2,155.0,155.0,11,0,0,False,Veteran (老牌强队),<300 (入门发展)
2741,64638,Brain Bots,San Jose,Family/Community,1,FIRST LEGO League: Challenge,good,2,True,2/2 screened,2,2,True,2/2 complete,2,2,2,2,2,complete,True,2,0,True,,4,4,True,,True,True,none,1,"[{""id"": 312, ""name"": ""NorCal FLL Challenge BIOGLOW QT  - Lowell High School, San Francisco"", ""date"": ""2026-11-21T16:00:00Z"", ""timezone"": ""America/Los_Angeles"", ""website_uri"": ""https://mylumi.playingatlearning.org/en/event/312/"", ""level_name"": ""NorCal FLL Founders Edition 2026 Event Level""}]",/static/images/program_logos/fll_challenge_logo.png,/static/images/season_logos/2026_fll_challenge.png,True,,6,4,540.0,480.0,1,11,2,True,Veteran (老牌强队),500+ (争冠顶尖)
2742,64672,MechaBotz,San Jose,Family/Community,1,FIRST LEGO League: Challenge,pending_national_screening,2,False,1/2 screened,1,2,True,2/2 complete,2,2,2,2,0,missing,True,2,0,False,Below minimum: 0/2 required,0,2,False,Jotform pending,True,False,none,0,[],/static/images/program_logos/fll_challenge_logo.png,/static/images/season_logos/2026_fll_challenge.png,True,,2,2,250.0,235.0,7,0,0,False,Veteran (老牌强队),<300 (入门发展)
2743,64898,Circuit Breakers,Tracy,Family/Community,1,FIRST LEGO League: Challenge,good,2,True,2/2 screened,2,2,True,2/2 complete,2,2,2,2,0,missing,True,2,0,True,,4,4,True,,True,True,none,1,"[{""id"": 314, ""name"": ""NorCal FLL Challenge BIOGLOW QT - Pleasant Grove High School, Elk Grove"", ""date"": ""2026-11-15T16:00:00Z"", ""timezone"": ""America/Los_Angeles"", ""website_uri"": ""https://mylumi.playingatlearning.org/en/event/314/"", ""level_name"": ""NorCal FLL Founders Edition 2026 Event Level""}]",/static/images/program_logos/fll_challenge_logo.png,/static/images/season_logos/2026_fll_challenge.png,True,The Brick By Brick Builders,4,3,360.0,280.0,4,0,1,True,Veteran (老牌强队),300-399 (中坚晋级)
2744,65018,Brickbots,Fremont,"Warm Springs Elementary, Family/Community",1,FIRST LEGO League: Challenge,good,2,True,2/2 screened,2,2,True,2/2 complete,2,2,2,2,2,complete,True,2,0,True,,3,3,True,,True,True,none,1,"[{""id"": 311, ""name"": ""NorCal FLL Challenge BIOGLOW QT - Girl Scouts at EPA Center, East Palo Alto"", ""date"": ""2026-11-22T16:00:00Z"", ""timezone"": ""America/Los_Angeles"", ""website_uri"": ""https://mylumi.playingatlearning.org/en/event/311/"", ""level_name"": ""NorCal FLL Founders Edition 2026 Event Level""}]",/static/images/program_logos/fll_challenge_logo.png,/static/images/season_logos/2026_fll_challenge.png,True,Brickbotsfll,4,3,375.0,300.0,2,2,1,True,Veteran (老牌强队),300-399 (中坚晋级)
2745,65020,The Golden Huskies,Palo Alto,Family/Community,1,FIRST LEGO League: Challenge,good,2,True,2/2 screened,2,2,True,2/2 complete,2,2,2,2,2,complete,True,2,0,True,,6,6,True,,True,True,none,1,"[{""id"": 310, ""name"": ""NorCal FLL Challenge BIOGLOW QT - Gunn High School, Palo Alto"", ""date"": ""2026-11-21T16:00:00Z"", ""timezone"": ""America/Los_Angeles"", ""website_uri"": ""https://mylumi.playingatlearning.org/en/event/310/"", ""level_name"": ""NorCal FLL Founders Edition 2026 Event Level""}]",/static/images/program_logos/fll_challenge_logo.png,/static/images/season_logos/2026_fll_challenge.png,True,,4,3,375.0,330.0,1,3,1,True,Veteran (老牌强队),300-399 (中坚晋级)
2746,65026,Brick Brains,Folsom,Family/Community,1,FIRST LEGO League: Challenge,waiting_jotform,2,True,2/2 screened,2,2,True,2/2 complete,2,2,2,2,0,missing,True,2,0,True,,6,6,False,Jotform pending,True,False,none,0,[],/static/images/program_logos/fll_challenge_logo.png,/static/images/season_logos/2026_fll_challenge.png,True,,2,2,360.0,265.0,2,1,0,False,Veteran (老牌强队),300-399 (中坚晋级)
2993,65065,INNOBOTS,San Jose,Family/Community,1,FIRST LEGO League: Challenge,pending_national_screening,2,False,0/2 screened,0,2,True,2/2 complete,2,2,2,2,0,missing,True,2,0,False,Below minimum: 0/2 required,0,2,False,Jotform pending,True,False,none,0,[],/static/images/program_logos/fll_challenge_logo.png,/static/images/season_logos/2026_fll_challenge.png,True,INNO BOTS,2,2,260.0,217.5,6,1,0,False,Veteran (老牌强队),<300 (入门发展)
2747,65072,Master Builders,Santa Clara,"Stratford School-Santa Clara, Harker, Millikin Elementary",1,FIRST LEGO League: Challenge,waiting_members,2,True,2/2 screened,2,2,True,2/2 complete,2,2,2,2,2,complete,True,2,0,False,Below minimum: 0/2 required,0,2,False,Jotform pending,True,False,none,0,[],/static/images/program_logos/fll_challenge_logo.png,/static/images/season_logos/2026_fll_challenge.png,True,,2,2,270.0,222.5,5,0,0,False,Veteran (老牌强队),<300 (入门发展)
2748,65193,Bricks Bot Quantum,San Mateo,Family/Community,1,FIRST LEGO League: Challenge,good,2,True,2/2 screened,2,2,True,2/2 complete,2,2,2,2,2,complete,True,2,0,True,,5,5,True,,True,True,none,1,"[{""id"": 309, ""name"": ""NorCal FLL Challenge BIOGLOW QT - Nueva School, San Mateo"", ""date"": ""2026-11-15T16:00:00Z"", ""timezone"": ""America/Los_Angeles"", ""website_uri"": ""https://mylumi.playingatlearning.org/en/event/309/"", ""level_name"": ""NorCal FLL Founders Edition 2026 Event Level""}]",/static/images/program_logos/fll_challenge_logo.png,/static/images/season_logos/2026_fll_challenge.png,True,Worm Hole / DECT,3,3,230.0,202.5,7,0,0,False,Veteran (老牌强队),<300 (入门发展)
2749,65258,CrypticButterflies,San Jose,Family/Community,1,FIRST LEGO League: Challenge,good,2,True,2/2 screened,2,2,True,2/2 complete,2,2,2,2,2,complete,True,2,0,True,,6,6,True,,True,True,none,1,"[{""id"": 306, ""name"": ""NorCal FLL Challenge BIOGLOW QT - San Francisco Bay University, Fremont"", ""date"": ""2026-11-14T16:00:00Z"", ""timezone"": ""America/Los_Angeles"", ""website_uri"": ""https://mylumi.playingatlearning.org/en/event/306/"", ""level_name"": ""NorCal FLL Founders Edition 2026 Event Level""}]",/static/images/program_logos/fll_challenge_logo.png,/static/images/season_logos/2026_fll_challenge.png,True,,5,3,485.0,417.5,1,2,1,True,Veteran (老牌强队),400-499 (一档强队)
2750,65319,DCADS Robo Cubs,Santa Clara,Don Callejon,1,FIRST LEGO League: Challenge,good,2,True,2/2 screened,2,2,True,2/2 complete,2,2,2,2,1,missing,True,2,0,True,,10,10,True,,True,True,none,1,"[{""id"": 306, ""name"": ""NorCal FLL Challenge BIOGLOW QT - San Francisco Bay University, Fremont"", ""date"": ""2026-11-14T16:00:00Z"", ""timezone"": ""America/Los_Angeles"", ""website_uri"": ""https://mylumi.playingatlearning.org/en/event/306/"", ""level_name"": ""NorCal FLL Founders Edition 2026 Event Level""}]",/static/images/program_logos/fll_challenge_logo.png,/static/images/season_logos/2026_fll_challenge.png,True,,4,3,300.0,251.7,4,2,1,True,Veteran (老牌强队),300-399 (中坚晋级)
2751,65321,DCADS Astro Cubs,Santa Clara,Don Callejon,1,FIRST LEGO League: Challenge,waiting_members,2,True,2/2 screened,2,2,True,2/2 complete,2,2,2,2,1,missing,True,2,0,False,Below minimum: 0/2 required,0,2,False,Jotform pending,True,False,none,0,[],/static/images/program_logos/fll_challenge_logo.png,/static/images/season_logos/2026_fll_challenge.png,True,DCADS - Astro Cubs,2,2,200.0,177.5,7,1,0,False,Veteran (老牌强队),<300 (入门发展)
2752,65683,FLL-C 65683,Oakland,Piedmont Makers,1,FIRST LEGO League: Challenge,waiting_invites,1,False,0/2 screened,0,2,False,0/2 complete,0,2,0,0,0,missing,False,1,1,False,Below minimum: 0/2 required,0,2,False,Jotform pending,True,False,none,0,[],/static/images/program_logos/fll_challenge_logo.png,/static/images/season_logos/2026_fll_challenge.png,False,,0,0,,,,0,0,False,Rookie (新队伍),暂无得分记录
2753,65684,FLL-C 65684,Oakland,Piedmont Makers,1,FIRST LEGO League: Challenge,waiting_invites,2,False,0/2 screened,0,2,False,0/2 complete,0,2,0,0,0,missing,True,2,2,False,Below minimum: 0/2 required,0,2,False,Jotform pending,True,False,none,0,[],/static/images/program_logos/fll_challenge_logo.png,/static/images/season_logos/2026_fll_challenge.png,False,,0,0,,,,0,0,False,Rookie (新队伍),暂无得分记录
2754,65685,Existential BREAD (65685),San Leandro,Piedmont Makers,1,FIRST LEGO League: Challenge,good,2,True,2/2 screened,2,2,True,2/2 complete,2,2,2,2,2,complete,True,2,0,True,,3,3,True,,True,True,none,1,"[{""id"": 313, ""name"": ""NorCal FLL Challenge BIOGLOW QT - BASIS Independent School, Dublin"", ""date"": ""2026-11-14T16:00:00Z"", ""timezone"": ""America/Los_Angeles"", ""website_uri"": ""https://mylumi.playingatlearning.org/en/event/313/"", ""level_name"": ""NorCal FLL Founders Edition 2026 Event Level""}]",/static/images/program_logos/fll_challenge_logo.png,/static/images/season_logos/2026_fll_challenge.png,True,FLL-C 65685 / Ocean Engineers,3,3,285.0,262.5,3,0,0,False,Veteran (老牌强队),<300 (入门发展)
2755,65686,FLL-C 65686,Oakland,Piedmont Makers,1,FIRST LEGO League: Challenge,waiting_invites,1,False,0/2 screened,0,2,False,0/2 complete,0,2,0,0,0,missing,False,1,1,False,Below minimum: 0/2 required,0,2,False,Jotform pending,True,False,none,0,[],/static/images/program_logos/fll_challenge_logo.png,/static/images/season_logos/2026_fll_challenge.png,False,,0,0,,,,0,0,False,Rookie (新队伍),暂无得分记录
2756,65687,FLL-C 65687,Oakland,Piedmont Makers,1,FIRST LEGO League: Challenge,waiting_invites,1,False,1/2 screened,1,2,False,0/2 complete,0,2,0,0,0,missing,False,1,1,False,Below minimum: 0/2 required,0,2,False,Jotform pending,True,False,none,0,[],/static/images/program_logos/fll_challenge_logo.png,/static/images/season_logos/2026_fll_challenge.png,False,,0,0,,,,0,0,False,Rookie (新队伍),暂无得分记录
2757,65688,FLL-C 65688,Oakland,Piedmont Makers,1,FIRST LEGO League: Challenge,pending_fingerprinting,0,False,0/2 screened,0,2,False,0/2 complete,0,2,0,0,0,unknown,False,0,0,False,Below minimum: 0/2 required,0,2,False,Jotform pending,True,False,none,0,[],/static/images/program_logos/fll_challenge_logo.png,/static/images/season_logos/2026_fll_challenge.png,False,,0,0,,,,0,0,False,Rookie (新队伍),暂无得分记录
2758,65689,FLL-C 65689,Oakland,Piedmont Makers,1,FIRST LEGO League: Challenge,waiting_invites,2,False,1/2 screened,1,2,False,0/2 complete,0,2,1,0,0,missing,True,2,2,False,Below minimum: 0/2 required,0,2,False,Jotform pending,True,False,none,0,[],/static/images/program_logos/fll_challenge_logo.png,/static/images/season_logos/2026_fll_challenge.png,False,,0,0,,,,0,0,False,Rookie (新队伍),暂无得分记录
2759,65690,Developing Dolphins,Oakland,Piedmont Makers,1,FIRST LEGO League: Challenge,waiting_invites,2,True,2/2 screened,2,2,False,1/2 complete,1,2,2,1,2,complete,True,2,2,False,Below minimum: 1/2 required,1,2,False,Jotform pending,True,False,none,0,[],/static/images/program_logos/fll_challenge_logo.png,/static/images/season_logos/2026_fll_challenge.png,True,Shady Sashimi 65690,2,1,270.0,222.5,11,0,1,True,Veteran (老牌强队),<300 (入门发展)
2760,65691,FLL-C 65691,Oakland,Piedmont Makers,1,FIRST LEGO League: Challenge,waiting_invites,2,False,1/2 screened,1,2,False,1/2 complete,1,2,1,1,1,missing,True,2,2,False,Below minimum: 0/2 required,0,2,False,Jotform pending,True,False,none,0,[],/static/images/program_logos/fll_challenge_logo.png,/static/images/season_logos/2026_fll_challenge.png,True,FLL-C 65691 OCTOBOTS,1,1,160.0,160.0,15,0,0,False,Experienced (有参赛经验),<300 (入门发展)
2761,65692,FLL-C 65692,Oakland,Piedmont Makers,1,FIRST LEGO League: Challenge,waiting_invites,1,False,1/2 screened,1,2,False,0/2 complete,0,2,1,0,1,unknown,False,1,1,False,Below minimum: 0/2 required,0,2,False,Jotform pending,True,False,none,0,[],/static/images/program_logos/fll_challenge_logo.png,/static/images/season_logos/2026_fll_challenge.png,False,,0,0,,,,0,0,False,Rookie (新队伍),暂无得分记录
2762,65801,The Lego Ducks,Pleasanton,Family/Community,1,FIRST LEGO League: Challenge,waiting_invites,2,True,2/2 screened,2,2,True,2/2 complete,2,2,2,2,2,complete,True,2,1,True,,5,5,True,,True,True,none,0,[],/static/images/program_logos/fll_challenge_logo.png,/static/images/season_logos/2026_fll_challenge.png,True,Pink Potato Chips,2,2,290.0,242.5,6,1,0,False,Veteran (老牌强队),<300 (入门发展)
2763,66137,Robo Pets - SBR,Sunnyvale,Family/Community,1,FIRST LEGO League: Challenge,good,2,True,2/2 screened,2,2,True,2/2 complete,2,2,2,2,1,missing,True,2,0,True,,4,4,True,,True,True,none,1,"[{""id"": 312, ""name"": ""NorCal FLL Challenge BIOGLOW QT  - Lowell High School, San Francisco"", ""date"": ""2026-11-21T16:00:00Z"", ""timezone"": ""America/Los_Angeles"", ""website_uri"": ""https://mylumi.playingatlearning.org/en/event/312/"", ""level_name"": ""NorCal FLL Founders Edition 2026 Event Level""}]",/static/images/program_logos/fll_challenge_logo.png,/static/images/season_logos/2026_fll_challenge.png,True,Build Guild - SBR / Build Guild - SBR Team Cupertino,3,3,185.0,152.5,8,1,0,False,Veteran (老牌强队),<300 (入门发展)
2764,66163,Dino Nuggets (Ketchup),Walnut Creek,Family/Community,1,FIRST LEGO League: Challenge,good,2,True,2/2 screened,2,2,True,2/2 complete,2,2,2,2,2,complete,True,2,0,True,,4,4,True,,True,True,none,1,"[{""id"": 313, ""name"": ""NorCal FLL Challenge BIOGLOW QT - BASIS Independent School, Dublin"", ""date"": ""2026-11-14T16:00:00Z"", ""timezone"": ""America/Los_Angeles"", ""website_uri"": ""https://mylumi.playingatlearning.org/en/event/313/"", ""level_name"": ""NorCal FLL Founders Edition 2026 Event Level""}]",/static/images/program_logos/fll_challenge_logo.png,/static/images/season_logos/2026_fll_challenge.png,True,Dino Nuggets,3,3,325.0,275.0,4,0,0,False,Veteran (老牌强队),300-399 (中坚晋级)
2765,66219,CougarBots,Kentfield,Family/Community,1,FIRST LEGO League: Challenge,good,2,True,2/2 screened,2,2,True,2/2 complete,2,2,2,2,2,complete,True,2,0,True,,6,6,True,,True,True,none,1,"[{""id"": 307, ""name"": ""NorCal FLL Challenge BIOGLOW QT- SF Town School for Boys"", ""date"": ""2026-11-15T16:00:00Z"", ""timezone"": ""America/Los_Angeles"", ""website_uri"": ""https://mylumi.playingatlearning.org/en/event/307/"", ""level_name"": ""NorCal FLL Founders Edition 2026 Event Level""}]",/static/images/program_logos/fll_challenge_logo.png,/static/images/season_logos/2026_fll_challenge.png,True,,3,3,310.0,287.5,3,1,2,False,Veteran (老牌强队),300-399 (中坚晋级)
2766,66280,DELTABOTS,Fremont,Family/Community,1,FIRST LEGO League: Challenge,good,2,True,2/2 screened,2,2,True,2/2 complete,2,2,2,2,2,complete,True,2,0,True,,5,5,True,,True,True,none,1,"[{""id"": 301, ""name"": ""NorCal FLL Challenge BIOGLOW QT – St. Martin of Tours, San Jose"", ""date"": ""2026-11-07T16:00:00Z"", ""timezone"": ""America/Los_Angeles"", ""website_uri"": ""https://mylumi.playingatlearning.org/en/event/301/"", ""level_name"": ""NorCal FLL Founders Edition 2026 Event Level""}]",/static/images/program_logos/fll_challenge_logo.png,/static/images/season_logos/2026_fll_challenge.png,True,,3,3,340.0,280.0,6,0,0,False,Veteran (老牌强队),300-399 (中坚晋级)
2767,66292,CookieBots,Danville,Girl Scouts,1,FIRST LEGO League: Challenge,good,2,True,2/2 screened,2,2,True,2/2 complete,2,2,2,2,2,complete,True,2,0,True,,4,4,True,,True,True,none,1,"[{""id"": 302, ""name"": ""NorCal FLL Challenge BIOGLOW QT – The Dorris-Eaton School, San Ramon"", ""date"": ""2026-11-07T16:00:00Z"", ""timezone"": ""America/Los_Angeles"", ""website_uri"": ""https://mylumi.playingatlearning.org/en/event/302/"", ""level_name"": ""NorCal FLL Founders Edition 2026 Event Level""}]",/static/images/program_logos/fll_challenge_logo.png,/static/images/season_logos/2026_fll_challenge.png,True,,5,3,350.0,216.2,3,4,2,True,Veteran (老牌强队),300-399 (中坚晋级)
2768,66342,SpaceChickens,El Dorado Hills,"Lakeview Elementary, Family/Community",1,FIRST LEGO League: Challenge,pending_national_screening,2,False,0/2 screened,0,2,True,2/2 complete,2,2,2,2,0,missing,True,2,0,False,Below minimum: 0/2 required,0,2,False,Jotform pending,True,False,none,0,[],/static/images/program_logos/fll_challenge_logo.png,/static/images/season_logos/2026_fll_challenge.png,True,KiloNuggets,2,2,260.0,130.0,9,0,0,False,Veteran (老牌强队),<300 (入门发展)
2769,66668,Springer Legonauts,MOUNTAIN VIEW,Family/Community,1,FIRST LEGO League: Challenge,pending_national_screening,2,False,1/2 screened,1,2,True,2/2 complete,2,2,2,2,1,missing,True,2,0,False,Below minimum: 0/2 required,0,2,False,Jotform pending,True,False,none,0,[],/static/images/program_logos/fll_challenge_logo.png,/static/images/season_logos/2026_fll_challenge.png,True,,2,2,205.0,175.0,5,0,0,False,Veteran (老牌强队),<300 (入门发展)
2770,66756,Cryptobots,Fremont,Family/Community,1,FIRST LEGO League: Challenge,pending_national_screening,2,False,0/2 screened,0,2,True,2/2 complete,2,2,2,2,0,missing,True,2,0,False,Below minimum: 0/2 required,0,2,False,Jotform pending,True,False,none,0,[],/static/images/program_logos/fll_challenge_logo.png,/static/images/season_logos/2026_fll_challenge.png,True,,2,2,265.0,212.5,8,1,0,False,Veteran (老牌强队),<300 (入门发展)
2771,66764,Celsius and Beyond Lemons,San Francisco,Celsius and Beyond,1,FIRST LEGO League: Challenge,good,2,True,2/2 screened,2,2,True,2/2 complete,2,2,2,2,2,complete,True,2,0,True,,10,10,True,,True,True,none,1,"[{""id"": 307, ""name"": ""NorCal FLL Challenge BIOGLOW QT- SF Town School for Boys"", ""date"": ""2026-11-15T16:00:00Z"", ""timezone"": ""America/Los_Angeles"", ""website_uri"": ""https://mylumi.playingatlearning.org/en/event/307/"", ""level_name"": ""NorCal FLL Founders Edition 2026 Event Level""}]",/static/images/program_logos/fll_challenge_logo.png,/static/images/season_logos/2026_fll_challenge.png,True,Celsius and Beyond,4,3,305.0,198.3,2,0,1,True,Veteran (老牌强队),300-399 (中坚晋级)
2772,66817,Reid-Hillview Airport Robotics,Sunnyvale,Family/Community,1,FIRST LEGO League: Challenge,good,2,True,2/2 screened,2,2,True,2/2 complete,2,2,2,2,2,complete,True,2,0,True,,7,7,True,,True,True,none,1,"[{""id"": 308, ""name"": ""NorCal FLL Challenge BIOGLOW QT - NOV 15 The Play Space, San Jose"", ""date"": ""2026-11-15T16:00:00Z"", ""timezone"": ""America/Los_Angeles"", ""website_uri"": ""https://mylumi.playingatlearning.org/en/event/308/"", ""level_name"": ""NorCal FLL Founders Edition 2026 Event Level""}]",/static/images/program_logos/fll_challenge_logo.png,/static/images/season_logos/2026_fll_challenge.png,True,,2,2,115.0,115.0,23,0,0,False,Veteran (老牌强队),<300 (入门发展)
2773,66820,W Robotics,Cupertino,Leadways School,1,FIRST LEGO League: Challenge,good,2,True,2/2 screened,2,2,True,2/2 complete,2,2,2,2,1,missing,True,2,0,True,,4,4,True,,True,True,none,1,"[{""id"": 311, ""name"": ""NorCal FLL Challenge BIOGLOW QT - Girl Scouts at EPA Center, East Palo Alto"", ""date"": ""2026-11-22T16:00:00Z"", ""timezone"": ""America/Los_Angeles"", ""website_uri"": ""https://mylumi.playingatlearning.org/en/event/311/"", ""level_name"": ""NorCal FLL Founders Edition 2026 Event Level""}]",/static/images/program_logos/fll_challenge_logo.png,/static/images/season_logos/2026_fll_challenge.png,True,Leadways FBI,4,3,410.0,360.0,1,3,1,True,Veteran (老牌强队),400-499 (一档强队)
2774,66883,FLL-C 66883,Oakland,Piedmont Makers,1,FIRST LEGO League: Challenge,waiting_invites,1,False,0/2 screened,0,2,False,0/2 complete,0,2,0,0,0,missing,False,1,1,False,Below minimum: 0/2 required,0,2,False,Jotform pending,True,False,none,0,[],/static/images/program_logos/fll_challenge_logo.png,/static/images/season_logos/2026_fll_challenge.png,False,,0,0,,,,0,0,False,Rookie (新队伍),暂无得分记录
2775,67050,FLL-C  67050,Oakland,Piedmont Makers,1,FIRST LEGO League: Challenge,waiting_invites,2,False,0/2 screened,0,2,False,0/2 complete,0,2,0,0,0,missing,True,2,2,False,Below minimum: 0/2 required,0,2,False,Jotform pending,True,False,none,0,[],/static/images/program_logos/fll_challenge_logo.png,/static/images/season_logos/2026_fll_challenge.png,False,,0,0,,,,0,0,False,Rookie (新队伍),暂无得分记录
2776,67056,Wavebots,Fremont,Family/Community,1,FIRST LEGO League: Challenge,good,2,True,2/2 screened,2,2,True,2/2 complete,2,2,2,2,2,complete,True,2,0,True,,4,4,True,,True,True,none,1,"[{""id"": 306, ""name"": ""NorCal FLL Challenge BIOGLOW QT - San Francisco Bay University, Fremont"", ""date"": ""2026-11-14T16:00:00Z"", ""timezone"": ""America/Los_Angeles"", ""website_uri"": ""https://mylumi.playingatlearning.org/en/event/306/"", ""level_name"": ""NorCal FLL Founders Edition 2026 Event Level""}]",/static/images/program_logos/fll_challenge_logo.png,/static/images/season_logos/2026_fll_challenge.png,True,,4,3,295.0,280.0,7,0,1,True,Veteran (老牌强队),<300 (入门发展)
2777,67074,Rad_Robos,Roseville,"Granite Oaks Middle, Paso Verde, Natomas Pacific Pathways Prep Middle",1,FIRST LEGO League: Challenge,roster_overload,2,True,2/2 screened,2,2,True,2/2 complete,2,2,2,2,1,missing,True,2,0,True,,8,8,True,,True,True,none,0,[],/static/images/program_logos/fll_challenge_logo.png,/static/images/season_logos/2026_fll_challenge.png,True,,2,2,255.0,127.5,17,0,0,False,Veteran (老牌强队),<300 (入门发展)
2932,67635,Mission LEGO Legends,Fremont,William Hopkins Junior High,1,FIRST LEGO League: Challenge,good,2,True,2/2 screened,2,2,True,2/2 complete,2,2,2,2,2,complete,True,2,0,True,,5,5,True,,True,True,none,1,"[{""id"": 309, ""name"": ""NorCal FLL Challenge BIOGLOW QT - Nueva School, San Mateo"", ""date"": ""2026-11-15T16:00:00Z"", ""timezone"": ""America/Los_Angeles"", ""website_uri"": ""https://mylumi.playingatlearning.org/en/event/309/"", ""level_name"": ""NorCal FLL Founders Edition 2026 Event Level""}]",/static/images/program_logos/fll_challenge_logo.png,/static/images/season_logos/2026_fll_challenge.png,True,,3,3,330.0,235.0,9,0,0,False,Veteran (老牌强队),300-399 (中坚晋级)
2779,67727,Thunderbolts,Fremont,Family/Community,1,FIRST LEGO League: Challenge,good,2,True,2/2 screened,2,2,True,2/2 complete,2,2,2,2,2,complete,True,2,0,True,,5,5,True,,True,True,none,1,"[{""id"": 306, ""name"": ""NorCal FLL Challenge BIOGLOW QT - San Francisco Bay University, Fremont"", ""date"": ""2026-11-14T16:00:00Z"", ""timezone"": ""America/Los_Angeles"", ""website_uri"": ""https://mylumi.playingatlearning.org/en/event/306/"", ""level_name"": ""NorCal FLL Founders Edition 2026 Event Level""}]",/static/images/program_logos/fll_challenge_logo.png,/static/images/season_logos/2026_fll_challenge.png,True,,3,3,375.0,270.0,5,1,0,False,Veteran (老牌强队),300-399 (中坚晋级)
3019,67749,ML Infinity Bots,San Jose,Family/Community,1,FIRST LEGO League: Challenge,good,2,True,2/2 screened,2,2,True,2/2 complete,2,2,2,2,2,complete,True,2,0,True,,6,6,True,,True,True,none,1,"[{""id"": 305, ""name"": ""NorCal FLL Challenge BIOGLOW QT - The King's Academy, Sunnyvale"", ""date"": ""2026-11-14T16:00:00Z"", ""timezone"": ""America/Los_Angeles"", ""website_uri"": ""https://mylumi.playingatlearning.org/en/event/305/"", ""level_name"": ""NorCal FLL Founders Edition 2026 Event Level""}]",/static/images/program_logos/fll_challenge_logo.png,/static/images/season_logos/2026_fll_challenge.png,True,,2,2,190.0,190.0,8,0,0,False,Veteran (老牌强队),<300 (入门发展)
2778,67813,Gears in Motion,Fremont,Family/Community,1,FIRST LEGO League: Challenge,good,2,True,2/2 screened,2,2,True,2/2 complete,2,2,2,2,2,complete,True,2,0,True,,5,5,True,,True,True,none,0,[],/static/images/program_logos/fll_challenge_logo.png,/static/images/season_logos/2026_fll_challenge.png,True,,1,1,310.0,310.0,11,0,0,False,Experienced (有参赛经验),300-399 (中坚晋级)
2780,67854,Superstars,fremont,Family/Community,1,FIRST LEGO League: Challenge,good,2,True,2/2 screened,2,2,True,2/2 complete,2,2,2,2,2,complete,True,2,0,True,,2,2,True,,True,True,none,1,"[{""id"": 306, ""name"": ""NorCal FLL Challenge BIOGLOW QT - San Francisco Bay University, Fremont"", ""date"": ""2026-11-14T16:00:00Z"", ""timezone"": ""America/Los_Angeles"", ""website_uri"": ""https://mylumi.playingatlearning.org/en/event/306/"", ""level_name"": ""NorCal FLL Founders Edition 2026 Event Level""}]",/static/images/program_logos/fll_challenge_logo.png,/static/images/season_logos/2026_fll_challenge.png,True,,3,3,270.0,135.0,6,2,1,False,Veteran (老牌强队),<300 (入门发展)
2781,68040,MH Quantum,Mountain House,Family/Community,1,FIRST LEGO League: Challenge,good,2,True,2/2 screened,2,2,True,2/2 complete,2,2,2,2,2,complete,True,2,0,True,,4,4,True,,True,True,none,1,"[{""id"": 303, ""name"": ""NorCal FLL Challenge BIOGLOW QT -  Beyer High School, Modesto"", ""date"": ""2026-11-14T16:00:00Z"", ""timezone"": ""America/Los_Angeles"", ""website_uri"": ""https://mylumi.playingatlearning.org/en/event/303/"", ""level_name"": ""NorCal FLL Founders Edition 2026 Event Level""}]",/static/images/program_logos/fll_challenge_logo.png,/static/images/season_logos/2026_fll_challenge.png,True,MH Aqua Blue 9,3,3,465.0,232.5,1,1,0,False,Veteran (老牌强队),400-499 (一档强队)
2782,68202,Curious Earthlings,Fremont,Family/Community,1,FIRST LEGO League: Challenge,good,2,True,2/2 screened,2,2,True,2/2 complete,2,2,2,2,2,complete,True,2,0,True,,5,5,True,,True,True,none,1,"[{""id"": 307, ""name"": ""NorCal FLL Challenge BIOGLOW QT- SF Town School for Boys"", ""date"": ""2026-11-15T16:00:00Z"", ""timezone"": ""America/Los_Angeles"", ""website_uri"": ""https://mylumi.playingatlearning.org/en/event/307/"", ""level_name"": ""NorCal FLL Founders Edition 2026 Event Level""}]",/static/images/program_logos/fll_challenge_logo.png,/static/images/season_logos/2026_fll_challenge.png,True,Soaring Seastars,5,3,375.0,226.2,12,4,2,True,Veteran (老牌强队),300-399 (中坚晋级)
2976,68218,Tiger Robotics 5,San Francisco,Town School for Boys,1,FIRST LEGO League: Challenge,good,2,True,2/2 screened,2,2,True,2/2 complete,2,2,2,2,2,complete,True,2,0,True,,6,6,True,,True,True,none,0,[],/static/images/program_logos/fll_challenge_logo.png,/static/images/season_logos/2026_fll_challenge.png,True,,2,2,180.0,160.0,15,0,0,False,Veteran (老牌强队),<300 (入门发展)
2783,68575,Titan-Botics,San Jose,"Santa Teresa Elementary, Stratford School - San Jose, Thornton Middle School, Patterson Elementary School",1,FIRST LEGO League: Challenge,good,2,True,2/2 screened,2,2,True,2/2 complete,2,2,2,2,1,missing,True,2,0,True,,7,7,True,,True,True,none,1,"[{""id"": 310, ""name"": ""NorCal FLL Challenge BIOGLOW QT - Gunn High School, Palo Alto"", ""date"": ""2026-11-21T16:00:00Z"", ""timezone"": ""America/Los_Angeles"", ""website_uri"": ""https://mylumi.playingatlearning.org/en/event/310/"", ""level_name"": ""NorCal FLL Founders Edition 2026 Event Level""}]",/static/images/program_logos/fll_challenge_logo.png,/static/images/season_logos/2026_fll_challenge.png,True,,3,2,345.0,330.0,10,0,0,True,Veteran (老牌强队),300-399 (中坚晋级)
2933,68707,Scuttle Budders,San Jose,Holy Family School,1,FIRST LEGO League: Challenge,good,2,True,2/2 screened,2,2,True,2/2 complete,2,2,2,2,0,missing,True,2,0,True,,7,7,True,,True,True,none,1,"[{""id"": 301, ""name"": ""NorCal FLL Challenge BIOGLOW QT – St. Martin of Tours, San Jose"", ""date"": ""2026-11-07T16:00:00Z"", ""timezone"": ""America/Los_Angeles"", ""website_uri"": ""https://mylumi.playingatlearning.org/en/event/301/"", ""level_name"": ""NorCal FLL Founders Edition 2026 Event Level""}]",/static/images/program_logos/fll_challenge_logo.png,/static/images/season_logos/2026_fll_challenge.png,True,The HF Glitch Mob - Syntax Terror / HF Bears,3,3,160.0,147.5,9,1,0,False,Veteran (老牌强队),<300 (入门发展)
3045,68833,Robo Knights,Oakland,Claremont Middle,1,FIRST LEGO League: Challenge,waiting_invites,2,False,1/2 screened,1,2,False,1/2 complete,1,2,1,1,0,missing,True,2,1,False,Below minimum: 0/2 required,0,2,False,Jotform pending,True,False,none,0,[],/static/images/program_logos/fll_challenge_logo.png,/static/images/season_logos/2026_fll_challenge.png,False,,0,0,,,,0,0,False,Rookie (新队伍),暂无得分记录
2784,68910,Monkey Bricks,San Francisco,San Francisco Day School,1,FIRST LEGO League: Challenge,waiting_members,2,True,2/2 screened,2,2,True,2/2 complete,2,2,2,2,1,missing,True,2,0,False,Below minimum: 0/2 required,0,2,False,Jotform pending,True,False,none,0,[],/static/images/program_logos/fll_challenge_logo.png,/static/images/season_logos/2026_fll_challenge.png,True,Digital Dolphins - YELLOW TEAM / Digital Dolphins - White Team,2,2,230.0,210.0,9,0,0,False,Veteran (老牌强队),<300 (入门发展)
2785,69000,King Khai Robotics,Alameda,Family/Community,1,FIRST LEGO League: Challenge,good,2,True,2/2 screened,2,2,True,2/2 complete,2,2,2,2,2,complete,True,2,0,True,,6,6,True,,True,True,none,0,[],/static/images/program_logos/fll_challenge_logo.png,/static/images/season_logos/2026_fll_challenge.png,True,King Bob Robotics,2,2,275.0,240.0,4,0,0,False,Veteran (老牌强队),<300 (入门发展)
2786,69015,Quantum Tacocats,Dublin,Family/Community,1,FIRST LEGO League: Challenge,good,2,True,2/2 screened,2,2,True,2/2 complete,2,2,2,2,2,complete,True,2,0,True,,6,6,True,,True,True,none,1,"[{""id"": 313, ""name"": ""NorCal FLL Challenge BIOGLOW QT - BASIS Independent School, Dublin"", ""date"": ""2026-11-14T16:00:00Z"", ""timezone"": ""America/Los_Angeles"", ""website_uri"": ""https://mylumi.playingatlearning.org/en/event/313/"", ""level_name"": ""NorCal FLL Founders Edition 2026 Event Level""}]",/static/images/program_logos/fll_challenge_logo.png,/static/images/season_logos/2026_fll_challenge.png,True,QR Codes / Quantum Robotics T2,3,3,365.0,267.5,2,0,0,False,Veteran (老牌强队),300-399 (中坚晋级)
3020,69118,Chickens in the Tree,Berkeley,Family/Community,1,FIRST LEGO League: Challenge,good,2,True,2/2 screened,2,2,True,2/2 complete,2,2,2,2,2,complete,True,2,0,True,,4,4,True,,True,True,none,1,"[{""id"": 309, ""name"": ""NorCal FLL Challenge BIOGLOW QT - Nueva School, San Mateo"", ""date"": ""2026-11-15T16:00:00Z"", ""timezone"": ""America/Los_Angeles"", ""website_uri"": ""https://mylumi.playingatlearning.org/en/event/309/"", ""level_name"": ""NorCal FLL Founders Edition 2026 Event Level""}]",/static/images/program_logos/fll_challenge_logo.png,/static/images/season_logos/2026_fll_challenge.png,True,The Eggsplorers / ZiwiKiwi.Co,3,3,135.0,132.5,14,0,0,False,Veteran (老牌强队),<300 (入门发展)
3021,69281,Meow Machines,Berkeley,Family/Community,1,FIRST LEGO League: Challenge,good,2,True,2/2 screened,2,2,True,2/2 complete,2,2,2,2,2,complete,True,2,0,True,,5,5,True,,True,True,none,1,"[{""id"": 309, ""name"": ""NorCal FLL Challenge BIOGLOW QT - Nueva School, San Mateo"", ""date"": ""2026-11-15T16:00:00Z"", ""timezone"": ""America/Los_Angeles"", ""website_uri"": ""https://mylumi.playingatlearning.org/en/event/309/"", ""level_name"": ""NorCal FLL Founders Edition 2026 Event Level""}]",/static/images/program_logos/fll_challenge_logo.png,/static/images/season_logos/2026_fll_challenge.png,True,The RoboSnailRabbits / Spicy Mango Apple Generators (S.M.A.G.),3,3,140.0,137.5,13,0,0,False,Veteran (老牌强队),<300 (入门发展)
2787,69297,Robolabs Curiosity ,Dublin,Family/Community,1,FIRST LEGO League: Challenge,pending_fingerprinting,2,True,2/2 screened,2,2,False,0/2 complete,0,2,1,0,0,missing,True,2,0,False,Below minimum: 0/2 required,0,2,False,Jotform pending,True,False,none,0,[],/static/images/program_logos/fll_challenge_logo.png,/static/images/season_logos/2026_fll_challenge.png,True,,1,1,115.0,115.0,15,0,0,False,Experienced (有参赛经验),<300 (入门发展)
2788,69324,Roosevelt Bulldogs,Oakland,Roosevelt Middle,1,FIRST LEGO League: Challenge,waiting_invites,2,False,1/2 screened,1,2,False,1/2 complete,1,2,1,1,0,missing,True,2,1,False,Below minimum: 0/2 required,0,2,False,Jotform pending,True,False,none,0,[],/static/images/program_logos/fll_challenge_logo.png,/static/images/season_logos/2026_fll_challenge.png,False,,0,0,,,,0,0,False,Rookie (新队伍),暂无得分记录
2789,69572,Aurafacts,San Ramon,Family/Community,1,FIRST LEGO League: Challenge,good,2,True,2/2 screened,2,2,True,2/2 complete,2,2,2,2,2,complete,True,2,0,True,,5,5,True,,True,True,none,1,"[{""id"": 310, ""name"": ""NorCal FLL Challenge BIOGLOW QT - Gunn High School, Palo Alto"", ""date"": ""2026-11-21T16:00:00Z"", ""timezone"": ""America/Los_Angeles"", ""website_uri"": ""https://mylumi.playingatlearning.org/en/event/310/"", ""level_name"": ""NorCal FLL Founders Edition 2026 Event Level""}]",/static/images/program_logos/fll_challenge_logo.png,/static/images/season_logos/2026_fll_challenge.png,True,Hydro Hackers,3,3,240.0,195.0,12,0,0,False,Veteran (老牌强队),<300 (入门发展)
2790,69962,Robolabs Wind,Dublin,Family/Community,1,FIRST LEGO League: Challenge,pending_fingerprinting,2,True,2/2 screened,2,2,False,0/2 complete,0,2,1,0,0,missing,True,2,0,False,Below minimum: 0/2 required,0,2,False,Jotform pending,True,False,none,0,[],/static/images/program_logos/fll_challenge_logo.png,/static/images/season_logos/2026_fll_challenge.png,True,,1,1,0.0,0.0,,0,0,False,Experienced (有参赛经验),<300 (入门发展)
2791,70000,Bulldog Bots,Fremont,Family/Community,1,FIRST LEGO League: Challenge,good,2,True,2/2 screened,2,2,True,2/2 complete,2,2,2,2,2,complete,True,2,0,True,,5,5,True,,True,True,none,1,"[{""id"": 307, ""name"": ""NorCal FLL Challenge BIOGLOW QT- SF Town School for Boys"", ""date"": ""2026-11-15T16:00:00Z"", ""timezone"": ""America/Los_Angeles"", ""website_uri"": ""https://mylumi.playingatlearning.org/en/event/307/"", ""level_name"": ""NorCal FLL Founders Edition 2026 Event Level""}]",/static/images/program_logos/fll_challenge_logo.png,/static/images/season_logos/2026_fll_challenge.png,True,,3,3,350.0,287.5,2,1,0,False,Veteran (老牌强队),300-399 (中坚晋级)
2792,70148,TerraKnights,San Jose,Family/Community,1,FIRST LEGO League: Challenge,good,2,True,2/2 screened,2,2,True,2/2 complete,2,2,2,2,2,complete,True,2,0,True,,3,3,True,,True,True,none,1,"[{""id"": 310, ""name"": ""NorCal FLL Challenge BIOGLOW QT - Gunn High School, Palo Alto"", ""date"": ""2026-11-21T16:00:00Z"", ""timezone"": ""America/Los_Angeles"", ""website_uri"": ""https://mylumi.playingatlearning.org/en/event/310/"", ""level_name"": ""NorCal FLL Founders Edition 2026 Event Level""}]",/static/images/program_logos/fll_challenge_logo.png,/static/images/season_logos/2026_fll_challenge.png,True,,4,3,430.0,341.7,2,3,1,True,Veteran (老牌强队),400-499 (一档强队)
2934,70191,Foggy Froggies,San Francisco,San Francisco Schoolhouse,1,FIRST LEGO League: Challenge,waiting_invites,2,False,0/2 screened,0,2,False,1/2 complete,1,2,1,2,1,missing,True,2,0,False,Below minimum: 0/2 required,0,2,False,Jotform pending,True,False,none,0,[],/static/images/program_logos/fll_challenge_logo.png,/static/images/season_logos/2026_fll_challenge.png,False,,0,0,,,,0,0,False,Rookie (新队伍),暂无得分记录
2793,70221,Hydrobots - SBR,Sunnyvale,Family/Community,1,FIRST LEGO League: Challenge,good,2,True,2/2 screened,2,2,True,2/2 complete,2,2,2,2,2,complete,True,2,0,True,,2,2,True,,True,True,none,1,"[{""id"": 312, ""name"": ""NorCal FLL Challenge BIOGLOW QT  - Lowell High School, San Francisco"", ""date"": ""2026-11-21T16:00:00Z"", ""timezone"": ""America/Los_Angeles"", ""website_uri"": ""https://mylumi.playingatlearning.org/en/event/312/"", ""level_name"": ""NorCal FLL Founders Edition 2026 Event Level""}]",/static/images/program_logos/fll_challenge_logo.png,/static/images/season_logos/2026_fll_challenge.png,True,BroBots - SBR / BroBots - SBR Team Sunnyvale,3,3,220.0,215.0,5,0,0,False,Veteran (老牌强队),<300 (入门发展)
2794,70468,Future Finders,Fremont,Family/Community,1,FIRST LEGO League: Challenge,good,2,True,2/2 screened,2,2,True,2/2 complete,2,2,2,2,2,complete,True,2,0,True,,4,4,True,,True,True,none,0,[],/static/images/program_logos/fll_challenge_logo.png,/static/images/season_logos/2026_fll_challenge.png,True,,1,1,375.0,375.0,1,3,0,False,Experienced (有参赛经验),300-399 (中坚晋级)
2795,70590,Owl Robotics,San Jose,Family/Community,1,FIRST LEGO League: Challenge,pending_fingerprinting,1,False,1/2 screened,1,2,False,1/2 complete,1,2,1,1,1,unknown,False,1,0,False,Below minimum: 0/2 required,0,2,False,Jotform pending,True,False,none,0,[],/static/images/program_logos/fll_challenge_logo.png,/static/images/season_logos/2026_fll_challenge.png,False,,0,0,,,,0,0,False,Rookie (新队伍),暂无得分记录
2935,70727,Lego Legends,Folsom,Family/Community,1,FIRST LEGO League: Challenge,pending_national_screening,2,False,1/2 screened,1,2,True,2/2 complete,2,2,2,2,0,missing,True,2,0,False,Below minimum: 0/2 required,0,2,False,Jotform pending,True,False,none,0,[],/static/images/program_logos/fll_challenge_logo.png,/static/images/season_logos/2026_fll_challenge.png,True,,1,1,275.0,275.0,5,1,0,False,Experienced (有参赛经验),<300 (入门发展)
3022,70837,Alamo,Walnut Creek,Alamo Elementary,1,FIRST LEGO League: Challenge,pending_fingerprinting,1,False,0/2 screened,0,2,False,0/2 complete,0,2,0,0,0,unknown,False,1,0,False,Below minimum: 0/2 required,0,2,False,Jotform pending,True,False,none,0,[],/static/images/program_logos/fll_challenge_logo.png,/static/images/season_logos/2026_fll_challenge.png,False,,0,0,,,,0,0,False,Rookie (新队伍),暂无得分记录
2796,71033,TechnoTigers,Mountain View,Family/Community,1,FIRST LEGO League: Challenge,good,2,True,2/2 screened,2,2,True,2/2 complete,2,2,2,2,2,complete,True,2,0,True,,4,4,True,,True,True,none,1,"[{""id"": 301, ""name"": ""NorCal FLL Challenge BIOGLOW QT – St. Martin of Tours, San Jose"", ""date"": ""2026-11-07T16:00:00Z"", ""timezone"": ""America/Los_Angeles"", ""website_uri"": ""https://mylumi.playingatlearning.org/en/event/301/"", ""level_name"": ""NorCal FLL Founders Edition 2026 Event Level""}]",/static/images/program_logos/fll_challenge_logo.png,/static/images/season_logos/2026_fll_challenge.png,True,,2,2,205.0,205.0,8,1,0,False,Veteran (老牌强队),<300 (入门发展)
2797,71110,RobotiCi,San Francisco,La Scuola International School,1,FIRST LEGO League: Challenge,pending_fingerprinting,2,False,0/2 screened,0,2,False,1/2 complete,1,2,1,1,0,missing,True,2,0,False,Below minimum: 0/2 required,0,2,False,Jotform pending,True,False,none,0,[],/static/images/program_logos/fll_challenge_logo.png,/static/images/season_logos/2026_fll_challenge.png,True,,1,1,85.0,85.0,11,0,0,False,Experienced (有参赛经验),<300 (入门发展)
2798,71232,Aura100%,San Jose,Family/Community,1,FIRST LEGO League: Challenge,roster_overload,2,True,2/2 screened,2,2,True,2/2 complete,2,2,2,2,2,complete,True,2,0,True,,9,9,True,,True,True,none,1,"[{""id"": 311, ""name"": ""NorCal FLL Challenge BIOGLOW QT - Girl Scouts at EPA Center, East Palo Alto"", ""date"": ""2026-11-22T16:00:00Z"", ""timezone"": ""America/Los_Angeles"", ""website_uri"": ""https://mylumi.playingatlearning.org/en/event/311/"", ""level_name"": ""NorCal FLL Founders Edition 2026 Event Level""}]",/static/images/program_logos/fll_challenge_logo.png,/static/images/season_logos/2026_fll_challenge.png,True,,3,2,440.0,410.0,1,1,1,True,Veteran (老牌强队),400-499 (一档强队)
2799,71252,CrossWired,Modesto,Big Valley Christian,1,FIRST LEGO League: Challenge,waiting_invites,2,True,2/2 screened,2,2,False,1/2 complete,1,2,1,1,1,missing,True,2,1,False,Below minimum: 0/2 required,0,2,False,Jotform pending,True,False,none,0,[],/static/images/program_logos/fll_challenge_logo.png,/static/images/season_logos/2026_fll_challenge.png,True,Lions,1,1,275.0,275.0,10,0,0,False,Experienced (有参赛经验),<300 (入门发展)
2800,71269,Coding Crusaders,San Mateo,Family/Community,1,FIRST LEGO League: Challenge,waiting_members,2,True,2/2 screened,2,2,True,2/2 complete,2,2,2,2,2,complete,True,2,0,False,Below minimum: 0/2 required,0,2,False,Jotform pending,True,False,none,0,[],/static/images/program_logos/fll_challenge_logo.png,/static/images/season_logos/2026_fll_challenge.png,True,,1,1,170.0,170.0,11,0,0,False,Experienced (有参赛经验),<300 (入门发展)
2801,71294,FLL-C 71294,Oakland,Piedmont Makers,1,FIRST LEGO League: Challenge,waiting_invites,1,False,0/2 screened,0,2,False,0/2 complete,0,2,1,0,0,missing,False,1,1,False,Below minimum: 0/2 required,0,2,False,Jotform pending,True,False,none,0,[],/static/images/program_logos/fll_challenge_logo.png,/static/images/season_logos/2026_fll_challenge.png,False,,0,0,,,,0,0,False,Rookie (新队伍),暂无得分记录
2802,71295,FLL-C 71295,Oakland,Piedmont Makers,1,FIRST LEGO League: Challenge,waiting_invites,2,True,2/2 screened,2,2,False,0/2 complete,0,2,1,0,1,missing,True,2,2,False,Below minimum: 0/2 required,0,2,False,Jotform pending,True,False,none,0,[],/static/images/program_logos/fll_challenge_logo.png,/static/images/season_logos/2026_fll_challenge.png,False,,0,0,,,,0,0,False,Rookie (新队伍),暂无得分记录
2803,71297,FLL-C 71297,Oakland,Piedmont Makers,1,FIRST LEGO League: Challenge,pending_fingerprinting,0,False,0/2 screened,0,2,False,0/2 complete,0,2,0,0,0,unknown,False,0,0,False,Below minimum: 0/2 required,0,2,False,Jotform pending,True,False,none,0,[],/static/images/program_logos/fll_challenge_logo.png,/static/images/season_logos/2026_fll_challenge.png,False,,0,0,,,,0,0,False,Rookie (新队伍),暂无得分记录
2804,71298,FLL-C 71298 ,Oakland,Piedmont Makers,1,FIRST LEGO League: Challenge,waiting_invites,1,False,0/2 screened,0,2,False,0/2 complete,0,2,0,0,0,missing,False,1,1,False,Below minimum: 0/2 required,0,2,False,Jotform pending,True,False,none,0,[],/static/images/program_logos/fll_challenge_logo.png,/static/images/season_logos/2026_fll_challenge.png,False,,0,0,,,,0,0,False,Rookie (新队伍),暂无得分记录
2805,71299,FLL-C 71299,Oakland,Piedmont makers,1,FIRST LEGO League: Challenge,waiting_invites,2,False,1/2 screened,1,2,False,0/2 complete,0,2,0,0,0,missing,True,2,2,False,Below minimum: 0/2 required,0,2,False,Jotform pending,True,False,none,0,[],/static/images/program_logos/fll_challenge_logo.png,/static/images/season_logos/2026_fll_challenge.png,False,,0,0,,,,0,0,False,Rookie (新队伍),暂无得分记录
2806,71301,FLL-C 71301,Oakland,Piedmont Makers,1,FIRST LEGO League: Challenge,waiting_invites,2,True,2/2 screened,2,2,False,0/2 complete,0,2,0,0,0,missing,True,2,2,False,Below minimum: 0/2 required,0,2,False,Jotform pending,True,False,none,0,[],/static/images/program_logos/fll_challenge_logo.png,/static/images/season_logos/2026_fll_challenge.png,False,,0,0,,,,0,0,False,Rookie (新队伍),暂无得分记录
2807,71302,FLL-C 71302,Oakland,Piedmont makers,1,FIRST LEGO League: Challenge,pending_fingerprinting,2,False,1/2 screened,1,2,False,0/2 complete,0,2,0,0,0,missing,True,2,0,False,Below minimum: 0/2 required,0,2,False,Jotform pending,True,False,none,0,[],/static/images/program_logos/fll_challenge_logo.png,/static/images/season_logos/2026_fll_challenge.png,False,,0,0,,,,0,0,False,Rookie (新队伍),暂无得分记录
2808,71304,FLL-C 71304,Oakland,Piedmont makers,1,FIRST LEGO League: Challenge,waiting_invites,1,False,1/2 screened,1,2,False,0/2 complete,0,2,0,0,0,missing,False,1,1,False,Below minimum: 0/2 required,0,2,False,Jotform pending,True,False,none,0,[],/static/images/program_logos/fll_challenge_logo.png,/static/images/season_logos/2026_fll_challenge.png,False,,0,0,,,,0,0,False,Rookie (新队伍),暂无得分记录
2809,71305,FLL-C 71305,Oakland,Piedmont makers,1,FIRST LEGO League: Challenge,waiting_invites,2,True,2/2 screened,2,2,False,0/2 complete,0,2,0,0,0,missing,True,2,1,False,Below minimum: 0/2 required,0,2,False,Jotform pending,True,False,none,0,[],/static/images/program_logos/fll_challenge_logo.png,/static/images/season_logos/2026_fll_challenge.png,False,,0,0,,,,0,0,False,Rookie (新队伍),暂无得分记录
2810,71306,FLL-C 71306,Oakland,Piedmont Makers,1,FIRST LEGO League: Challenge,waiting_invites,1,False,1/2 screened,1,2,False,0/2 complete,0,2,0,0,0,missing,False,1,1,False,Below minimum: 0/2 required,0,2,False,Jotform pending,True,False,none,0,[],/static/images/program_logos/fll_challenge_logo.png,/static/images/season_logos/2026_fll_challenge.png,True,Wingin' It,1,1,240.0,240.0,7,0,0,False,Experienced (有参赛经验),<300 (入门发展)
2811,71307,FLL-C 71307,Oakland,Piedmont Makers,1,FIRST LEGO League: Challenge,waiting_invites,2,False,0/2 screened,0,2,False,0/2 complete,0,2,0,0,0,missing,True,2,1,False,Below minimum: 0/2 required,0,2,False,Jotform pending,True,False,none,0,[],/static/images/program_logos/fll_challenge_logo.png,/static/images/season_logos/2026_fll_challenge.png,False,,0,0,,,,0,0,False,Rookie (新队伍),暂无得分记录
2812,71308,FLL-C 71308,Oakland,Piedmont Makers,1,FIRST LEGO League: Challenge,waiting_invites,2,False,0/2 screened,0,2,False,0/2 complete,0,2,1,0,0,missing,True,2,1,False,Below minimum: 0/2 required,0,2,False,Jotform pending,True,False,none,0,[],/static/images/program_logos/fll_challenge_logo.png,/static/images/season_logos/2026_fll_challenge.png,False,,0,0,,,,0,0,False,Rookie (新队伍),暂无得分记录
2813,71309,FLL-C 71309,Oakland,Piedmont Makers,1,FIRST LEGO League: Challenge,waiting_invites,1,False,1/2 screened,1,2,False,0/2 complete,0,2,0,0,0,missing,False,1,1,False,Below minimum: 0/2 required,0,2,False,Jotform pending,True,False,none,0,[],/static/images/program_logos/fll_challenge_logo.png,/static/images/season_logos/2026_fll_challenge.png,False,,0,0,,,,0,0,False,Rookie (新队伍),暂无得分记录
2814,71310,FLL-C 71310,Oakland,Piedmont Makers,1,FIRST LEGO League: Challenge,pending_fingerprinting,0,False,0/2 screened,0,2,False,0/2 complete,0,2,0,0,0,unknown,False,0,0,False,Below minimum: 0/2 required,0,2,False,Jotform pending,True,False,none,0,[],/static/images/program_logos/fll_challenge_logo.png,/static/images/season_logos/2026_fll_challenge.png,False,,0,0,,,,0,0,False,Rookie (新队伍),暂无得分记录
2815,71311,FLL-C 71311,Oakland,Piedmont Makers,1,FIRST LEGO League: Challenge,waiting_invites,2,False,1/2 screened,1,2,False,0/2 complete,0,2,0,0,0,missing,True,2,2,False,Below minimum: 0/2 required,0,2,False,Jotform pending,True,False,none,0,[],/static/images/program_logos/fll_challenge_logo.png,/static/images/season_logos/2026_fll_challenge.png,False,,0,0,,,,0,0,False,Rookie (新队伍),暂无得分记录
2816,71312,FLL-C  71312,Oakland,Piedmont Makers,1,FIRST LEGO League: Challenge,waiting_invites,2,False,0/2 screened,0,2,False,0/2 complete,0,2,1,0,0,missing,True,2,1,False,Below minimum: 0/2 required,0,2,False,Jotform pending,True,False,none,0,[],/static/images/program_logos/fll_challenge_logo.png,/static/images/season_logos/2026_fll_challenge.png,False,,0,0,,,,0,0,False,Rookie (新队伍),暂无得分记录
2817,71313,FLL-C 71313,Oakland,Piedmont Makers,1,FIRST LEGO League: Challenge,pending_fingerprinting,0,False,0/2 screened,0,2,False,0/2 complete,0,2,0,0,0,unknown,False,0,0,False,Below minimum: 0/2 required,0,2,False,Jotform pending,True,False,none,0,[],/static/images/program_logos/fll_challenge_logo.png,/static/images/season_logos/2026_fll_challenge.png,False,,0,0,,,,0,0,False,Rookie (新队伍),暂无得分记录
2818,71427,Shark Masters,Pleasanton,Family/Community,1,FIRST LEGO League: Challenge,good,2,True,2/2 screened,2,2,True,2/2 complete,2,2,2,2,2,complete,True,2,0,True,,6,6,True,,True,True,none,1,"[{""id"": 302, ""name"": ""NorCal FLL Challenge BIOGLOW QT – The Dorris-Eaton School, San Ramon"", ""date"": ""2026-11-07T16:00:00Z"", ""timezone"": ""America/Los_Angeles"", ""website_uri"": ""https://mylumi.playingatlearning.org/en/event/302/"", ""level_name"": ""NorCal FLL Founders Edition 2026 Event Level""}]",/static/images/program_logos/fll_challenge_logo.png,/static/images/season_logos/2026_fll_challenge.png,True,,2,2,240.0,240.0,6,0,0,False,Veteran (老牌强队),<300 (入门发展)
2819,71435,Servo Dei,Ceres,Family/Community,1,FIRST LEGO League: Challenge,waiting_jotform,2,True,2/2 screened,2,2,True,2/2 complete,2,2,2,2,2,complete,True,2,0,True,,4,4,False,Jotform pending,True,False,none,0,[],/static/images/program_logos/fll_challenge_logo.png,/static/images/season_logos/2026_fll_challenge.png,True,,1,1,280.0,280.0,9,0,0,False,Experienced (有参赛经验),<300 (入门发展)
2820,71480,Westlake Robotics ,Oakland,Westlake Middle,1,FIRST LEGO League: Challenge,good,2,True,2/2 screened,2,2,True,2/2 complete,2,2,2,2,2,complete,True,2,0,True,,2,2,True,,True,True,none,1,"[{""id"": 304, ""name"": ""NorCal FLL Challenge BIOGLOW QT- SF Day School"", ""date"": ""2026-11-14T16:00:00Z"", ""timezone"": ""America/Los_Angeles"", ""website_uri"": ""https://mylumi.playingatlearning.org/en/event/304/"", ""level_name"": ""NorCal FLL Founders Edition 2026 Event Level""}]",/static/images/program_logos/fll_challenge_logo.png,/static/images/season_logos/2026_fll_challenge.png,True,,2,2,110.0,110.0,12,0,0,False,Veteran (老牌强队),<300 (入门发展)
2821,71481,Westlake Robotics Soar,Oakland,Westlake Middle,1,FIRST LEGO League: Challenge,good,2,True,2/2 screened,2,2,True,2/2 complete,2,2,2,2,2,complete,True,2,0,True,,4,4,True,,True,True,none,1,"[{""id"": 304, ""name"": ""NorCal FLL Challenge BIOGLOW QT- SF Day School"", ""date"": ""2026-11-14T16:00:00Z"", ""timezone"": ""America/Los_Angeles"", ""website_uri"": ""https://mylumi.playingatlearning.org/en/event/304/"", ""level_name"": ""NorCal FLL Founders Edition 2026 Event Level""}]",/static/images/program_logos/fll_challenge_logo.png,/static/images/season_logos/2026_fll_challenge.png,True,,2,2,125.0,125.0,12,0,0,False,Veteran (老牌强队),<300 (入门发展)
2822,71515,Sharp Academy Robotics,Lakeport,Home School,1,FIRST LEGO League: Challenge,pending_national_screening,2,False,1/2 screened,1,2,True,2/2 complete,2,2,2,2,1,missing,True,2,0,False,Below minimum: 0/2 required,0,2,False,Jotform pending,True,False,none,0,[],/static/images/program_logos/fll_challenge_logo.png,/static/images/season_logos/2026_fll_challenge.png,True,Lakeport Robo Runners,1,1,375.0,375.0,1,0,0,False,Experienced (有参赛经验),300-399 (中坚晋级)
2823,71523,FLL-C 71523,Piedmont,Piedmont Makers,1,FIRST LEGO League: Challenge,waiting_invites,2,False,1/2 screened,1,2,False,0/2 complete,0,2,0,1,0,missing,True,2,1,False,Below minimum: 0/2 required,0,2,False,Jotform pending,True,False,none,0,[],/static/images/program_logos/fll_challenge_logo.png,/static/images/season_logos/2026_fll_challenge.png,False,,0,0,,,,0,0,False,Rookie (新队伍),暂无得分记录
3023,71598,Bobstormers,San Jose,Family/Community,1,FIRST LEGO League: Challenge,good,2,True,2/2 screened,2,2,True,2/2 complete,2,2,2,2,2,complete,True,2,0,True,,5,5,True,,True,True,none,1,"[{""id"": 312, ""name"": ""NorCal FLL Challenge BIOGLOW QT  - Lowell High School, San Francisco"", ""date"": ""2026-11-21T16:00:00Z"", ""timezone"": ""America/Los_Angeles"", ""website_uri"": ""https://mylumi.playingatlearning.org/en/event/312/"", ""level_name"": ""NorCal FLL Founders Edition 2026 Event Level""}]",/static/images/program_logos/fll_challenge_logo.png,/static/images/season_logos/2026_fll_challenge.png,True,WIP,3,2,390.0,360.0,3,0,1,True,Veteran (老牌强队),300-399 (中坚晋级)
2824,71606,Lego Legends,Fremont,Family/Community,1,FIRST LEGO League: Challenge,good,2,True,2/2 screened,2,2,True,2/2 complete,2,2,2,2,1,missing,True,2,0,True,,6,6,True,,True,True,none,1,"[{""id"": 310, ""name"": ""NorCal FLL Challenge BIOGLOW QT - Gunn High School, Palo Alto"", ""date"": ""2026-11-21T16:00:00Z"", ""timezone"": ""America/Los_Angeles"", ""website_uri"": ""https://mylumi.playingatlearning.org/en/event/310/"", ""level_name"": ""NorCal FLL Founders Edition 2026 Event Level""}]",/static/images/program_logos/fll_challenge_logo.png,/static/images/season_logos/2026_fll_challenge.png,True,,3,2,480.0,450.0,2,0,1,True,Veteran (老牌强队),400-499 (一档强队)
2825,71616,  dumbots,Saratoga,Saratoga Elementary,1,FIRST LEGO League: Challenge,pending_national_screening,2,False,1/2 screened,1,2,True,2/2 complete,2,2,2,2,1,missing,True,2,0,False,Below minimum: 0/2 required,0,2,True,,True,True,none,0,[],/static/images/program_logos/fll_challenge_logo.png,/static/images/season_logos/2026_fll_challenge.png,True,brick bots,2,1,330.0,325.0,8,0,1,True,Veteran (老牌强队),300-399 (中坚晋级)
2826,71706,Sabercats1,San Jose,Family/Community,1,FIRST LEGO League: Challenge,pending_national_screening,2,False,0/2 screened,0,2,True,2/2 complete,2,2,2,2,0,missing,True,2,0,False,Below minimum: 0/2 required,0,2,False,Jotform pending,True,False,none,0,[],/static/images/program_logos/fll_challenge_logo.png,/static/images/season_logos/2026_fll_challenge.png,True,,1,1,155.0,155.0,10,0,0,False,Experienced (有参赛经验),<300 (入门发展)
2827,71748,Volt Vipers,San Jose,Family/Community,1,FIRST LEGO League: Challenge,good,2,True,2/2 screened,2,2,True,2/2 complete,2,2,2,2,2,complete,True,2,0,True,,8,8,True,,True,True,none,1,"[{""id"": 313, ""name"": ""NorCal FLL Challenge BIOGLOW QT - BASIS Independent School, Dublin"", ""date"": ""2026-11-14T16:00:00Z"", ""timezone"": ""America/Los_Angeles"", ""website_uri"": ""https://mylumi.playingatlearning.org/en/event/313/"", ""level_name"": ""NorCal FLL Founders Edition 2026 Event Level""}]",/static/images/program_logos/fll_challenge_logo.png,/static/images/season_logos/2026_fll_challenge.png,True,Golden Gears,2,2,335.0,335.0,3,0,0,False,Veteran (老牌强队),300-399 (中坚晋级)
2828,71771,Quantum Big Macs = Big Backs,Dublin,Family/Community,1,FIRST LEGO League: Challenge,good,2,True,2/2 screened,2,2,True,2/2 complete,2,2,2,2,2,complete,True,2,0,True,,4,4,True,,True,True,none,1,"[{""id"": 302, ""name"": ""NorCal FLL Challenge BIOGLOW QT – The Dorris-Eaton School, San Ramon"", ""date"": ""2026-11-07T16:00:00Z"", ""timezone"": ""America/Los_Angeles"", ""website_uri"": ""https://mylumi.playingatlearning.org/en/event/302/"", ""level_name"": ""NorCal FLL Founders Edition 2026 Event Level""}]",/static/images/program_logos/fll_challenge_logo.png,/static/images/season_logos/2026_fll_challenge.png,True,QR Team 3,2,2,215.0,215.0,14,0,0,False,Veteran (老牌强队),<300 (入门发展)
2829,71772,Quantum (A to Z) Square,Dublin,Family/Community,1,FIRST LEGO League: Challenge,good,2,True,2/2 screened,2,2,True,2/2 complete,2,2,2,2,2,complete,True,2,0,True,,4,4,True,,True,True,none,1,"[{""id"": 303, ""name"": ""NorCal FLL Challenge BIOGLOW QT -  Beyer High School, Modesto"", ""date"": ""2026-11-14T16:00:00Z"", ""timezone"": ""America/Los_Angeles"", ""website_uri"": ""https://mylumi.playingatlearning.org/en/event/303/"", ""level_name"": ""NorCal FLL Founders Edition 2026 Event Level""}]",/static/images/program_logos/fll_challenge_logo.png,/static/images/season_logos/2026_fll_challenge.png,True,Team 4,2,2,315.0,315.0,4,0,0,False,Veteran (老牌强队),300-399 (中坚晋级)
2830,71804,Astrobot,Mountain House,Family/Community,1,FIRST LEGO League: Challenge,good,2,True,2/2 screened,2,2,True,2/2 complete,2,2,2,2,2,complete,True,2,0,True,,2,2,True,,True,True,none,1,"[{""id"": 302, ""name"": ""NorCal FLL Challenge BIOGLOW QT – The Dorris-Eaton School, San Ramon"", ""date"": ""2026-11-07T16:00:00Z"", ""timezone"": ""America/Los_Angeles"", ""website_uri"": ""https://mylumi.playingatlearning.org/en/event/302/"", ""level_name"": ""NorCal FLL Founders Edition 2026 Event Level""}]",/static/images/program_logos/fll_challenge_logo.png,/static/images/season_logos/2026_fll_challenge.png,True,,2,2,440.0,440.0,1,0,0,False,Veteran (老牌强队),400-499 (一档强队)
2831,71848,Brainy Bricksters,San Jose,Bret Harte Middle,1,FIRST LEGO League: Challenge,good,2,True,2/2 screened,2,2,True,2/2 complete,2,2,2,2,2,complete,True,2,0,True,,5,5,True,,True,True,none,0,[],/static/images/program_logos/fll_challenge_logo.png,/static/images/season_logos/2026_fll_challenge.png,True,,1,1,245.0,245.0,5,0,0,False,Experienced (有参赛经验),<300 (入门发展)
2832,71918,FLL-C 71918,Piedmont,Piedmont Makers,1,FIRST LEGO League: Challenge,waiting_invites,2,True,2/2 screened,2,2,False,0/2 complete,0,2,0,0,0,missing,True,2,2,False,Below minimum: 0/2 required,0,2,False,Jotform pending,True,False,none,0,[],/static/images/program_logos/fll_challenge_logo.png,/static/images/season_logos/2026_fll_challenge.png,False,,0,0,,,,0,0,False,Rookie (新队伍),暂无得分记录
2833,72123,Tech Titans,San Jose,Family/Community,1,FIRST LEGO League: Challenge,good,2,True,2/2 screened,2,2,True,2/2 complete,2,2,2,2,2,complete,True,2,0,True,,5,5,True,,True,True,none,1,"[{""id"": 311, ""name"": ""NorCal FLL Challenge BIOGLOW QT - Girl Scouts at EPA Center, East Palo Alto"", ""date"": ""2026-11-22T16:00:00Z"", ""timezone"": ""America/Los_Angeles"", ""website_uri"": ""https://mylumi.playingatlearning.org/en/event/311/"", ""level_name"": ""NorCal FLL Founders Edition 2026 Event Level""}]",/static/images/program_logos/fll_challenge_logo.png,/static/images/season_logos/2026_fll_challenge.png,True,Dig Deep Discoverers,2,2,280.0,280.0,8,0,0,False,Veteran (老牌强队),<300 (入门发展)
2834,72207,Digital Circuits,San Francisco,St Cecilia School,1,FIRST LEGO League: Challenge,waiting_invites,3,False,1/2 screened,1,2,False,1/2 complete,1,2,1,1,1,missing,False,3,1,False,Below minimum: 0/2 required,0,2,False,Jotform pending,True,False,none,0,[],/static/images/program_logos/fll_challenge_logo.png,/static/images/season_logos/2026_fll_challenge.png,True,St. Cecilia Robotics 8th Grade,1,1,185.0,185.0,4,1,0,False,Experienced (有参赛经验),<300 (入门发展)
2835,72231,Thunderbird,Mountain View,Family/Community,1,FIRST LEGO League: Challenge,good,2,True,2/2 screened,2,2,True,2/2 complete,2,2,2,2,2,complete,True,2,0,True,,5,5,True,,True,True,none,1,"[{""id"": 308, ""name"": ""NorCal FLL Challenge BIOGLOW QT - NOV 15 The Play Space, San Jose"", ""date"": ""2026-11-15T16:00:00Z"", ""timezone"": ""America/Los_Angeles"", ""website_uri"": ""https://mylumi.playingatlearning.org/en/event/308/"", ""level_name"": ""NorCal FLL Founders Edition 2026 Event Level""}]",/static/images/program_logos/fll_challenge_logo.png,/static/images/season_logos/2026_fll_challenge.png,True,,2,2,270.0,270.0,3,0,0,False,Veteran (老牌强队),<300 (入门发展)
2836,72257,Lego Benders,Fremont,Family/Community,1,FIRST LEGO League: Challenge,good,2,True,2/2 screened,2,2,True,2/2 complete,2,2,2,2,2,complete,True,2,0,True,,5,5,True,,True,True,none,1,"[{""id"": 313, ""name"": ""NorCal FLL Challenge BIOGLOW QT - BASIS Independent School, Dublin"", ""date"": ""2026-11-14T16:00:00Z"", ""timezone"": ""America/Los_Angeles"", ""website_uri"": ""https://mylumi.playingatlearning.org/en/event/313/"", ""level_name"": ""NorCal FLL Founders Edition 2026 Event Level""}]",/static/images/program_logos/fll_challenge_logo.png,/static/images/season_logos/2026_fll_challenge.png,True,,3,2,350.0,342.5,2,1,1,True,Veteran (老牌强队),300-399 (中坚晋级)
2936,72279,Poison Nuggies,San Jose,Holy Family School,1,FIRST LEGO League: Challenge,good,2,True,2/2 screened,2,2,True,2/2 complete,2,2,2,2,0,missing,True,2,0,True,,5,5,True,,True,True,none,0,[],/static/images/program_logos/fll_challenge_logo.png,/static/images/season_logos/2026_fll_challenge.png,True,Team Dory,1,1,250.0,250.0,4,0,0,False,Experienced (有参赛经验),<300 (入门发展)
2937,72371,Blue Macaws - SBR,Sunnyvale,Family/Community,1,FIRST LEGO League: Challenge,good,2,True,2/2 screened,2,2,True,2/2 complete,2,2,2,2,1,missing,True,2,0,True,,3,3,True,,True,True,none,1,"[{""id"": 312, ""name"": ""NorCal FLL Challenge BIOGLOW QT  - Lowell High School, San Francisco"", ""date"": ""2026-11-21T16:00:00Z"", ""timezone"": ""America/Los_Angeles"", ""website_uri"": ""https://mylumi.playingatlearning.org/en/event/312/"", ""level_name"": ""NorCal FLL Founders Edition 2026 Event Level""}]",/static/images/program_logos/fll_challenge_logo.png,/static/images/season_logos/2026_fll_challenge.png,True,SBR TEAM RED,2,2,135.0,135.0,12,0,0,False,Veteran (老牌强队),<300 (入门发展)
2970,72379,Bamboo Bots - SBR,Sunnyvale,Family/Community,1,FIRST LEGO League: Challenge,good,2,True,2/2 screened,2,2,True,2/2 complete,2,2,2,2,1,missing,True,2,0,True,,5,5,True,,True,True,none,1,"[{""id"": 312, ""name"": ""NorCal FLL Challenge BIOGLOW QT  - Lowell High School, San Francisco"", ""date"": ""2026-11-21T16:00:00Z"", ""timezone"": ""America/Los_Angeles"", ""website_uri"": ""https://mylumi.playingatlearning.org/en/event/312/"", ""level_name"": ""NorCal FLL Founders Edition 2026 Event Level""}]",/static/images/program_logos/fll_challenge_logo.png,/static/images/season_logos/2026_fll_challenge.png,True,SBR TEAM ORANGE,2,2,220.0,220.0,6,0,0,False,Veteran (老牌强队),<300 (入门发展)
2837,72540,Brickers,San Jose,Family/Community,1,FIRST LEGO League: Challenge,good,2,True,2/2 screened,2,2,True,2/2 complete,2,2,2,2,2,complete,True,2,0,True,,6,6,True,,True,True,none,1,"[{""id"": 310, ""name"": ""NorCal FLL Challenge BIOGLOW QT - Gunn High School, Palo Alto"", ""date"": ""2026-11-21T16:00:00Z"", ""timezone"": ""America/Los_Angeles"", ""website_uri"": ""https://mylumi.playingatlearning.org/en/event/310/"", ""level_name"": ""NorCal FLL Founders Edition 2026 Event Level""}]",/static/images/program_logos/fll_challenge_logo.png,/static/images/season_logos/2026_fll_challenge.png,True,TBD123,3,2,370.0,325.0,3,1,1,True,Veteran (老牌强队),300-399 (中坚晋级)
2838,72683,Team Samurai,Folsom,Family/Community,1,FIRST LEGO League: Challenge,good,2,True,2/2 screened,2,2,True,2/2 complete,2,2,2,2,2,complete,True,2,0,True,,6,6,True,,True,True,none,1,"[{""id"": 314, ""name"": ""NorCal FLL Challenge BIOGLOW QT - Pleasant Grove High School, Elk Grove"", ""date"": ""2026-11-15T16:00:00Z"", ""timezone"": ""America/Los_Angeles"", ""website_uri"": ""https://mylumi.playingatlearning.org/en/event/314/"", ""level_name"": ""NorCal FLL Founders Edition 2026 Event Level""}]",/static/images/program_logos/fll_challenge_logo.png,/static/images/season_logos/2026_fll_challenge.png,True,,2,2,325.0,325.0,1,0,0,False,Veteran (老牌强队),300-399 (中坚晋级)
2839,72684,ThunderBots,Mountain House,Family/Community,1,FIRST LEGO League: Challenge,good,2,True,2/2 screened,2,2,True,2/2 complete,2,2,2,2,0,missing,True,2,0,True,,4,4,True,,True,True,none,0,[],/static/images/program_logos/fll_challenge_logo.png,/static/images/season_logos/2026_fll_challenge.png,True,,1,1,175.0,175.0,14,0,0,False,Experienced (有参赛经验),<300 (入门发展)
2840,72699,Fantastic Four,Fremont,Fred E. Weibel Elementary,1,FIRST LEGO League: Challenge,good,2,True,2/2 screened,2,2,True,2/2 complete,2,2,2,2,2,complete,True,2,0,True,,4,4,True,,True,True,none,1,"[{""id"": 314, ""name"": ""NorCal FLL Challenge BIOGLOW QT - Pleasant Grove High School, Elk Grove"", ""date"": ""2026-11-15T16:00:00Z"", ""timezone"": ""America/Los_Angeles"", ""website_uri"": ""https://mylumi.playingatlearning.org/en/event/314/"", ""level_name"": ""NorCal FLL Founders Edition 2026 Event Level""}]",/static/images/program_logos/fll_challenge_logo.png,/static/images/season_logos/2026_fll_challenge.png,True,GearGirls,2,2,270.0,270.0,10,0,0,False,Veteran (老牌强队),<300 (入门发展)
2841,72884,FLL-C 72884 Cyber Cookies,Pleasant Hill,Piedmont Makers,1,FIRST LEGO League: Challenge,waiting_invites,3,True,2/2 screened,2,2,True,2/2 complete,2,2,2,2,2,complete,False,3,2,True,,5,5,True,,True,True,none,0,[],/static/images/program_logos/fll_challenge_logo.png,/static/images/season_logos/2026_fll_challenge.png,True,Starlight Scouts,1,1,180.0,180.0,10,1,0,False,Experienced (有参赛经验),<300 (入门发展)
2977,72904,Tiger Robotics 6,San Francisco,Town School for Boys,1,FIRST LEGO League: Challenge,good,2,True,2/2 screened,2,2,True,2/2 complete,2,2,2,2,2,complete,True,2,0,True,,6,6,True,,True,True,none,0,[],/static/images/program_logos/fll_challenge_logo.png,/static/images/season_logos/2026_fll_challenge.png,True,,1,1,230.0,230.0,8,0,0,False,Experienced (有参赛经验),<300 (入门发展)
2842,72905,Argo Cosmos,Saratoga,Argonaut Elementary,1,FIRST LEGO League: Challenge,good,2,True,2/2 screened,2,2,True,2/2 complete,2,2,2,2,2,complete,True,2,0,True,,4,4,True,,True,True,none,1,"[{""id"": 305, ""name"": ""NorCal FLL Challenge BIOGLOW QT - The King's Academy, Sunnyvale"", ""date"": ""2026-11-14T16:00:00Z"", ""timezone"": ""America/Los_Angeles"", ""website_uri"": ""https://mylumi.playingatlearning.org/en/event/305/"", ""level_name"": ""NorCal FLL Founders Edition 2026 Event Level""}]",/static/images/program_logos/fll_challenge_logo.png,/static/images/season_logos/2026_fll_challenge.png,True,Argo Robotics Team 251,3,2,470.0,435.0,3,1,1,True,Veteran (老牌强队),400-499 (一档强队)
2843,72906,Argo Leafy Cats,Saratoga,Argonaut Elementary,1,FIRST LEGO League: Challenge,good,2,True,2/2 screened,2,2,True,2/2 complete,2,2,2,2,2,complete,True,2,0,True,,4,4,True,,True,True,none,1,"[{""id"": 310, ""name"": ""NorCal FLL Challenge BIOGLOW QT - Gunn High School, Palo Alto"", ""date"": ""2026-11-21T16:00:00Z"", ""timezone"": ""America/Los_Angeles"", ""website_uri"": ""https://mylumi.playingatlearning.org/en/event/310/"", ""level_name"": ""NorCal FLL Founders Edition 2026 Event Level""}]",/static/images/program_logos/fll_challenge_logo.png,/static/images/season_logos/2026_fll_challenge.png,True,Argo Robotics Team 252,2,2,235.0,235.0,14,0,0,False,Veteran (老牌强队),<300 (入门发展)
2844,72907,Argo RAVAgers,Saratoga,Argonaut Elementary,1,FIRST LEGO League: Challenge,good,2,True,2/2 screened,2,2,True,2/2 complete,2,2,2,2,2,complete,True,2,0,True,,4,4,True,,True,True,none,1,"[{""id"": 309, ""name"": ""NorCal FLL Challenge BIOGLOW QT - Nueva School, San Mateo"", ""date"": ""2026-11-15T16:00:00Z"", ""timezone"": ""America/Los_Angeles"", ""website_uri"": ""https://mylumi.playingatlearning.org/en/event/309/"", ""level_name"": ""NorCal FLL Founders Edition 2026 Event Level""}]",/static/images/program_logos/fll_challenge_logo.png,/static/images/season_logos/2026_fll_challenge.png,True,Argo Robotics Team 253,2,2,265.0,265.0,15,1,0,False,Veteran (老牌强队),<300 (入门发展)
2845,72908,Argo RAD 2.0,Saratoga,Argonaut Elementary,1,FIRST LEGO League: Challenge,good,2,True,2/2 screened,2,2,True,2/2 complete,2,2,2,2,2,complete,True,2,0,True,,5,5,True,,True,True,none,1,"[{""id"": 310, ""name"": ""NorCal FLL Challenge BIOGLOW QT - Gunn High School, Palo Alto"", ""date"": ""2026-11-21T16:00:00Z"", ""timezone"": ""America/Los_Angeles"", ""website_uri"": ""https://mylumi.playingatlearning.org/en/event/310/"", ""level_name"": ""NorCal FLL Founders Edition 2026 Event Level""}]",/static/images/program_logos/fll_challenge_logo.png,/static/images/season_logos/2026_fll_challenge.png,True,Argo Robotics Team 254,2,2,180.0,180.0,24,0,0,False,Veteran (老牌强队),<300 (入门发展)
2846,72909,Argo SIM,Saratoga,Argonaut Elementary,1,FIRST LEGO League: Challenge,good,2,True,2/2 screened,2,2,True,2/2 complete,2,2,2,2,2,complete,True,2,0,True,,3,3,True,,True,True,none,1,"[{""id"": 308, ""name"": ""NorCal FLL Challenge BIOGLOW QT - NOV 15 The Play Space, San Jose"", ""date"": ""2026-11-15T16:00:00Z"", ""timezone"": ""America/Los_Angeles"", ""website_uri"": ""https://mylumi.playingatlearning.org/en/event/308/"", ""level_name"": ""NorCal FLL Founders Edition 2026 Event Level""}]",/static/images/program_logos/fll_challenge_logo.png,/static/images/season_logos/2026_fll_challenge.png,True,Argo Robotics Team 255,2,2,340.0,340.0,2,0,0,False,Veteran (老牌强队),300-399 (中坚晋级)
2847,72910,Argo Supernova,Saratoga,Argonaut Elementary,1,FIRST LEGO League: Challenge,good,2,True,2/2 screened,2,2,True,2/2 complete,2,2,2,2,2,complete,True,2,0,True,,4,4,True,,True,True,none,1,"[{""id"": 305, ""name"": ""NorCal FLL Challenge BIOGLOW QT - The King's Academy, Sunnyvale"", ""date"": ""2026-11-14T16:00:00Z"", ""timezone"": ""America/Los_Angeles"", ""website_uri"": ""https://mylumi.playingatlearning.org/en/event/305/"", ""level_name"": ""NorCal FLL Founders Edition 2026 Event Level""}]",/static/images/program_logos/fll_challenge_logo.png,/static/images/season_logos/2026_fll_challenge.png,True,Argo Robotics Team 256,2,2,240.0,240.0,16,0,0,False,Veteran (老牌强队),<300 (入门发展)
2848,72968,robojets,Fremont,Family/Community,1,FIRST LEGO League: Challenge,good,2,True,2/2 screened,2,2,True,2/2 complete,2,2,2,2,2,complete,True,2,0,True,,4,4,True,,True,True,none,1,"[{""id"": 311, ""name"": ""NorCal FLL Challenge BIOGLOW QT - Girl Scouts at EPA Center, East Palo Alto"", ""date"": ""2026-11-22T16:00:00Z"", ""timezone"": ""America/Los_Angeles"", ""website_uri"": ""https://mylumi.playingatlearning.org/en/event/311/"", ""level_name"": ""NorCal FLL Founders Edition 2026 Event Level""}]",/static/images/program_logos/fll_challenge_logo.png,/static/images/season_logos/2026_fll_challenge.png,True,,2,2,250.0,250.0,7,0,0,False,Veteran (老牌强队),<300 (入门发展)
2849,72979,Space Invaders,San Francisco,St Cecilia School,1,FIRST LEGO League: Challenge,waiting_invites,3,False,1/2 screened,1,2,False,1/2 complete,1,2,1,1,1,missing,False,3,1,False,Below minimum: 0/2 required,0,2,False,Jotform pending,True,False,none,0,[],/static/images/program_logos/fll_challenge_logo.png,/static/images/season_logos/2026_fll_challenge.png,True,St. Cecilia Robotics 2,1,1,150.0,150.0,7,0,0,False,Experienced (有参赛经验),<300 (入门发展)
2850,72994,BOB,San Jose,Family/Community,1,FIRST LEGO League: Challenge,waiting_members,2,True,2/2 screened,2,2,True,2/2 complete,2,2,2,2,1,missing,True,2,0,False,Below minimum: 1/2 required,1,2,True,,True,True,none,0,[],/static/images/program_logos/fll_challenge_logo.png,/static/images/season_logos/2026_fll_challenge.png,True,Bone Appetit,1,1,310.0,310.0,7,0,0,False,Experienced (有参赛经验),300-399 (中坚晋级)
2851,73059,LegoBots,Cupertino,Family/Community,1,FIRST LEGO League: Challenge,good,2,True,2/2 screened,2,2,True,2/2 complete,2,2,2,2,2,complete,True,2,0,True,,4,4,True,,True,True,none,0,[],/static/images/program_logos/fll_challenge_logo.png,/static/images/season_logos/2026_fll_challenge.png,False,,0,0,,,,0,0,False,Rookie (新队伍),暂无得分记录
2852,73068,Tracy Tech Titans,Tracy,Family/Community,1,FIRST LEGO League: Challenge,good,2,True,2/2 screened,2,2,True,2/2 complete,2,2,2,2,2,complete,True,2,0,True,,6,6,True,,True,True,none,1,"[{""id"": 310, ""name"": ""NorCal FLL Challenge BIOGLOW QT - Gunn High School, Palo Alto"", ""date"": ""2026-11-21T16:00:00Z"", ""timezone"": ""America/Los_Angeles"", ""website_uri"": ""https://mylumi.playingatlearning.org/en/event/310/"", ""level_name"": ""NorCal FLL Founders Edition 2026 Event Level""}]",/static/images/program_logos/fll_challenge_logo.png,/static/images/season_logos/2026_fll_challenge.png,True,,2,2,300.0,300.0,11,0,0,False,Veteran (老牌强队),300-399 (中坚晋级)
2895,73282,Epsilon Scorpii,Mountain View,Khan Lab School,1,FIRST LEGO League: Challenge,waiting_members,2,True,2/2 screened,2,2,True,2/2 complete,2,2,2,2,2,complete,True,2,0,False,Below minimum: 0/2 required,0,2,False,Jotform pending,True,False,none,0,[],/static/images/program_logos/fll_challenge_logo.png,/static/images/season_logos/2026_fll_challenge.png,True,,1,1,160.0,160.0,10,0,0,False,Experienced (有参赛经验),<300 (入门发展)
2853,73373,The Sigmas,Fremont,"Ardenwood Elementary, Forest Park Elementary, Warwick Elementary",1,FIRST LEGO League: Challenge,pending_national_screening,2,False,1/2 screened,1,2,True,2/2 complete,2,2,2,2,0,missing,True,2,0,False,Below minimum: 0/2 required,0,2,False,Jotform pending,True,False,none,0,[],/static/images/program_logos/fll_challenge_logo.png,/static/images/season_logos/2026_fll_challenge.png,True,,1,1,240.0,240.0,1,0,0,False,Experienced (有参赛经验),<300 (入门发展)
2854,73441,We The Geologists,Dublin,Family/Community,1,FIRST LEGO League: Challenge,waiting_members,2,True,2/2 screened,2,2,True,2/2 complete,2,2,2,2,1,missing,True,2,0,False,Below minimum: 1/2 required,1,2,False,Jotform pending,True,False,none,0,[],/static/images/program_logos/fll_challenge_logo.png,/static/images/season_logos/2026_fll_challenge.png,False,,0,0,,,,0,0,False,Rookie (新队伍),暂无得分记录
2855,73516,Dino Nuggets (BBQ),Walnut Creek,Family/Community,1,FIRST LEGO League: Challenge,good,2,True,2/2 screened,2,2,True,2/2 complete,2,2,2,2,2,complete,True,2,0,True,,5,5,True,,True,True,none,1,"[{""id"": 313, ""name"": ""NorCal FLL Challenge BIOGLOW QT - BASIS Independent School, Dublin"", ""date"": ""2026-11-14T16:00:00Z"", ""timezone"": ""America/Los_Angeles"", ""website_uri"": ""https://mylumi.playingatlearning.org/en/event/313/"", ""level_name"": ""NorCal FLL Founders Edition 2026 Event Level""}]",/static/images/program_logos/fll_challenge_logo.png,/static/images/season_logos/2026_fll_challenge.png,True,,2,2,380.0,380.0,1,1,0,False,Veteran (老牌强队),300-399 (中坚晋级)
2856,73526,Evergreen Mangoes,San Jose,Family/Community,1,FIRST LEGO League: Challenge,pending_national_screening,2,False,1/2 screened,1,2,True,2/2 complete,2,2,2,2,0,missing,True,2,0,False,Below minimum: 0/2 required,0,2,False,Jotform pending,True,False,none,0,[],/static/images/program_logos/fll_challenge_logo.png,/static/images/season_logos/2026_fll_challenge.png,True,,1,1,230.0,230.0,6,0,0,False,Experienced (有参赛经验),<300 (入门发展)
2951,73583,Argo Robotics Team MSET,Saratoga,Argonaut Elementary,1,FIRST LEGO League: Challenge,pending_fingerprinting,0,False,0/2 screened,0,2,False,0/2 complete,0,2,0,0,0,unknown,False,0,0,False,Below minimum: 0/2 required,0,2,False,Jotform pending,True,False,none,0,[],/static/images/program_logos/fll_challenge_logo.png,/static/images/season_logos/2026_fll_challenge.png,False,,0,0,,,,0,0,False,Rookie (新队伍),暂无得分记录
2857,73699,Cambrian Titans,San Jose,"Dartmouth Middle, Union Middle",1,FIRST LEGO League: Challenge,good,2,True,2/2 screened,2,2,True,2/2 complete,2,2,2,2,2,complete,True,2,0,True,,6,6,True,,True,True,none,1,"[{""id"": 305, ""name"": ""NorCal FLL Challenge BIOGLOW QT - The King's Academy, Sunnyvale"", ""date"": ""2026-11-14T16:00:00Z"", ""timezone"": ""America/Los_Angeles"", ""website_uri"": ""https://mylumi.playingatlearning.org/en/event/305/"", ""level_name"": ""NorCal FLL Founders Edition 2026 Event Level""}]",/static/images/program_logos/fll_challenge_logo.png,/static/images/season_logos/2026_fll_challenge.png,True,,2,2,290.0,290.0,5,1,0,False,Veteran (老牌强队),<300 (入门发展)
2858,73742,Sphere Scavengers,Folsom,Family/Community,1,FIRST LEGO League: Challenge,good,2,True,2/2 screened,2,2,True,2/2 complete,2,2,2,2,2,complete,True,2,0,True,,4,4,True,,True,True,none,1,"[{""id"": 314, ""name"": ""NorCal FLL Challenge BIOGLOW QT - Pleasant Grove High School, Elk Grove"", ""date"": ""2026-11-15T16:00:00Z"", ""timezone"": ""America/Los_Angeles"", ""website_uri"": ""https://mylumi.playingatlearning.org/en/event/314/"", ""level_name"": ""NorCal FLL Founders Edition 2026 Event Level""}]",/static/images/program_logos/fll_challenge_logo.png,/static/images/season_logos/2026_fll_challenge.png,True,,2,2,160.0,160.0,8,0,0,False,Veteran (老牌强队),<300 (入门发展)
3007,73984,Cybert00th Tigers,Los Altos,Family/Community,1,FIRST LEGO League: Challenge,good,2,True,2/2 screened,2,2,True,2/2 complete,2,2,2,2,2,complete,True,2,0,True,,3,3,True,,True,True,none,1,"[{""id"": 306, ""name"": ""NorCal FLL Challenge BIOGLOW QT - San Francisco Bay University, Fremont"", ""date"": ""2026-11-14T16:00:00Z"", ""timezone"": ""America/Los_Angeles"", ""website_uri"": ""https://mylumi.playingatlearning.org/en/event/306/"", ""level_name"": ""NorCal FLL Founders Edition 2026 Event Level""}]",/static/images/program_logos/fll_challenge_logo.png,/static/images/season_logos/2026_fll_challenge.png,True,PSV C0ders,2,2,230.0,230.0,6,0,0,False,Veteran (老牌强队),<300 (入门发展)
2859,74094,Cre8tors,Milpitas,Family/Community,1,FIRST LEGO League: Challenge,good,2,True,2/2 screened,2,2,True,2/2 complete,2,2,2,2,2,complete,True,2,0,True,,6,6,True,,True,True,none,1,"[{""id"": 309, ""name"": ""NorCal FLL Challenge BIOGLOW QT - Nueva School, San Mateo"", ""date"": ""2026-11-15T16:00:00Z"", ""timezone"": ""America/Los_Angeles"", ""website_uri"": ""https://mylumi.playingatlearning.org/en/event/309/"", ""level_name"": ""NorCal FLL Founders Edition 2026 Event Level""}]",/static/images/program_logos/fll_challenge_logo.png,/static/images/season_logos/2026_fll_challenge.png,True,,1,1,,,,0,0,False,Experienced (有参赛经验),暂无得分记录
3050,74137,Lego Champions,Fremont,Family/Community,1,FIRST LEGO League: Challenge,good,2,True,2/2 screened,2,2,True,2/2 complete,2,2,2,2,1,missing,True,2,0,True,,4,4,True,,True,True,none,0,[],/static/images/program_logos/fll_challenge_logo.png,/static/images/season_logos/2026_fll_challenge.png,True,,1,1,175.0,175.0,12,0,0,False,Experienced (有参赛经验),<300 (入门发展)
2860,74190,Vulcan,Mountain View,Family/Community,1,FIRST LEGO League: Challenge,good,2,True,2/2 screened,2,2,True,2/2 complete,2,2,2,2,2,complete,True,2,0,True,,4,4,True,,True,True,none,1,"[{""id"": 311, ""name"": ""NorCal FLL Challenge BIOGLOW QT - Girl Scouts at EPA Center, East Palo Alto"", ""date"": ""2026-11-22T16:00:00Z"", ""timezone"": ""America/Los_Angeles"", ""website_uri"": ""https://mylumi.playingatlearning.org/en/event/311/"", ""level_name"": ""NorCal FLL Founders Edition 2026 Event Level""}]",/static/images/program_logos/fll_challenge_logo.png,/static/images/season_logos/2026_fll_challenge.png,True,,2,2,300.0,300.0,4,0,0,False,Veteran (老牌强队),300-399 (中坚晋级)
2861,74260,EcoSpark,Fremount,"Mission San Jose Elementary, William Hopkins Junior High",1,FIRST LEGO League: Challenge,good,2,True,2/2 screened,2,2,True,2/2 complete,2,2,2,2,2,complete,True,2,0,True,,7,7,True,,True,True,none,1,"[{""id"": 313, ""name"": ""NorCal FLL Challenge BIOGLOW QT - BASIS Independent School, Dublin"", ""date"": ""2026-11-14T16:00:00Z"", ""timezone"": ""America/Los_Angeles"", ""website_uri"": ""https://mylumi.playingatlearning.org/en/event/313/"", ""level_name"": ""NorCal FLL Founders Edition 2026 Event Level""}]",/static/images/program_logos/fll_challenge_logo.png,/static/images/season_logos/2026_fll_challenge.png,True,Brickaneers,3,2,225.0,207.5,7,1,0,True,Veteran (老牌强队),<300 (入门发展)
2896,74425,Andromeda,Mountain View,Khan Lab School,1,FIRST LEGO League: Challenge,waiting_members,2,True,2/2 screened,2,2,True,2/2 complete,2,2,2,2,2,complete,True,2,0,False,Below minimum: 0/2 required,0,2,False,Jotform pending,True,False,none,0,[],/static/images/program_logos/fll_challenge_logo.png,/static/images/season_logos/2026_fll_challenge.png,True,,1,1,200.0,200.0,11,0,0,False,Experienced (有参赛经验),<300 (入门发展)
2862,74706,Hexa-Gears,Newark,Family/Community,1,FIRST LEGO League: Challenge,good,2,True,2/2 screened,2,2,True,2/2 complete,2,2,2,2,2,complete,True,2,0,True,,8,8,True,,True,True,none,1,"[{""id"": 302, ""name"": ""NorCal FLL Challenge BIOGLOW QT – The Dorris-Eaton School, San Ramon"", ""date"": ""2026-11-07T16:00:00Z"", ""timezone"": ""America/Los_Angeles"", ""website_uri"": ""https://mylumi.playingatlearning.org/en/event/302/"", ""level_name"": ""NorCal FLL Founders Edition 2026 Event Level""}]",/static/images/program_logos/fll_challenge_logo.png,/static/images/season_logos/2026_fll_challenge.png,True,Porky Oinks,2,2,240.0,240.0,5,1,0,False,Veteran (老牌强队),<300 (入门发展)
2863,75020,TechTitans#1,Lathrop,"Family/Community, Family/Community, Veritas Elementary",1,FIRST LEGO League: Challenge,waiting_invites,2,False,1/2 screened,1,2,False,1/2 complete,1,2,1,1,1,missing,True,2,1,False,Below minimum: 0/2 required,0,2,False,Jotform pending,True,False,none,0,[],/static/images/program_logos/fll_challenge_logo.png,/static/images/season_logos/2026_fll_challenge.png,True,,1,1,165.0,165.0,15,0,0,False,Experienced (有参赛经验),<300 (入门发展)
2864,75058,MegaBot,Mountain View,Family/Community,1,FIRST LEGO League: Challenge,good,2,True,2/2 screened,2,2,True,2/2 complete,2,2,2,2,2,complete,True,2,0,True,,3,3,True,,True,True,none,0,[],/static/images/program_logos/fll_challenge_logo.png,/static/images/season_logos/2026_fll_challenge.png,True,MegaBots,1,1,245.0,245.0,3,0,0,False,Experienced (有参赛经验),<300 (入门发展)
3024,75064,Dolphin1,Livermore,"East Avenue Middle, Livermore High",1,FIRST LEGO League: Challenge,pending_fingerprinting,2,True,2/2 screened,2,2,False,1/2 complete,1,2,2,1,2,complete,True,2,0,True,,9,9,False,Jotform pending,True,False,none,0,[],/static/images/program_logos/fll_challenge_logo.png,/static/images/season_logos/2026_fll_challenge.png,True,,1,1,110.0,110.0,18,0,0,False,Experienced (有参赛经验),<300 (入门发展)
2865,75065,Cyber Hawks,Cupertino,Leadways School,1,FIRST LEGO League: Challenge,good,2,True,2/2 screened,2,2,True,2/2 complete,2,2,2,2,1,missing,True,2,0,True,,5,5,True,,True,True,none,0,[],/static/images/program_logos/fll_challenge_logo.png,/static/images/season_logos/2026_fll_challenge.png,True,Cyber Cats,1,1,320.0,320.0,2,0,0,False,Experienced (有参赛经验),300-399 (中坚晋级)
3025,75124,FKS Robotics,Fremont,Family/Community,1,FIRST LEGO League: Challenge,waiting_members,2,True,2/2 screened,2,2,True,2/2 complete,2,2,2,2,1,missing,True,2,0,False,Below minimum: 0/2 required,0,2,False,Jotform pending,True,False,none,0,[],/static/images/program_logos/fll_challenge_logo.png,/static/images/season_logos/2026_fll_challenge.png,True,,1,1,115.0,115.0,16,0,0,False,Experienced (有参赛经验),<300 (入门发展)
2866,75126,Cyberx Mutants,Union City,Union City Robotics,1,FIRST LEGO League: Challenge,good,2,True,2/2 screened,2,2,True,2/2 complete,2,2,2,2,0,missing,True,2,0,True,,4,4,True,,True,True,none,1,"[{""id"": 302, ""name"": ""NorCal FLL Challenge BIOGLOW QT – The Dorris-Eaton School, San Ramon"", ""date"": ""2026-11-07T16:00:00Z"", ""timezone"": ""America/Los_Angeles"", ""website_uri"": ""https://mylumi.playingatlearning.org/en/event/302/"", ""level_name"": ""NorCal FLL Founders Edition 2026 Event Level""}]",/static/images/program_logos/fll_challenge_logo.png,/static/images/season_logos/2026_fll_challenge.png,True,Brain Bot,2,2,310.0,310.0,6,0,0,False,Veteran (老牌强队),300-399 (中坚晋级)
2867,75128,Corrupted Robot,Fremont,Fremont First Robotics,1,FIRST LEGO League: Challenge,good,2,True,2/2 screened,2,2,True,2/2 complete,2,2,2,2,0,missing,True,2,0,True,,3,3,True,,True,True,none,1,"[{""id"": 305, ""name"": ""NorCal FLL Challenge BIOGLOW QT - The King's Academy, Sunnyvale"", ""date"": ""2026-11-14T16:00:00Z"", ""timezone"": ""America/Los_Angeles"", ""website_uri"": ""https://mylumi.playingatlearning.org/en/event/305/"", ""level_name"": ""NorCal FLL Founders Edition 2026 Event Level""}]",/static/images/program_logos/fll_challenge_logo.png,/static/images/season_logos/2026_fll_challenge.png,True,,2,2,330.0,330.0,2,0,0,False,Veteran (老牌强队),300-399 (中坚晋级)
2938,75135,Robotic Dragons - SBR,Sunnyvale,Family/Community,1,FIRST LEGO League: Challenge,good,2,True,2/2 screened,2,2,True,2/2 complete,2,2,2,2,1,missing,True,2,0,True,,5,5,True,,True,True,none,1,"[{""id"": 312, ""name"": ""NorCal FLL Challenge BIOGLOW QT  - Lowell High School, San Francisco"", ""date"": ""2026-11-21T16:00:00Z"", ""timezone"": ""America/Los_Angeles"", ""website_uri"": ""https://mylumi.playingatlearning.org/en/event/312/"", ""level_name"": ""NorCal FLL Founders Edition 2026 Event Level""}]",/static/images/program_logos/fll_challenge_logo.png,/static/images/season_logos/2026_fll_challenge.png,True,Robotic Dragons,2,2,125.0,125.0,10,0,0,False,Veteran (老牌强队),<300 (入门发展)
3026,75165,TVSC Robotics,Livermore,Family/Community,1,FIRST LEGO League: Challenge,waiting_members,2,True,2/2 screened,2,2,True,2/2 complete,2,2,2,2,1,missing,True,2,0,False,Below minimum: 0/2 required,0,2,False,Jotform pending,True,False,none,0,[],/static/images/program_logos/fll_challenge_logo.png,/static/images/season_logos/2026_fll_challenge.png,True,,1,1,175.0,175.0,13,0,0,False,Experienced (有参赛经验),<300 (入门发展)
2881,75317,TechTigers01,Santa Clara,Family/Community,1,FIRST LEGO League: Challenge,good,2,True,2/2 screened,2,2,True,2/2 complete,2,2,2,2,2,complete,True,2,0,True,,3,3,True,,True,True,none,0,[],/static/images/program_logos/fll_challenge_logo.png,/static/images/season_logos/2026_fll_challenge.png,False,,0,0,,,,0,0,False,Rookie (新队伍),暂无得分记录
2942,75400,Mission Possible,Fremont,Family/Community,1,FIRST LEGO League: Challenge,good,2,True,2/2 screened,2,2,True,2/2 complete,2,2,2,2,2,complete,True,2,0,True,,6,6,True,,True,True,none,1,"[{""id"": 311, ""name"": ""NorCal FLL Challenge BIOGLOW QT - Girl Scouts at EPA Center, East Palo Alto"", ""date"": ""2026-11-22T16:00:00Z"", ""timezone"": ""America/Los_Angeles"", ""website_uri"": ""https://mylumi.playingatlearning.org/en/event/311/"", ""level_name"": ""NorCal FLL Founders Edition 2026 Event Level""}]",/static/images/program_logos/fll_challenge_logo.png,/static/images/season_logos/2026_fll_challenge.png,True,,1,1,,,,0,0,False,Experienced (有参赛经验),暂无得分记录
2606,75446,St Thomas More,San Francisco,St Thomas More Elementary School,1,FIRST LEGO League: Challenge,good,2,True,2/2 screened,2,2,True,2/2 complete,2,2,2,2,2,complete,True,2,0,True,,4,4,True,,True,True,none,1,"[{""id"": 304, ""name"": ""NorCal FLL Challenge BIOGLOW QT- SF Day School"", ""date"": ""2026-11-14T16:00:00Z"", ""timezone"": ""America/Los_Angeles"", ""website_uri"": ""https://mylumi.playingatlearning.org/en/event/304/"", ""level_name"": ""NorCal FLL Founders Edition 2026 Event Level""}]",/static/images/program_logos/fll_challenge_logo.png,/static/images/season_logos/2026_fll_challenge.png,True,,1,1,,,,0,0,False,Experienced (有参赛经验),暂无得分记录
2607,75450,Apex Beasts,San Carlos,Family/Community,1,FIRST LEGO League: Challenge,good,2,True,2/2 screened,2,2,True,2/2 complete,2,2,2,2,2,complete,True,2,0,True,,5,5,True,,True,True,none,1,"[{""id"": 309, ""name"": ""NorCal FLL Challenge BIOGLOW QT - Nueva School, San Mateo"", ""date"": ""2026-11-15T16:00:00Z"", ""timezone"": ""America/Los_Angeles"", ""website_uri"": ""https://mylumi.playingatlearning.org/en/event/309/"", ""level_name"": ""NorCal FLL Founders Edition 2026 Event Level""}]",/static/images/program_logos/fll_challenge_logo.png,/static/images/season_logos/2026_fll_challenge.png,True,,1,1,,,,0,0,False,Experienced (有参赛经验),暂无得分记录
2608,75461,Black Socks,Mountain View,Family/Community,1,FIRST LEGO League: Challenge,pending_fingerprinting,3,False,1/2 screened,1,2,False,1/2 complete,1,2,1,2,2,complete,False,3,0,False,Below minimum: 0/2 required,0,2,True,,True,True,none,0,[],/static/images/program_logos/fll_challenge_logo.png,/static/images/season_logos/2026_fll_challenge.png,False,,0,0,,,,0,0,False,Rookie (新队伍),暂无得分记录
2609,75516,Eco Champions,"Santa Clara, CA",Family/Community,1,FIRST LEGO League: Challenge,good,2,True,2/2 screened,2,2,True,2/2 complete,2,2,2,2,2,complete,True,2,0,True,,4,4,True,,True,True,none,1,"[{""id"": 308, ""name"": ""NorCal FLL Challenge BIOGLOW QT - NOV 15 The Play Space, San Jose"", ""date"": ""2026-11-15T16:00:00Z"", ""timezone"": ""America/Los_Angeles"", ""website_uri"": ""https://mylumi.playingatlearning.org/en/event/308/"", ""level_name"": ""NorCal FLL Founders Edition 2026 Event Level""}]",/static/images/program_logos/fll_challenge_logo.png,/static/images/season_logos/2026_fll_challenge.png,True,,1,1,,,,0,0,False,Experienced (有参赛经验),暂无得分记录
2610,75521,The Bio Bots,Union City,Family/Community,1,FIRST LEGO League: Challenge,good,2,True,2/2 screened,2,2,True,2/2 complete,2,2,2,2,0,missing,True,2,0,True,,3,3,True,,True,True,none,1,"[{""id"": 306, ""name"": ""NorCal FLL Challenge BIOGLOW QT - San Francisco Bay University, Fremont"", ""date"": ""2026-11-14T16:00:00Z"", ""timezone"": ""America/Los_Angeles"", ""website_uri"": ""https://mylumi.playingatlearning.org/en/event/306/"", ""level_name"": ""NorCal FLL Founders Edition 2026 Event Level""}]",/static/images/program_logos/fll_challenge_logo.png,/static/images/season_logos/2026_fll_challenge.png,True,,1,1,,,,0,0,False,Experienced (有参赛经验),暂无得分记录
2868,75531,4 Environment,San Jose,Family/Community,1,FIRST LEGO League: Challenge,waiting_invites,2,True,2/2 screened,2,2,True,2/2 complete,2,2,2,2,2,complete,True,2,1,True,,4,4,False,Jotform pending,True,False,none,0,[],/static/images/program_logos/fll_challenge_logo.png,/static/images/season_logos/2026_fll_challenge.png,False,,0,0,,,,0,0,False,Rookie (新队伍),暂无得分记录
2611,75555,The Block Busters,Fremont,Family/Community,1,FIRST LEGO League: Challenge,good,2,True,2/2 screened,2,2,True,2/2 complete,2,2,2,2,2,complete,True,2,0,True,,6,6,True,,True,True,none,1,"[{""id"": 311, ""name"": ""NorCal FLL Challenge BIOGLOW QT - Girl Scouts at EPA Center, East Palo Alto"", ""date"": ""2026-11-22T16:00:00Z"", ""timezone"": ""America/Los_Angeles"", ""website_uri"": ""https://mylumi.playingatlearning.org/en/event/311/"", ""level_name"": ""NorCal FLL Founders Edition 2026 Event Level""}]",/static/images/program_logos/fll_challenge_logo.png,/static/images/season_logos/2026_fll_challenge.png,True,,1,1,,,,0,0,False,Experienced (有参赛经验),暂无得分记录
2943,75556,Nova Gear,Fremont,Family/Community,1,FIRST LEGO League: Challenge,waiting_members,2,True,2/2 screened,2,2,True,2/2 complete,2,2,2,2,2,complete,True,2,0,False,Below minimum: 1/2 required,1,2,False,Jotform pending,True,False,none,0,[],/static/images/program_logos/fll_challenge_logo.png,/static/images/season_logos/2026_fll_challenge.png,False,,0,0,,,,0,0,False,Rookie (新队伍),暂无得分记录
3038,75563,Team AVA,Dublin,Family/Community,1,FIRST LEGO League: Challenge,good,2,True,2/2 screened,2,2,True,2/2 complete,2,2,2,2,2,complete,True,2,0,True,,3,3,True,,True,True,none,1,"[{""id"": 313, ""name"": ""NorCal FLL Challenge BIOGLOW QT - BASIS Independent School, Dublin"", ""date"": ""2026-11-14T16:00:00Z"", ""timezone"": ""America/Los_Angeles"", ""website_uri"": ""https://mylumi.playingatlearning.org/en/event/313/"", ""level_name"": ""NorCal FLL Founders Edition 2026 Event Level""}]",/static/images/program_logos/fll_challenge_logo.png,/static/images/season_logos/2026_fll_challenge.png,True,,1,1,,,,0,0,False,Experienced (有参赛经验),暂无得分记录
2612,75564,Geometry Dash,Dublin,Family/Community,1,FIRST LEGO League: Challenge,good,2,True,2/2 screened,2,2,True,2/2 complete,2,2,2,2,2,complete,True,2,0,True,,4,4,True,,True,True,none,1,"[{""id"": 302, ""name"": ""NorCal FLL Challenge BIOGLOW QT – The Dorris-Eaton School, San Ramon"", ""date"": ""2026-11-07T16:00:00Z"", ""timezone"": ""America/Los_Angeles"", ""website_uri"": ""https://mylumi.playingatlearning.org/en/event/302/"", ""level_name"": ""NorCal FLL Founders Edition 2026 Event Level""}]",/static/images/program_logos/fll_challenge_logo.png,/static/images/season_logos/2026_fll_challenge.png,True,,1,1,,,,0,0,False,Experienced (有参赛经验),暂无得分记录
2613,75626,BioBlitzers,Cupertino,Family/Community,1,FIRST LEGO League: Challenge,good,2,True,2/2 screened,2,2,True,2/2 complete,2,2,2,2,2,complete,True,2,0,True,,6,6,True,,True,True,none,1,"[{""id"": 309, ""name"": ""NorCal FLL Challenge BIOGLOW QT - Nueva School, San Mateo"", ""date"": ""2026-11-15T16:00:00Z"", ""timezone"": ""America/Los_Angeles"", ""website_uri"": ""https://mylumi.playingatlearning.org/en/event/309/"", ""level_name"": ""NorCal FLL Founders Edition 2026 Event Level""}]",/static/images/program_logos/fll_challenge_logo.png,/static/images/season_logos/2026_fll_challenge.png,True,,1,1,,,,0,0,False,Experienced (有参赛经验),暂无得分记录
2614,75631,Master Oogway,Pleasanton,Family/Community,1,FIRST LEGO League: Challenge,good,2,True,2/2 screened,2,2,True,2/2 complete,2,2,2,2,2,complete,True,2,0,True,,6,6,True,,True,True,none,1,"[{""id"": 311, ""name"": ""NorCal FLL Challenge BIOGLOW QT - Girl Scouts at EPA Center, East Palo Alto"", ""date"": ""2026-11-22T16:00:00Z"", ""timezone"": ""America/Los_Angeles"", ""website_uri"": ""https://mylumi.playingatlearning.org/en/event/311/"", ""level_name"": ""NorCal FLL Founders Edition 2026 Event Level""}]",/static/images/program_logos/fll_challenge_logo.png,/static/images/season_logos/2026_fll_challenge.png,True,,1,1,,,,0,0,False,Experienced (有参赛经验),暂无得分记录
3014,75632,F1FIFA,San Jose,Family/Community,1,FIRST LEGO League: Challenge,good,2,True,2/2 screened,2,2,True,2/2 complete,2,2,2,2,1,missing,True,2,0,True,,6,6,True,,True,True,none,1,"[{""id"": 311, ""name"": ""NorCal FLL Challenge BIOGLOW QT - Girl Scouts at EPA Center, East Palo Alto"", ""date"": ""2026-11-22T16:00:00Z"", ""timezone"": ""America/Los_Angeles"", ""website_uri"": ""https://mylumi.playingatlearning.org/en/event/311/"", ""level_name"": ""NorCal FLL Founders Edition 2026 Event Level""}]",/static/images/program_logos/fll_challenge_logo.png,/static/images/season_logos/2026_fll_challenge.png,True,,1,1,,,,0,0,False,Experienced (有参赛经验),暂无得分记录
2615,75661,FLL-C 75661,Oakland,Piedmont Makers,1,FIRST LEGO League: Challenge,pending_fingerprinting,2,False,1/2 screened,1,2,False,0/2 complete,0,2,0,0,0,missing,True,2,0,False,Below minimum: 0/2 required,0,2,False,Jotform pending,True,False,none,0,[],/static/images/program_logos/fll_challenge_logo.png,/static/images/season_logos/2026_fll_challenge.png,False,,0,0,,,,0,0,False,Rookie (新队伍),暂无得分记录
2616,75663,FLL-C 75663,Oakland,Piedmont Makers,1,FIRST LEGO League: Challenge,pending_fingerprinting,0,False,0/2 screened,0,2,False,0/2 complete,0,2,0,0,0,unknown,False,0,0,False,Below minimum: 0/2 required,0,2,False,Jotform pending,True,False,none,0,[],/static/images/program_logos/fll_challenge_logo.png,/static/images/season_logos/2026_fll_challenge.png,False,,0,0,,,,0,0,False,Rookie (新队伍),暂无得分记录
2617,75664,FLL-C 75664,Oakland,Piedmont Makers,1,FIRST LEGO League: Challenge,pending_fingerprinting,0,False,0/2 screened,0,2,False,0/2 complete,0,2,0,0,0,unknown,False,0,0,False,Below minimum: 0/2 required,0,2,False,Jotform pending,True,False,none,0,[],/static/images/program_logos/fll_challenge_logo.png,/static/images/season_logos/2026_fll_challenge.png,False,,0,0,,,,0,0,False,Rookie (新队伍),暂无得分记录
2618,75665,FLL-C 75665,Oakland,Piedmont Makers,1,FIRST LEGO League: Challenge,waiting_invites,1,False,1/2 screened,1,2,False,1/2 complete,1,2,1,1,1,unknown,False,1,1,False,Below minimum: 0/2 required,0,2,False,Jotform pending,True,False,none,0,[],/static/images/program_logos/fll_challenge_logo.png,/static/images/season_logos/2026_fll_challenge.png,False,,0,0,,,,0,0,False,Rookie (新队伍),暂无得分记录
2619,75685,FLL-C 75685,Oakland,Family/Community,1,FIRST LEGO League: Challenge,waiting_invites,1,False,1/2 screened,1,2,False,0/2 complete,0,2,0,0,0,missing,False,1,1,False,Below minimum: 0/2 required,0,2,False,Jotform pending,True,False,none,0,[],/static/images/program_logos/fll_challenge_logo.png,/static/images/season_logos/2026_fll_challenge.png,False,,0,0,,,,0,0,False,Rookie (新队伍),暂无得分记录
2620,75703,BioBots,San Jose,Family/Community,1,FIRST LEGO League: Challenge,good,2,True,2/2 screened,2,2,True,2/2 complete,2,2,2,2,2,complete,True,2,0,True,,8,8,True,,True,True,none,1,"[{""id"": 311, ""name"": ""NorCal FLL Challenge BIOGLOW QT - Girl Scouts at EPA Center, East Palo Alto"", ""date"": ""2026-11-22T16:00:00Z"", ""timezone"": ""America/Los_Angeles"", ""website_uri"": ""https://mylumi.playingatlearning.org/en/event/311/"", ""level_name"": ""NorCal FLL Founders Edition 2026 Event Level""}]",/static/images/program_logos/fll_challenge_logo.png,/static/images/season_logos/2026_fll_challenge.png,True,,1,1,,,,0,0,False,Experienced (有参赛经验),暂无得分记录
2621,75778,San Mateo Roboteers,San Mateo,Family/Community,1,FIRST LEGO League: Challenge,good,2,True,2/2 screened,2,2,True,2/2 complete,2,2,2,2,1,missing,True,2,0,True,,4,4,True,,True,True,none,1,"[{""id"": 309, ""name"": ""NorCal FLL Challenge BIOGLOW QT - Nueva School, San Mateo"", ""date"": ""2026-11-15T16:00:00Z"", ""timezone"": ""America/Los_Angeles"", ""website_uri"": ""https://mylumi.playingatlearning.org/en/event/309/"", ""level_name"": ""NorCal FLL Founders Edition 2026 Event Level""}]",/static/images/program_logos/fll_challenge_logo.png,/static/images/season_logos/2026_fll_challenge.png,True,,1,1,,,,0,0,False,Experienced (有参赛经验),暂无得分记录
2622,75798,Shark Bytes,Cupertino,Family/Community,1,FIRST LEGO League: Challenge,good,2,True,2/2 screened,2,2,True,2/2 complete,2,2,2,2,2,complete,True,2,0,True,,6,6,True,,True,True,none,1,"[{""id"": 304, ""name"": ""NorCal FLL Challenge BIOGLOW QT- SF Day School"", ""date"": ""2026-11-14T16:00:00Z"", ""timezone"": ""America/Los_Angeles"", ""website_uri"": ""https://mylumi.playingatlearning.org/en/event/304/"", ""level_name"": ""NorCal FLL Founders Edition 2026 Event Level""}]",/static/images/program_logos/fll_challenge_logo.png,/static/images/season_logos/2026_fll_challenge.png,True,,1,1,,,,0,0,False,Experienced (有参赛经验),暂无得分记录
2623,75803,Evolution Bots,Cupertino,Family/Community,1,FIRST LEGO League: Challenge,good,2,True,2/2 screened,2,2,True,2/2 complete,2,2,2,2,2,complete,True,2,0,True,,6,6,True,,True,True,none,1,"[{""id"": 307, ""name"": ""NorCal FLL Challenge BIOGLOW QT- SF Town School for Boys"", ""date"": ""2026-11-15T16:00:00Z"", ""timezone"": ""America/Los_Angeles"", ""website_uri"": ""https://mylumi.playingatlearning.org/en/event/307/"", ""level_name"": ""NorCal FLL Founders Edition 2026 Event Level""}]",/static/images/program_logos/fll_challenge_logo.png,/static/images/season_logos/2026_fll_challenge.png,True,,1,1,,,,0,0,False,Experienced (有参赛经验),暂无得分记录
2624,75809,CyberBots,San Jose,Family/Community,1,FIRST LEGO League: Challenge,good,2,True,2/2 screened,2,2,True,2/2 complete,2,2,2,2,2,complete,True,2,0,True,,7,7,True,,True,True,none,1,"[{""id"": 314, ""name"": ""NorCal FLL Challenge BIOGLOW QT - Pleasant Grove High School, Elk Grove"", ""date"": ""2026-11-15T16:00:00Z"", ""timezone"": ""America/Los_Angeles"", ""website_uri"": ""https://mylumi.playingatlearning.org/en/event/314/"", ""level_name"": ""NorCal FLL Founders Edition 2026 Event Level""}]",/static/images/program_logos/fll_challenge_logo.png,/static/images/season_logos/2026_fll_challenge.png,True,,1,1,,,,0,0,False,Experienced (有参赛经验),暂无得分记录
2625,75834,HexForge,San Jose,Family/Community,1,FIRST LEGO League: Challenge,good,2,True,2/2 screened,2,2,True,2/2 complete,2,2,2,2,2,complete,True,2,0,True,,7,7,True,,True,True,none,1,"[{""id"": 311, ""name"": ""NorCal FLL Challenge BIOGLOW QT - Girl Scouts at EPA Center, East Palo Alto"", ""date"": ""2026-11-22T16:00:00Z"", ""timezone"": ""America/Los_Angeles"", ""website_uri"": ""https://mylumi.playingatlearning.org/en/event/311/"", ""level_name"": ""NorCal FLL Founders Edition 2026 Event Level""}]",/static/images/program_logos/fll_challenge_logo.png,/static/images/season_logos/2026_fll_challenge.png,True,,1,1,,,,0,0,False,Experienced (有参赛经验),暂无得分记录
2626,75865,The Glowbots,Santa Clara,Family/Community,1,FIRST LEGO League: Challenge,good,2,True,2/2 screened,2,2,True,2/2 complete,2,2,2,2,2,complete,True,2,0,True,,5,5,True,,True,True,none,0,[],/static/images/program_logos/fll_challenge_logo.png,/static/images/season_logos/2026_fll_challenge.png,False,,0,0,,,,0,0,False,Rookie (新队伍),暂无得分记录
2922,75874,ABotTime,Mountain House,Family/Community,1,FIRST LEGO League: Challenge,pending_fingerprinting,2,True,2/2 screened,2,2,False,1/2 complete,1,2,2,1,1,missing,True,2,0,True,,8,8,True,,True,True,none,0,[],/static/images/program_logos/fll_challenge_logo.png,/static/images/season_logos/2026_fll_challenge.png,False,,0,0,,,,0,0,False,Rookie (新队伍),暂无得分记录
2627,75882,Rainforest Rangers,Folsom,Family/Community,1,FIRST LEGO League: Challenge,waiting_invites,2,True,2/2 screened,2,2,True,2/2 complete,2,2,2,2,2,complete,True,2,1,True,,4,4,False,Jotform pending,True,False,none,0,[],/static/images/program_logos/fll_challenge_logo.png,/static/images/season_logos/2026_fll_challenge.png,False,,0,0,,,,0,0,False,Rookie (新队伍),暂无得分记录
2880,75887,CookieShark,Saratoga,Foothill Elementary,1,FIRST LEGO League: Challenge,good,2,True,2/2 screened,2,2,True,2/2 complete,2,2,2,2,2,complete,True,2,0,True,,7,7,True,,True,True,none,1,"[{""id"": 305, ""name"": ""NorCal FLL Challenge BIOGLOW QT - The King's Academy, Sunnyvale"", ""date"": ""2026-11-14T16:00:00Z"", ""timezone"": ""America/Los_Angeles"", ""website_uri"": ""https://mylumi.playingatlearning.org/en/event/305/"", ""level_name"": ""NorCal FLL Founders Edition 2026 Event Level""}]",/static/images/program_logos/fll_challenge_logo.png,/static/images/season_logos/2026_fll_challenge.png,True,,1,1,,,,0,0,False,Experienced (有参赛经验),暂无得分记录
2628,75913,Technic Tyrants,San Ramon,Family/Community,1,FIRST LEGO League: Challenge,good,2,True,2/2 screened,2,2,True,2/2 complete,2,2,2,2,2,complete,True,2,0,True,,3,3,True,,True,True,none,1,"[{""id"": 309, ""name"": ""NorCal FLL Challenge BIOGLOW QT - Nueva School, San Mateo"", ""date"": ""2026-11-15T16:00:00Z"", ""timezone"": ""America/Los_Angeles"", ""website_uri"": ""https://mylumi.playingatlearning.org/en/event/309/"", ""level_name"": ""NorCal FLL Founders Edition 2026 Event Level""}]",/static/images/program_logos/fll_challenge_logo.png,/static/images/season_logos/2026_fll_challenge.png,True,,1,1,,,,0,0,False,Experienced (有参赛经验),暂无得分记录
2629,75933,The Square Roots,Los Gatos,Family/Community,1,FIRST LEGO League: Challenge,good,2,True,2/2 screened,2,2,True,2/2 complete,2,2,2,2,2,complete,True,2,0,True,,7,7,True,,True,True,none,1,"[{""id"": 310, ""name"": ""NorCal FLL Challenge BIOGLOW QT - Gunn High School, Palo Alto"", ""date"": ""2026-11-21T16:00:00Z"", ""timezone"": ""America/Los_Angeles"", ""website_uri"": ""https://mylumi.playingatlearning.org/en/event/310/"", ""level_name"": ""NorCal FLL Founders Edition 2026 Event Level""}]",/static/images/program_logos/fll_challenge_logo.png,/static/images/season_logos/2026_fll_challenge.png,True,,1,1,,,,0,0,False,Experienced (有参赛经验),暂无得分记录
2923,76014,Los Altos Robotics,Los Altos,Family/Community,1,FIRST LEGO League: Challenge,waiting_jotform,2,True,2/2 screened,2,2,True,2/2 complete,2,2,2,2,2,complete,True,2,0,True,,2,2,False,Jotform pending,True,False,none,0,[],/static/images/program_logos/fll_challenge_logo.png,/static/images/season_logos/2026_fll_challenge.png,False,,0,0,,,,0,0,False,Rookie (新队伍),暂无得分记录
2879,76031,Builder Bots,Richmond,Family/Community,1,FIRST LEGO League: Challenge,good,2,True,2/2 screened,2,2,True,2/2 complete,2,2,2,2,2,complete,True,2,0,True,,6,6,True,,True,True,none,1,"[{""id"": 302, ""name"": ""NorCal FLL Challenge BIOGLOW QT – The Dorris-Eaton School, San Ramon"", ""date"": ""2026-11-07T16:00:00Z"", ""timezone"": ""America/Los_Angeles"", ""website_uri"": ""https://mylumi.playingatlearning.org/en/event/302/"", ""level_name"": ""NorCal FLL Founders Edition 2026 Event Level""}]",/static/images/program_logos/fll_challenge_logo.png,/static/images/season_logos/2026_fll_challenge.png,True,,1,1,,,,0,0,False,Experienced (有参赛经验),暂无得分记录
2630,76053,Nerd Herd,Mountain View,Family/Community,1,FIRST LEGO League: Challenge,good,2,True,2/2 screened,2,2,True,2/2 complete,2,2,2,2,2,complete,True,2,0,True,,5,5,True,,True,True,none,1,"[{""id"": 305, ""name"": ""NorCal FLL Challenge BIOGLOW QT - The King's Academy, Sunnyvale"", ""date"": ""2026-11-14T16:00:00Z"", ""timezone"": ""America/Los_Angeles"", ""website_uri"": ""https://mylumi.playingatlearning.org/en/event/305/"", ""level_name"": ""NorCal FLL Founders Edition 2026 Event Level""}]",/static/images/program_logos/fll_challenge_logo.png,/static/images/season_logos/2026_fll_challenge.png,True,,1,1,,,,0,0,False,Experienced (有参赛经验),暂无得分记录
2631,76064,ExplorerBots,El Dorado Hills,Family/Community,1,FIRST LEGO League: Challenge,pending_fingerprinting,1,False,0/2 screened,0,2,False,1/2 complete,1,2,1,1,0,missing,False,1,0,False,Below minimum: 0/2 required,0,2,False,Jotform pending,True,False,none,0,[],/static/images/program_logos/fll_challenge_logo.png,/static/images/season_logos/2026_fll_challenge.png,False,,0,0,,,,0,0,False,Rookie (新队伍),暂无得分记录
2632,76087,Photon Forcer,Los Altos,Family/Community,1,FIRST LEGO League: Challenge,good,2,True,2/2 screened,2,2,True,2/2 complete,2,2,2,2,2,complete,True,2,0,True,,4,4,True,,True,True,none,1,"[{""id"": 309, ""name"": ""NorCal FLL Challenge BIOGLOW QT - Nueva School, San Mateo"", ""date"": ""2026-11-15T16:00:00Z"", ""timezone"": ""America/Los_Angeles"", ""website_uri"": ""https://mylumi.playingatlearning.org/en/event/309/"", ""level_name"": ""NorCal FLL Founders Edition 2026 Event Level""}]",/static/images/program_logos/fll_challenge_logo.png,/static/images/season_logos/2026_fll_challenge.png,True,,1,1,,,,0,0,False,Experienced (有参赛经验),暂无得分记录
2633,76108,Pink Oreos,Sunnyvale,Family/Community,1,FIRST LEGO League: Challenge,waiting_invites,2,False,1/2 screened,1,2,False,1/2 complete,1,2,1,1,1,missing,True,2,1,False,Below minimum: 0/2 required,0,2,False,Jotform pending,True,False,none,0,[],/static/images/program_logos/fll_challenge_logo.png,/static/images/season_logos/2026_fll_challenge.png,False,,0,0,,,,0,0,False,Rookie (新队伍),暂无得分记录
2634,76109,Battle Bots,Fremont,Family/Community,1,FIRST LEGO League: Challenge,good,2,True,2/2 screened,2,2,True,2/2 complete,2,2,2,2,2,complete,True,2,0,True,,4,4,True,,True,True,none,1,"[{""id"": 310, ""name"": ""NorCal FLL Challenge BIOGLOW QT - Gunn High School, Palo Alto"", ""date"": ""2026-11-21T16:00:00Z"", ""timezone"": ""America/Los_Angeles"", ""website_uri"": ""https://mylumi.playingatlearning.org/en/event/310/"", ""level_name"": ""NorCal FLL Founders Edition 2026 Event Level""}]",/static/images/program_logos/fll_challenge_logo.png,/static/images/season_logos/2026_fll_challenge.png,True,,1,1,,,,0,0,False,Experienced (有参赛经验),暂无得分记录
2953,76122,Otterbots,Menlo Park,Family/Community,1,FIRST LEGO League: Challenge,pending_fingerprinting,1,False,1/2 screened,1,2,False,1/2 complete,1,2,1,1,1,unknown,False,1,0,False,Below minimum: 0/2 required,0,2,False,Jotform pending,True,False,none,0,[],/static/images/program_logos/fll_challenge_logo.png,/static/images/season_logos/2026_fll_challenge.png,False,,0,0,,,,0,0,False,Rookie (新队伍),暂无得分记录
2635,76167,Bots,Los Gatos,Family/Community,1,FIRST LEGO League: Challenge,good,2,True,2/2 screened,2,2,True,2/2 complete,2,2,2,2,2,complete,True,2,0,True,,6,6,True,,True,True,none,0,[],/static/images/program_logos/fll_challenge_logo.png,/static/images/season_logos/2026_fll_challenge.png,False,,0,0,,,,0,0,False,Rookie (新队伍),暂无得分记录
2636,76170,Rocking Creators,Folsom,Family/Community,1,FIRST LEGO League: Challenge,waiting_invites,2,True,2/2 screened,2,2,False,0/2 complete,0,2,2,0,0,missing,True,2,0,True,,6,6,False,Jotform pending,True,False,none,0,[],/static/images/program_logos/fll_challenge_logo.png,/static/images/season_logos/2026_fll_challenge.png,False,,0,0,,,,0,0,False,Rookie (新队伍),暂无得分记录
3046,76173,Pikachu Prime,Fremont,Basis Independent Fremont,1,FIRST LEGO League: Challenge,waiting_invites,2,True,2/2 screened,2,2,False,0/2 complete,0,2,0,1,1,missing,True,2,1,True,,3,3,False,Jotform pending,True,False,none,0,[],/static/images/program_logos/fll_challenge_logo.png,/static/images/season_logos/2026_fll_challenge.png,False,,0,0,,,,0,0,False,Rookie (新队伍),暂无得分记录
2637,76187,TechnoElite,Mountain View,Family/Community,1,FIRST LEGO League: Challenge,good,2,True,2/2 screened,2,2,True,2/2 complete,2,2,2,2,2,complete,True,2,0,True,,6,6,True,,True,True,none,1,"[{""id"": 310, ""name"": ""NorCal FLL Challenge BIOGLOW QT - Gunn High School, Palo Alto"", ""date"": ""2026-11-21T16:00:00Z"", ""timezone"": ""America/Los_Angeles"", ""website_uri"": ""https://mylumi.playingatlearning.org/en/event/310/"", ""level_name"": ""NorCal FLL Founders Edition 2026 Event Level""}]",/static/images/program_logos/fll_challenge_logo.png,/static/images/season_logos/2026_fll_challenge.png,True,,1,1,,,,0,0,False,Experienced (有参赛经验),暂无得分记录
2638,76197,MidKnight Mystery,Sunnyvale,The King's Academy,1,FIRST LEGO League: Challenge,pending_fingerprinting,2,True,2/2 screened,2,2,False,1/2 complete,1,2,2,1,1,missing,True,2,0,True,,8,8,True,,True,True,none,0,[],/static/images/program_logos/fll_challenge_logo.png,/static/images/season_logos/2026_fll_challenge.png,False,,0,0,,,,0,0,False,Rookie (新队伍),暂无得分记录
2639,76208,VCES,San Jose,Valley Christian Elementary,1,FIRST LEGO League: Challenge,good,2,True,2/2 screened,2,2,True,2/2 complete,2,2,2,2,2,complete,True,2,0,True,,5,5,True,,True,True,none,1,"[{""id"": 306, ""name"": ""NorCal FLL Challenge BIOGLOW QT - San Francisco Bay University, Fremont"", ""date"": ""2026-11-14T16:00:00Z"", ""timezone"": ""America/Los_Angeles"", ""website_uri"": ""https://mylumi.playingatlearning.org/en/event/306/"", ""level_name"": ""NorCal FLL Founders Edition 2026 Event Level""}]",/static/images/program_logos/fll_challenge_logo.png,/static/images/season_logos/2026_fll_challenge.png,True,,1,1,,,,0,0,False,Experienced (有参赛经验),暂无得分记录
2640,76237,PentaBotz1,El Dorado Hills,"Sutter Middle, Winston Churchill Middle",1,FIRST LEGO League: Challenge,good,2,True,2/2 screened,2,2,True,2/2 complete,2,2,2,2,2,complete,True,2,0,True,,5,5,True,,True,True,none,1,"[{""id"": 310, ""name"": ""NorCal FLL Challenge BIOGLOW QT - Gunn High School, Palo Alto"", ""date"": ""2026-11-21T16:00:00Z"", ""timezone"": ""America/Los_Angeles"", ""website_uri"": ""https://mylumi.playingatlearning.org/en/event/310/"", ""level_name"": ""NorCal FLL Founders Edition 2026 Event Level""}]",/static/images/program_logos/fll_challenge_logo.png,/static/images/season_logos/2026_fll_challenge.png,True,,1,1,,,,0,0,False,Experienced (有参赛经验),暂无得分记录
2641,76238,Lego Legends,Campbell,Stratford School - Santa Clara Pomeroy,1,FIRST LEGO League: Challenge,good,2,True,2/2 screened,2,2,True,2/2 complete,2,2,2,2,2,complete,True,2,0,True,,4,4,True,,True,True,none,0,[],/static/images/program_logos/fll_challenge_logo.png,/static/images/season_logos/2026_fll_challenge.png,False,,0,0,,,,0,0,False,Rookie (新队伍),暂无得分记录
2642,76248,Falcon Fab Flyers,Cupertino,Family/Community,1,FIRST LEGO League: Challenge,waiting_invites,2,True,2/2 screened,2,2,False,0/2 complete,0,2,0,0,0,missing,True,2,1,True,,3,3,False,Jotform pending,True,False,none,0,[],/static/images/program_logos/fll_challenge_logo.png,/static/images/season_logos/2026_fll_challenge.png,False,,0,0,,,,0,0,False,Rookie (新队伍),暂无得分记录
2643,76253,Biomes,San Jose,Family/Community,1,FIRST LEGO League: Challenge,waiting_invites,2,False,1/2 screened,1,2,False,1/2 complete,1,2,1,1,0,missing,True,2,1,False,Below minimum: 0/2 required,0,2,False,Jotform pending,True,False,none,0,[],/static/images/program_logos/fll_challenge_logo.png,/static/images/season_logos/2026_fll_challenge.png,False,,0,0,,,,0,0,False,Rookie (新队伍),暂无得分记录
3028,76254,Chocolate Frogs,Cupertino,Family/Community,1,FIRST LEGO League: Challenge,good,2,True,2/2 screened,2,2,True,2/2 complete,2,2,2,2,2,complete,True,2,0,True,,8,8,True,,True,True,none,1,"[{""id"": 310, ""name"": ""NorCal FLL Challenge BIOGLOW QT - Gunn High School, Palo Alto"", ""date"": ""2026-11-21T16:00:00Z"", ""timezone"": ""America/Los_Angeles"", ""website_uri"": ""https://mylumi.playingatlearning.org/en/event/310/"", ""level_name"": ""NorCal FLL Founders Edition 2026 Event Level""}]",/static/images/program_logos/fll_challenge_logo.png,/static/images/season_logos/2026_fll_challenge.png,True,,1,1,,,,0,0,False,Experienced (有参赛经验),暂无得分记录
2644,76258,Alpha Avengers,San Jose,Family/Community,1,FIRST LEGO League: Challenge,good,2,True,2/2 screened,2,2,True,2/2 complete,2,2,2,2,2,complete,True,2,0,True,,3,3,True,,True,True,none,1,"[{""id"": 306, ""name"": ""NorCal FLL Challenge BIOGLOW QT - San Francisco Bay University, Fremont"", ""date"": ""2026-11-14T16:00:00Z"", ""timezone"": ""America/Los_Angeles"", ""website_uri"": ""https://mylumi.playingatlearning.org/en/event/306/"", ""level_name"": ""NorCal FLL Founders Edition 2026 Event Level""}]",/static/images/program_logos/fll_challenge_logo.png,/static/images/season_logos/2026_fll_challenge.png,True,,1,1,,,,0,0,False,Experienced (有参赛经验),暂无得分记录
2954,76260,MechaBots,Sunnyvale,Tessellations School,1,FIRST LEGO League: Challenge,good,2,True,2/2 screened,2,2,True,2/2 complete,2,2,2,2,2,complete,True,2,0,True,,5,5,True,,True,True,none,1,"[{""id"": 309, ""name"": ""NorCal FLL Challenge BIOGLOW QT - Nueva School, San Mateo"", ""date"": ""2026-11-15T16:00:00Z"", ""timezone"": ""America/Los_Angeles"", ""website_uri"": ""https://mylumi.playingatlearning.org/en/event/309/"", ""level_name"": ""NorCal FLL Founders Edition 2026 Event Level""}]",/static/images/program_logos/fll_challenge_logo.png,/static/images/season_logos/2026_fll_challenge.png,True,,1,1,,,,0,0,False,Experienced (有参赛经验),暂无得分记录
2645,76306,Bionic Biologists,Monte Sereno,Home School,1,FIRST LEGO League: Challenge,waiting_jotform,2,True,2/2 screened,2,2,True,2/2 complete,2,2,2,2,2,complete,True,2,0,True,,3,3,False,Jotform pending,True,False,none,0,[],/static/images/program_logos/fll_challenge_logo.png,/static/images/season_logos/2026_fll_challenge.png,False,,0,0,,,,0,0,False,Rookie (新队伍),暂无得分记录
2646,76308,Eco Explorers,San Jose,Family/Community,1,FIRST LEGO League: Challenge,good,2,True,2/2 screened,2,2,True,2/2 complete,2,2,2,2,2,complete,True,2,0,True,,4,4,True,,True,True,none,1,"[{""id"": 311, ""name"": ""NorCal FLL Challenge BIOGLOW QT - Girl Scouts at EPA Center, East Palo Alto"", ""date"": ""2026-11-22T16:00:00Z"", ""timezone"": ""America/Los_Angeles"", ""website_uri"": ""https://mylumi.playingatlearning.org/en/event/311/"", ""level_name"": ""NorCal FLL Founders Edition 2026 Event Level""}]",/static/images/program_logos/fll_challenge_logo.png,/static/images/season_logos/2026_fll_challenge.png,True,,1,1,,,,0,0,False,Experienced (有参赛经验),暂无得分记录
2925,76373,MidKnight Marvels,Sunnyvale,The King's Academy,1,FIRST LEGO League: Challenge,pending_fingerprinting,2,True,2/2 screened,2,2,False,1/2 complete,1,2,2,1,1,missing,True,2,0,True,,5,5,True,,True,True,none,0,[],/static/images/program_logos/fll_challenge_logo.png,/static/images/season_logos/2026_fll_challenge.png,False,,0,0,,,,0,0,False,Rookie (新队伍),暂无得分记录
2972,76441,The Legends Foothill,Saratoga,Foothill Elementary,1,FIRST LEGO League: Challenge,good,2,True,2/2 screened,2,2,True,2/2 complete,2,2,2,2,2,complete,True,2,0,True,,5,5,True,,True,True,none,1,"[{""id"": 304, ""name"": ""NorCal FLL Challenge BIOGLOW QT- SF Day School"", ""date"": ""2026-11-14T16:00:00Z"", ""timezone"": ""America/Los_Angeles"", ""website_uri"": ""https://mylumi.playingatlearning.org/en/event/304/"", ""level_name"": ""NorCal FLL Founders Edition 2026 Event Level""}]",/static/images/program_logos/fll_challenge_logo.png,/static/images/season_logos/2026_fll_challenge.png,True,,1,1,,,,0,0,False,Experienced (有参赛经验),暂无得分记录
3071,76443,Robox,Saratoga,Foothill Elementary,1,FIRST LEGO League: Challenge,waiting_invites,2,True,2/2 screened,2,2,False,0/2 complete,0,2,0,0,1,missing,True,2,2,True,,5,5,False,Jotform pending,True,False,none,0,[],/static/images/program_logos/fll_challenge_logo.png,/static/images/season_logos/2026_fll_challenge.png,False,,0,0,,,,0,0,False,Rookie (新队伍),暂无得分记录
3003,76444,Foothill Team 3 (Founder's),Saratoga,Foothill Elementary,1,FIRST LEGO League: Challenge,pending_fingerprinting,2,True,2/2 screened,2,2,False,1/2 complete,1,2,1,1,1,missing,True,2,0,True,,4,4,False,Jotform pending,True,False,none,0,[],/static/images/program_logos/fll_challenge_logo.png,/static/images/season_logos/2026_fll_challenge.png,False,,0,0,,,,0,0,False,Rookie (新队伍),暂无得分记录
3004,76445,Team BIOBOTS ,Saratoga,Foothill Elementary,1,FIRST LEGO League: Challenge,pending_fingerprinting,2,True,2/2 screened,2,2,False,1/2 complete,1,2,1,1,1,missing,True,2,0,True,,5,5,False,Jotform pending,True,False,none,0,[],/static/images/program_logos/fll_challenge_logo.png,/static/images/season_logos/2026_fll_challenge.png,False,,0,0,,,,0,0,False,Rookie (新队伍),暂无得分记录
2886,76468,Rainforest Engineers,Cupertino,Family/Community,1,FIRST LEGO League: Challenge,good,2,True,2/2 screened,2,2,True,2/2 complete,2,2,2,2,2,complete,True,2,0,True,,6,6,True,,True,True,none,1,"[{""id"": 308, ""name"": ""NorCal FLL Challenge BIOGLOW QT - NOV 15 The Play Space, San Jose"", ""date"": ""2026-11-15T16:00:00Z"", ""timezone"": ""America/Los_Angeles"", ""website_uri"": ""https://mylumi.playingatlearning.org/en/event/308/"", ""level_name"": ""NorCal FLL Founders Edition 2026 Event Level""}]",/static/images/program_logos/fll_challenge_logo.png,/static/images/season_logos/2026_fll_challenge.png,True,,1,1,,,,0,0,False,Experienced (有参赛经验),暂无得分记录
2647,76476,Lego Minions,SAN JOSE,Family/Community,1,FIRST LEGO League: Challenge,good,2,True,2/2 screened,2,2,True,2/2 complete,2,2,2,2,2,complete,True,2,0,True,,6,6,True,,True,True,none,1,"[{""id"": 311, ""name"": ""NorCal FLL Challenge BIOGLOW QT - Girl Scouts at EPA Center, East Palo Alto"", ""date"": ""2026-11-22T16:00:00Z"", ""timezone"": ""America/Los_Angeles"", ""website_uri"": ""https://mylumi.playingatlearning.org/en/event/311/"", ""level_name"": ""NorCal FLL Founders Edition 2026 Event Level""}]",/static/images/program_logos/fll_challenge_logo.png,/static/images/season_logos/2026_fll_challenge.png,True,,1,1,,,,0,0,False,Experienced (有参赛经验),暂无得分记录
2648,76485,ANTIMATTER,Palo Alto,Family/Community,1,FIRST LEGO League: Challenge,pending_fingerprinting,2,False,1/2 screened,1,2,False,1/2 complete,1,2,1,1,0,missing,False,1,1,False,Below minimum: 0/2 required,0,2,False,Jotform pending,True,False,none,0,[],/static/images/program_logos/fll_challenge_logo.png,/static/images/season_logos/2026_fll_challenge.png,False,,0,0,,,,0,0,False,Rookie (新队伍),暂无得分记录
2649,76488,TeknikBricks,Saratoga,Family/Community,1,FIRST LEGO League: Challenge,waiting_invites,2,True,2/2 screened,2,2,False,1/2 complete,1,2,1,1,2,complete,True,2,1,True,,5,5,False,Jotform pending,True,False,none,0,[],/static/images/program_logos/fll_challenge_logo.png,/static/images/season_logos/2026_fll_challenge.png,False,,0,0,,,,0,0,False,Rookie (新队伍),暂无得分记录
2650,76496,The Folsom Challengers,Folsom,Family/Community,1,FIRST LEGO League: Challenge,pending_fingerprinting,1,False,0/2 screened,0,2,False,0/2 complete,0,2,0,0,0,missing,False,1,0,False,Below minimum: 0/2 required,0,2,False,Jotform pending,True,False,none,0,[],/static/images/program_logos/fll_challenge_logo.png,/static/images/season_logos/2026_fll_challenge.png,False,,0,0,,,,0,0,False,Rookie (新队伍),暂无得分记录
2988,76497,Brick Benders,Fremont,Family/Community,1,FIRST LEGO League: Challenge,waiting_invites,2,True,2/2 screened,2,2,True,2/2 complete,2,2,2,2,0,missing,True,2,1,True,,4,4,False,Jotform pending,True,False,none,0,[],/static/images/program_logos/fll_challenge_logo.png,/static/images/season_logos/2026_fll_challenge.png,False,,0,0,,,,0,0,False,Rookie (新队伍),暂无得分记录
2888,76518,Robolabs Rover,Dublin,Family/Community,1,FIRST LEGO League: Challenge,pending_fingerprinting,2,True,2/2 screened,2,2,False,0/2 complete,0,2,1,0,0,missing,True,2,0,False,Below minimum: 0/2 required,0,2,False,Jotform pending,True,False,none,0,[],/static/images/program_logos/fll_challenge_logo.png,/static/images/season_logos/2026_fll_challenge.png,False,,0,0,,,,0,0,False,Rookie (新队伍),暂无得分记录
2950,76524,Argo Metallics,Saratoga,Argonaut Elementary,1,FIRST LEGO League: Challenge,good,2,True,2/2 screened,2,2,True,2/2 complete,2,2,2,2,2,complete,True,2,0,True,,4,4,True,,True,True,none,1,"[{""id"": 306, ""name"": ""NorCal FLL Challenge BIOGLOW QT - San Francisco Bay University, Fremont"", ""date"": ""2026-11-14T16:00:00Z"", ""timezone"": ""America/Los_Angeles"", ""website_uri"": ""https://mylumi.playingatlearning.org/en/event/306/"", ""level_name"": ""NorCal FLL Founders Edition 2026 Event Level""}]",/static/images/program_logos/fll_challenge_logo.png,/static/images/season_logos/2026_fll_challenge.png,True,,1,1,,,,0,0,False,Experienced (有参赛经验),暂无得分记录
2651,76623,Climate Crew,Santa Clara,St Justin Elementary School,1,FIRST LEGO League: Challenge,good,2,True,2/2 screened,2,2,True,2/2 complete,2,2,2,2,1,missing,True,2,0,True,,3,3,True,,True,True,none,1,"[{""id"": 301, ""name"": ""NorCal FLL Challenge BIOGLOW QT – St. Martin of Tours, San Jose"", ""date"": ""2026-11-07T16:00:00Z"", ""timezone"": ""America/Los_Angeles"", ""website_uri"": ""https://mylumi.playingatlearning.org/en/event/301/"", ""level_name"": ""NorCal FLL Founders Edition 2026 Event Level""}]",/static/images/program_logos/fll_challenge_logo.png,/static/images/season_logos/2026_fll_challenge.png,True,,1,1,,,,0,0,False,Experienced (有参赛经验),暂无得分记录
2652,76624,Aqua Alliance ,Santa Clara,St Justin Elementary School,1,FIRST LEGO League: Challenge,good,2,True,2/2 screened,2,2,True,2/2 complete,2,2,2,2,1,missing,True,2,0,True,,4,4,True,,True,True,none,1,"[{""id"": 301, ""name"": ""NorCal FLL Challenge BIOGLOW QT – St. Martin of Tours, San Jose"", ""date"": ""2026-11-07T16:00:00Z"", ""timezone"": ""America/Los_Angeles"", ""website_uri"": ""https://mylumi.playingatlearning.org/en/event/301/"", ""level_name"": ""NorCal FLL Founders Edition 2026 Event Level""}]",/static/images/program_logos/fll_challenge_logo.png,/static/images/season_logos/2026_fll_challenge.png,True,,1,1,,,,0,0,False,Experienced (有参赛经验),暂无得分记录
2653,76646,ILS 4-8,Palo Alto,Imagination Lab School,1,FIRST LEGO League: Challenge,pending_fingerprinting,1,False,1/2 screened,1,2,False,1/2 complete,1,2,1,1,1,unknown,False,1,0,False,Below minimum: 0/2 required,0,2,False,Jotform pending,True,False,none,0,[],/static/images/program_logos/fll_challenge_logo.png,/static/images/season_logos/2026_fll_challenge.png,False,,0,0,,,,0,0,False,Rookie (新队伍),暂无得分记录
2654,76717,Sapphire,Santa Clara,Stratford School - Santa Clara Pomeroy,1,FIRST LEGO League: Challenge,good,2,True,2/2 screened,2,2,True,2/2 complete,2,2,2,2,2,complete,True,2,0,True,,2,2,True,,True,True,none,1,"[{""id"": 310, ""name"": ""NorCal FLL Challenge BIOGLOW QT - Gunn High School, Palo Alto"", ""date"": ""2026-11-21T16:00:00Z"", ""timezone"": ""America/Los_Angeles"", ""website_uri"": ""https://mylumi.playingatlearning.org/en/event/310/"", ""level_name"": ""NorCal FLL Founders Edition 2026 Event Level""}]",/static/images/program_logos/fll_challenge_logo.png,/static/images/season_logos/2026_fll_challenge.png,True,,1,1,,,,0,0,False,Experienced (有参赛经验),暂无得分记录
3027,76718,Golden Gophers,Fremont,John Gomes Elementary,1,FIRST LEGO League: Challenge,waiting_invites,2,True,2/2 screened,2,2,False,0/2 complete,0,2,1,0,0,missing,True,2,1,True,,7,7,False,Jotform pending,True,False,none,0,[],/static/images/program_logos/fll_challenge_logo.png,/static/images/season_logos/2026_fll_challenge.png,False,,0,0,,,,0,0,False,Rookie (新队伍),暂无得分记录
2655,76762,BiomeBuddies,Palo Alto,Imagination Lab School,1,FIRST LEGO League: Challenge,good,2,True,2/2 screened,2,2,True,2/2 complete,2,2,2,2,2,complete,True,2,0,True,,4,4,True,,True,True,none,1,"[{""id"": 306, ""name"": ""NorCal FLL Challenge BIOGLOW QT - San Francisco Bay University, Fremont"", ""date"": ""2026-11-14T16:00:00Z"", ""timezone"": ""America/Los_Angeles"", ""website_uri"": ""https://mylumi.playingatlearning.org/en/event/306/"", ""level_name"": ""NorCal FLL Founders Edition 2026 Event Level""}]",/static/images/program_logos/fll_challenge_logo.png,/static/images/season_logos/2026_fll_challenge.png,True,,1,1,,,,0,0,False,Experienced (有参赛经验),暂无得分记录
2889,76763,Funguy,Mountain View,Family/Community,1,FIRST LEGO League: Challenge,waiting_jotform,2,True,2/2 screened,2,2,True,2/2 complete,2,2,2,2,2,complete,True,2,0,True,,2,2,False,Jotform pending,True,False,none,0,[],/static/images/program_logos/fll_challenge_logo.png,/static/images/season_logos/2026_fll_challenge.png,False,,0,0,,,,0,0,False,Rookie (新队伍),暂无得分记录
2890,76867,Stratford Fremont - Osgood,Fremont,Family/Community,1,FIRST LEGO League: Challenge,pending_national_screening,2,False,1/2 screened,1,2,True,2/2 complete,2,2,2,2,0,missing,True,2,0,False,Below minimum: 0/2 required,0,2,False,Jotform pending,True,False,none,0,[],/static/images/program_logos/fll_challenge_logo.png,/static/images/season_logos/2026_fll_challenge.png,False,,0,0,,,,0,0,False,Rookie (新队伍),暂无得分记录
2927,76958,LARSTech,Fremont,Family/Community,1,FIRST LEGO League: Challenge,pending_fingerprinting,2,True,2/2 screened,2,2,False,1/2 complete,1,2,1,1,1,missing,True,2,0,False,Below minimum: 0/2 required,0,2,False,Jotform pending,True,False,none,0,[],/static/images/program_logos/fll_challenge_logo.png,/static/images/season_logos/2026_fll_challenge.png,False,,0,0,,,,0,0,False,Rookie (新队伍),暂无得分记录
2928,76986,Robo Glow,San Francisco,San Francisco Day School,1,FIRST LEGO League: Challenge,waiting_members,2,True,2/2 screened,2,2,True,2/2 complete,2,2,2,2,1,missing,True,2,0,False,Below minimum: 0/2 required,0,2,False,Jotform pending,True,False,none,0,[],/static/images/program_logos/fll_challenge_logo.png,/static/images/season_logos/2026_fll_challenge.png,False,,0,0,,,,0,0,False,Rookie (新队伍),暂无得分记录
2973,76990,NEW-bies,San Jose,Holy Family School,1,FIRST LEGO League: Challenge,good,2,True,2/2 screened,2,2,True,2/2 complete,2,2,2,2,0,missing,True,2,0,True,,2,2,True,,True,True,none,0,[],/static/images/program_logos/fll_challenge_logo.png,/static/images/season_logos/2026_fll_challenge.png,False,,0,0,,,,0,0,False,Rookie (新队伍),暂无得分记录
2955,76991,Buzzing Bees,Mountain View,Crittenden Middle,1,FIRST LEGO League: Challenge,waiting_members,2,True,2/2 screened,2,2,True,2/2 complete,2,2,2,2,0,missing,True,2,0,False,Below minimum: 0/2 required,0,2,False,Jotform pending,True,False,none,0,[],/static/images/program_logos/fll_challenge_logo.png,/static/images/season_logos/2026_fll_challenge.png,False,,0,0,,,,0,0,False,Rookie (新队伍),暂无得分记录
2978,77062,Stratford Milpitas,Milpitas,Stratford Preparatory Milpitas,1,FIRST LEGO League: Challenge,pending_fingerprinting,2,True,2/2 screened,2,2,False,1/2 complete,1,2,1,1,1,missing,True,2,0,False,Below minimum: 0/2 required,0,2,True,,True,True,none,0,[],/static/images/program_logos/fll_challenge_logo.png,/static/images/season_logos/2026_fll_challenge.png,False,,0,0,,,,0,0,False,Rookie (新队伍),暂无得分记录
2979,77075,Stratford Osgood,Fremont,Stratford School,1,FIRST LEGO League: Challenge,pending_fingerprinting,3,True,2/2 screened,2,2,False,1/2 complete,1,2,1,1,1,missing,False,3,1,False,Below minimum: 0/2 required,0,2,False,Jotform pending,True,False,none,0,[],/static/images/program_logos/fll_challenge_logo.png,/static/images/season_logos/2026_fll_challenge.png,False,,0,0,,,,0,0,False,Rookie (新队伍),暂无得分记录
2956,77089,Team Ocean Reef,Milpitas,Family/Community,1,FIRST LEGO League: Challenge,good,2,True,2/2 screened,2,2,True,2/2 complete,2,2,2,2,2,complete,True,2,0,True,,2,2,True,,True,True,none,0,[],/static/images/program_logos/fll_challenge_logo.png,/static/images/season_logos/2026_fll_challenge.png,False,,0,0,,,,0,0,False,Rookie (新队伍),暂无得分记录
2957,77091,RogueRobots,Palo Alto,ULEAP,1,FIRST LEGO League: Challenge,good,2,True,2/2 screened,2,2,True,2/2 complete,2,2,2,2,2,complete,True,2,0,True,,6,6,True,,True,True,none,1,"[{""id"": 309, ""name"": ""NorCal FLL Challenge BIOGLOW QT - Nueva School, San Mateo"", ""date"": ""2026-11-15T16:00:00Z"", ""timezone"": ""America/Los_Angeles"", ""website_uri"": ""https://mylumi.playingatlearning.org/en/event/309/"", ""level_name"": ""NorCal FLL Founders Edition 2026 Event Level""}]",/static/images/program_logos/fll_challenge_logo.png,/static/images/season_logos/2026_fll_challenge.png,True,,1,1,,,,0,0,False,Experienced (有参赛经验),暂无得分记录
2971,77135,Team 5@McKinley ,Burlingame,Mckinley Elementary,1,FIRST LEGO League: Challenge,good,2,True,2/2 screened,2,2,True,2/2 complete,2,2,2,2,1,missing,True,2,0,True,,6,6,True,,True,True,none,1,"[{""id"": 301, ""name"": ""NorCal FLL Challenge BIOGLOW QT – St. Martin of Tours, San Jose"", ""date"": ""2026-11-07T16:00:00Z"", ""timezone"": ""America/Los_Angeles"", ""website_uri"": ""https://mylumi.playingatlearning.org/en/event/301/"", ""level_name"": ""NorCal FLL Founders Edition 2026 Event Level""}]",/static/images/program_logos/fll_challenge_logo.png,/static/images/season_logos/2026_fll_challenge.png,True,,1,1,,,,0,0,False,Experienced (有参赛经验),暂无得分记录
2958,77139,Team 1,Mountain View,Family/Community,1,FIRST LEGO League: Challenge,pending_fingerprinting,2,False,1/2 screened,1,2,False,1/2 complete,1,2,1,1,1,unknown,True,2,0,False,Below minimum: 0/2 required,0,2,False,Jotform pending,True,False,none,0,[],/static/images/program_logos/fll_challenge_logo.png,/static/images/season_logos/2026_fll_challenge.png,False,,0,0,,,,0,0,False,Rookie (新队伍),暂无得分记录
2959,77145,Team 2,Mountain View,Family/Community,1,FIRST LEGO League: Challenge,waiting_invites,3,True,2/2 screened,2,2,True,2/2 complete,2,2,2,2,2,complete,False,3,1,False,Below minimum: 0/2 required,0,2,False,Jotform pending,True,False,none,0,[],/static/images/program_logos/fll_challenge_logo.png,/static/images/season_logos/2026_fll_challenge.png,False,,0,0,,,,0,0,False,Rookie (新队伍),暂无得分记录
2960,77151,Team 4,Mountain View,Family/Community,1,FIRST LEGO League: Challenge,pending_fingerprinting,2,False,1/2 screened,1,2,False,1/2 complete,1,2,1,1,1,unknown,True,2,0,False,Below minimum: 0/2 required,0,2,False,Jotform pending,True,False,none,0,[],/static/images/program_logos/fll_challenge_logo.png,/static/images/season_logos/2026_fll_challenge.png,False,,0,0,,,,0,0,False,Rookie (新队伍),暂无得分记录
2961,77152,Team 5,Mountain View,Family/Community,1,FIRST LEGO League: Challenge,pending_fingerprinting,2,False,1/2 screened,1,2,False,1/2 complete,1,2,1,1,1,unknown,True,2,0,False,Below minimum: 0/2 required,0,2,False,Jotform pending,True,False,none,0,[],/static/images/program_logos/fll_challenge_logo.png,/static/images/season_logos/2026_fll_challenge.png,False,,0,0,,,,0,0,False,Rookie (新队伍),暂无得分记录
2962,77153,Team 6,Mountain View,Family/Community,1,FIRST LEGO League: Challenge,waiting_invites,3,True,2/2 screened,2,2,False,1/2 complete,1,2,1,1,1,missing,False,3,1,False,Below minimum: 0/2 required,0,2,False,Jotform pending,True,False,none,0,[],/static/images/program_logos/fll_challenge_logo.png,/static/images/season_logos/2026_fll_challenge.png,False,,0,0,,,,0,0,False,Rookie (新队伍),暂无得分记录
2963,77154,Team 3,Mountain View,Family/Community,1,FIRST LEGO League: Challenge,roster_overload,3,True,2/2 screened,2,2,True,2/2 complete,2,2,2,2,1,missing,False,3,0,True,,2,2,False,Jotform pending,True,False,none,0,[],/static/images/program_logos/fll_challenge_logo.png,/static/images/season_logos/2026_fll_challenge.png,False,,0,0,,,,0,0,False,Rookie (新队伍),暂无得分记录
2964,77156,Gear Grinders,Sunnyvale,Stratford Middle School,1,FIRST LEGO League: Challenge,good,2,True,2/2 screened,2,2,True,2/2 complete,2,2,2,2,2,complete,True,2,0,True,,3,3,True,,True,True,none,1,"[{""id"": 310, ""name"": ""NorCal FLL Challenge BIOGLOW QT - Gunn High School, Palo Alto"", ""date"": ""2026-11-21T16:00:00Z"", ""timezone"": ""America/Los_Angeles"", ""website_uri"": ""https://mylumi.playingatlearning.org/en/event/310/"", ""level_name"": ""NorCal FLL Founders Edition 2026 Event Level""}]",/static/images/program_logos/fll_challenge_logo.png,/static/images/season_logos/2026_fll_challenge.png,True,,1,1,,,,0,0,False,Experienced (有参赛经验),暂无得分记录
3036,77162,Cool Cougars,Cupertino,Family/Community,1,FIRST LEGO League: Challenge,good,2,True,2/2 screened,2,2,True,2/2 complete,2,2,2,2,1,missing,True,2,0,True,,6,6,True,,True,True,none,1,"[{""id"": 301, ""name"": ""NorCal FLL Challenge BIOGLOW QT – St. Martin of Tours, San Jose"", ""date"": ""2026-11-07T16:00:00Z"", ""timezone"": ""America/Los_Angeles"", ""website_uri"": ""https://mylumi.playingatlearning.org/en/event/301/"", ""level_name"": ""NorCal FLL Founders Edition 2026 Event Level""}]",/static/images/program_logos/fll_challenge_logo.png,/static/images/season_logos/2026_fll_challenge.png,True,,1,1,,,,0,0,False,Experienced (有参赛经验),暂无得分记录
2989,77183,Team Koala,Fremont,Family/Community,1,FIRST LEGO League: Challenge,waiting_jotform,2,True,2/2 screened,2,2,True,2/2 complete,2,2,2,2,2,complete,True,2,0,True,,2,2,False,Jotform pending,True,False,none,0,[],/static/images/program_logos/fll_challenge_logo.png,/static/images/season_logos/2026_fll_challenge.png,False,,0,0,,,,0,0,False,Rookie (新队伍),暂无得分记录
2974,77241,Tiger Robotics 7,San Francisco,Town School for Boys,1,FIRST LEGO League: Challenge,good,2,True,2/2 screened,2,2,True,2/2 complete,2,2,2,2,2,complete,True,2,0,True,,7,7,True,,True,True,none,0,[],/static/images/program_logos/fll_challenge_logo.png,/static/images/season_logos/2026_fll_challenge.png,False,,0,0,,,,0,0,False,Rookie (新队伍),暂无得分记录
2975,77242,Tiger Robotics 8,SAN FRANCISCO,Town School for Boys,1,FIRST LEGO League: Challenge,good,2,True,2/2 screened,2,2,True,2/2 complete,2,2,2,2,2,complete,True,2,0,True,,4,4,True,,True,True,none,0,[],/static/images/program_logos/fll_challenge_logo.png,/static/images/season_logos/2026_fll_challenge.png,False,,0,0,,,,0,0,False,Rookie (新队伍),暂无得分记录
2992,77261,BID TimberWolves,Dublin,Basis Independent Dublin,1,FIRST LEGO League: Challenge,waiting_invites,2,True,2/2 screened,2,2,True,2/2 complete,2,2,2,2,1,missing,True,2,1,False,Below minimum: 0/2 required,0,2,False,Jotform pending,True,False,none,0,[],/static/images/program_logos/fll_challenge_logo.png,/static/images/season_logos/2026_fll_challenge.png,False,,0,0,,,,0,0,False,Rookie (新队伍),暂无得分记录
3005,77320,Shark Masters 4ever,Pleasanton,Family/Community,1,FIRST LEGO League: Challenge,pending_fingerprinting,1,False,1/2 screened,1,2,False,1/2 complete,1,2,1,1,1,unknown,False,1,0,False,Below minimum: 0/2 required,0,2,False,Jotform pending,True,False,none,0,[],/static/images/program_logos/fll_challenge_logo.png,/static/images/season_logos/2026_fll_challenge.png,False,,0,0,,,,0,0,False,Rookie (新队伍),暂无得分记录
3037,77608,Brick Masters ,Santa Clara,Family/Community,1,FIRST LEGO League: Challenge,waiting_jotform,2,True,2/2 screened,2,2,True,2/2 complete,2,2,2,2,0,missing,True,2,0,True,,6,6,False,Jotform pending,True,False,none,0,[],/static/images/program_logos/fll_challenge_logo.png,/static/images/season_logos/2026_fll_challenge.png,False,,0,0,,,,0,0,False,Rookie (新队伍),暂无得分记录
3044,77755,Robo-Titan,Fremont,Family/Community,1,FIRST LEGO League: Challenge,pending_fingerprinting,1,False,1/2 screened,1,2,False,1/2 complete,1,2,1,1,0,missing,False,1,0,False,Below minimum: 0/2 required,0,2,False,Jotform pending,True,False,none,0,[],/static/images/program_logos/fll_challenge_logo.png,/static/images/season_logos/2026_fll_challenge.png,False,,0,0,,,,0,0,False,Rookie (新队伍),暂无得分记录
2985,100034,Astro Bots,San Jose,Tom Matsumoto Elementary,39,FIRST LEGO League: Future Edition K-2,waiting_invites,2,True,2/2 screened,2,2,True,2/2 complete,2,2,2,2,2,complete,True,2,1,False,Below minimum: 0/2 required,0,2,True,,False,False,none,0,[],/static/images/program_logos/fllk2_logo.png,/static/images/season_logos/2026_fllk2.png,False,,0,0,,,,0,0,False,Rookie (新队伍),暂无得分记录
2986,100057,Nitro Penguins,Cupertino,Family/Community,39,FIRST LEGO League: Future Edition K-2,waiting_invites,2,False,1/2 screened,1,2,False,0/2 complete,0,2,0,0,0,missing,True,2,1,False,Below minimum: 0/2 required,0,2,True,,False,False,none,0,[],/static/images/program_logos/fllk2_logo.png,/static/images/season_logos/2026_fllk2.png,False,,0,0,,,,0,0,False,Rookie (新队伍),暂无得分记录
2987,100180,Robo Rockets 009,Dublin,Family/Community,39,FIRST LEGO League: Future Edition K-2,pending_fingerprinting,2,True,2/2 screened,2,2,False,1/2 complete,1,2,2,1,1,missing,True,2,0,True,,7,7,True,,False,False,none,0,[],/static/images/program_logos/fllk2_logo.png,/static/images/season_logos/2026_fllk2.png,False,,0,0,,,,0,0,False,Rookie (新队伍),暂无得分记录
2897,300019,Master Builders,San Jose,Family/Community,38,FIRST LEGO League: Future Edition 3-5,pending_national_screening,2,False,1/2 screened,1,2,True,2/2 complete,2,2,2,2,0,missing,True,2,0,True,,4,4,False,Jotform pending,True,False,none,0,[],/static/images/program_logos/fll_logo.png,/static/images/season_logos/2026_fll.png,False,,0,0,,,,0,0,False,Rookie (新队伍),暂无得分记录
3008,300041,LegoLove,Mountain View,Family/Community,38,FIRST LEGO League: Future Edition 3-5,pending_fingerprinting,1,False,0/2 screened,0,2,False,1/2 complete,1,2,1,1,0,missing,False,1,0,False,Below minimum: 0/2 required,0,2,False,Jotform pending,True,False,none,0,[],/static/images/program_logos/fll_logo.png,/static/images/season_logos/2026_fll.png,False,,0,0,,,,0,0,False,Rookie (新队伍),暂无得分记录
3015,300162,Bio Blazers,Santa Clara County,Family/Community,38,FIRST LEGO League: Future Edition 3-5,pending_fingerprinting,2,True,2/2 screened,2,2,False,0/2 complete,0,2,0,1,2,complete,True,2,0,False,Below minimum: 0/2 required,0,2,False,Jotform pending,True,False,none,0,[],/static/images/program_logos/fll_logo.png,/static/images/season_logos/2026_fll.png,False,,0,0,,,,0,0,False,Rookie (新队伍),暂无得分记录
2898,300212,Golden Strikers,Castro Valley,Family/Community,38,FIRST LEGO League: Future Edition 3-5,good,2,True,2/2 screened,2,2,True,2/2 complete,2,2,2,2,2,complete,True,2,0,True,,2,2,True,,True,True,none,0,[],/static/images/program_logos/fll_logo.png,/static/images/season_logos/2026_fll.png,False,,0,0,,,,0,0,False,Rookie (新队伍),暂无得分记录
2899,300227,Damage CTRL!,Santa Clara,Family/Community,38,FIRST LEGO League: Future Edition 3-5,good,2,True,2/2 screened,2,2,True,2/2 complete,2,2,2,2,2,complete,True,2,0,True,,5,5,True,,True,True,none,0,[],/static/images/program_logos/fll_logo.png,/static/images/season_logos/2026_fll.png,False,,0,0,,,,0,0,False,Rookie (新队伍),暂无得分记录
2900,300244,The Bio Ninjas,Sunnyvale,Family/Community,38,FIRST LEGO League: Future Edition 3-5,waiting_invites,2,True,2/2 screened,2,2,False,1/2 complete,1,2,2,1,0,missing,True,2,1,True,,7,7,False,Jotform pending,True,False,none,0,[],/static/images/program_logos/fll_logo.png,/static/images/season_logos/2026_fll.png,False,,0,0,,,,0,0,False,Rookie (新队伍),暂无得分记录
2920,300285,Milpitas Tech Titans,MILPITAS,"Marshall Pomeroy Elementary, Curtner Elementary, Pearl Zanker Elementary",38,FIRST LEGO League: Future Edition 3-5,waiting_invites,2,True,2/2 screened,2,2,False,0/2 complete,0,2,0,0,0,missing,True,2,1,True,,7,7,False,Jotform pending,True,False,none,0,[],/static/images/program_logos/fll_logo.png,/static/images/season_logos/2026_fll.png,False,,0,0,,,,0,0,False,Rookie (新队伍),暂无得分记录
2901,300307,Astral Bloom,San Ramon,Home School,38,FIRST LEGO League: Future Edition 3-5,good,2,True,2/2 screened,2,2,True,2/2 complete,2,2,2,2,2,complete,True,2,0,True,,4,4,True,,True,True,none,0,[],/static/images/program_logos/fll_logo.png,/static/images/season_logos/2026_fll.png,False,,0,0,,,,0,0,False,Rookie (新队伍),暂无得分记录
3002,300424,Blocks4,San Carlos,Family/Community,38,FIRST LEGO League: Future Edition 3-5,waiting_invites,2,True,2/2 screened,2,2,False,1/2 complete,1,2,1,2,1,missing,True,2,1,True,,2,2,False,Jotform pending,True,False,none,0,[],/static/images/program_logos/fll_logo.png,/static/images/season_logos/2026_fll.png,False,,0,0,,,,0,0,False,Rookie (新队伍),暂无得分记录
2902,300429,Matsumoto Robots,San Jose,Tom Matsumoto Elementary,38,FIRST LEGO League: Future Edition 3-5,pending_fingerprinting,1,False,1/2 screened,1,2,False,1/2 complete,1,2,1,1,1,unknown,False,1,0,False,Below minimum: 0/2 required,0,2,False,Jotform pending,True,False,none,0,[],/static/images/program_logos/fll_logo.png,/static/images/season_logos/2026_fll.png,False,,0,0,,,,0,0,False,Rookie (新队伍),暂无得分记录
2904,300430,Matsumoto Superheros,San Jose,Tom Matsumoto Elementary,38,FIRST LEGO League: Future Edition 3-5,waiting_members,2,True,2/2 screened,2,2,True,2/2 complete,2,2,2,2,2,complete,True,2,0,False,Below minimum: 0/2 required,0,2,False,Jotform pending,True,False,none,0,[],/static/images/program_logos/fll_logo.png,/static/images/season_logos/2026_fll.png,False,,0,0,,,,0,0,False,Rookie (新队伍),暂无得分记录
2905,300437,Rockin Robos,Rocklin,Family/Community,38,FIRST LEGO League: Future Edition 3-5,pending_fingerprinting,2,False,1/2 screened,1,2,False,1/2 complete,1,2,1,1,0,missing,True,2,0,False,Below minimum: 0/2 required,0,2,False,Jotform pending,True,False,none,0,[],/static/images/program_logos/fll_logo.png,/static/images/season_logos/2026_fll.png,False,,0,0,,,,0,0,False,Rookie (新队伍),暂无得分记录
2940,300448,Lego Vortex,San Jose,Tom Matsumoto Elementary,38,FIRST LEGO League: Future Edition 3-5,good,2,True,2/2 screened,2,2,True,2/2 complete,2,2,2,2,2,complete,True,2,0,True,,4,4,True,,True,True,none,0,[],/static/images/program_logos/fll_logo.png,/static/images/season_logos/2026_fll.png,False,,0,0,,,,0,0,False,Rookie (新队伍),暂无得分记录
2944,300701,Mustangs Engineers & Wizards (ME-Wiz),San Jose,Tom Matsumoto Elementary,38,FIRST LEGO League: Future Edition 3-5,waiting_invites,2,True,2/2 screened,2,2,True,2/2 complete,2,2,2,2,2,complete,True,2,1,True,,5,5,False,Jotform pending,True,False,none,0,[],/static/images/program_logos/fll_logo.png,/static/images/season_logos/2026_fll.png,False,,0,0,,,,0,0,False,Rookie (新队伍),暂无得分记录
2952,300717,Lego Warriors,San Jose,Tom Matsumoto Elementary,38,FIRST LEGO League: Future Edition 3-5,waiting_members,2,True,2/2 screened,2,2,True,2/2 complete,2,2,2,2,2,complete,True,2,0,False,Below minimum: 0/2 required,0,2,False,Jotform pending,True,False,none,0,[],/static/images/program_logos/fll_logo.png,/static/images/season_logos/2026_fll.png,False,,0,0,,,,0,0,False,Rookie (新队伍),暂无得分记录
2998,300746,Bio-Blasters,San Jose,Home School,38,FIRST LEGO League: Future Edition 3-5,waiting_invites,2,True,2/2 screened,2,2,False,1/2 complete,1,2,1,1,1,missing,True,2,1,True,,7,7,False,Jotform pending,True,False,none,0,[],/static/images/program_logos/fll_logo.png,/static/images/season_logos/2026_fll.png,False,,0,0,,,,0,0,False,Rookie (新队伍),暂无得分记录
2924,300774,Hummingbots,Cupertino,Family/Community,38,FIRST LEGO League: Future Edition 3-5,waiting_invites,2,True,2/2 screened,2,2,True,2/2 complete,2,2,2,2,2,complete,False,1,1,True,,5,5,False,Jotform pending,True,False,none,0,[],/static/images/program_logos/fll_logo.png,/static/images/season_logos/2026_fll.png,False,,0,0,,,,0,0,False,Rookie (新队伍),暂无得分记录
3009,300786,Pikabots,San Jose,Family/Community,38,FIRST LEGO League: Future Edition 3-5,pending_fingerprinting,1,False,0/2 screened,0,2,False,0/2 complete,0,2,0,0,0,missing,False,1,0,False,Below minimum: 0/2 required,0,2,False,Jotform pending,True,False,none,0,[],/static/images/program_logos/fll_logo.png,/static/images/season_logos/2026_fll.png,False,,0,0,,,,0,0,False,Rookie (新队伍),暂无得分记录
3069,300834,Zap Squad,San jose,Tom Matsumoto Elementary,38,FIRST LEGO League: Future Edition 3-5,waiting_invites,2,True,2/2 screened,2,2,False,1/2 complete,1,2,1,1,0,missing,True,2,1,False,Below minimum: 0/2 required,0,2,False,Jotform pending,True,False,none,0,[],/static/images/program_logos/fll_logo.png,/static/images/season_logos/2026_fll.png,False,,0,0,,,,0,0,False,Rookie (新队伍),暂无得分记录
3010,300835,BioGlow Gryffindor,San Jose,Family/Community,38,FIRST LEGO League: Future Edition 3-5,waiting_invites,2,True,2/2 screened,2,2,True,2/2 complete,2,2,2,2,2,complete,True,2,1,False,Below minimum: 0/2 required,0,2,False,Jotform pending,True,False,none,0,[],/static/images/program_logos/fll_logo.png,/static/images/season_logos/2026_fll.png,False,,0,0,,,,0,0,False,Rookie (新队伍),暂无得分记录
3016,300845,Robotrix,San Jose,Family/Community,38,FIRST LEGO League: Future Edition 3-5,pending_fingerprinting,1,False,1/2 screened,1,2,False,1/2 complete,1,2,1,1,1,unknown,False,1,0,False,Below minimum: 0/2 required,0,2,False,Jotform pending,True,False,none,0,[],/static/images/program_logos/fll_logo.png,/static/images/season_logos/2026_fll.png,False,,0,0,,,,0,0,False,Rookie (新队伍),暂无得分记录
2995,300849,BUMI3,El Dorado Hills,Buckeye Union Mandarin Immersion Charter,38,FIRST LEGO League: Future Edition 3-5,waiting_invites,2,True,2/2 screened,2,2,False,1/2 complete,1,2,1,1,1,missing,True,2,1,False,Below minimum: 0/2 required,0,2,False,Jotform pending,True,False,none,0,[],/static/images/program_logos/fll_logo.png,/static/images/season_logos/2026_fll.png,False,,0,0,,,,0,0,False,Rookie (新队伍),暂无得分记录
3000,300889,The LEGO Masters,FOLSOM,Family/Community,38,FIRST LEGO League: Future Edition 3-5,waiting_jotform,2,True,2/2 screened,2,2,True,2/2 complete,2,2,2,2,2,complete,True,2,0,True,,5,5,False,Jotform pending,True,False,none,0,[],/static/images/program_logos/fll_logo.png,/static/images/season_logos/2026_fll.png,False,,0,0,,,,0,0,False,Rookie (新队伍),暂无得分记录
3043,300918,Team Cool,Alamo,Family/Community,38,FIRST LEGO League: Future Edition 3-5,waiting_invites,2,False,1/2 screened,1,2,False,0/2 complete,0,2,0,1,1,missing,True,2,1,False,Below minimum: 0/2 required,0,2,False,Jotform pending,True,False,none,0,[],/static/images/program_logos/fll_logo.png,/static/images/season_logos/2026_fll.png,False,,0,0,,,,0,0,False,Rookie (新队伍),暂无得分记录
3017,300932,Lego Gadget gang,San Jose,"Evergreen Elementary, Silver Oak Elementary, Stratford School - San Jose",38,FIRST LEGO League: Future Edition 3-5,waiting_invites,2,True,2/2 screened,2,2,False,1/2 complete,1,2,1,1,2,complete,True,2,1,True,,5,5,False,Jotform pending,True,False,none,0,[],/static/images/program_logos/fll_logo.png,/static/images/season_logos/2026_fll.png,False,,0,0,,,,0,0,False,Rookie (新队伍),暂无得分记录
3011,300940,Brickheads019,Half Moon Bay,Boys & Girls Clubs of America,38,FIRST LEGO League: Future Edition 3-5,waiting_members,2,True,2/2 screened,2,2,True,2/2 complete,2,2,2,2,2,complete,True,2,0,False,Below minimum: 0/2 required,0,2,True,,True,True,none,0,[],/static/images/program_logos/fll_logo.png,/static/images/season_logos/2026_fll.png,False,,0,0,,,,0,0,False,Rookie (新队伍),暂无得分记录
3018,300964,5 thinkers,Pleasanton,Stratford School,38,FIRST LEGO League: Future Edition 3-5,good,2,True,2/2 screened,2,2,True,2/2 complete,2,2,2,2,2,complete,True,2,0,True,,2,2,True,,True,True,none,0,[],/static/images/program_logos/fll_logo.png,/static/images/season_logos/2026_fll.png,False,,0,0,,,,0,0,False,Rookie (新队伍),暂无得分记录
3070,301018,VCES Boys,San Jose,Valley Christian Elementary,38,FIRST LEGO League: Future Edition 3-5,good,2,True,2/2 screened,2,2,True,2/2 complete,2,2,2,2,2,complete,True,2,0,True,,4,4,True,,True,True,none,0,[],/static/images/program_logos/fll_logo.png,/static/images/season_logos/2026_fll.png,False,,0,0,,,,0,0,False,Rookie (新队伍),暂无得分记录
3013,600029,PUSDStormTroopers8,Pleasanton,"Thomas S. Hart Middle, Pleasanton Middle",40,FIRST LEGO League: Future Edition 6-8,waiting_invites,2,True,2/2 screened,2,2,False,0/2 complete,0,2,0,0,0,missing,True,2,1,True,,7,7,True,,True,True,none,0,[],/static/images/program_logos/fll68_logo.png,/static/images/season_logos/2026_fll68.png,False,,0,0,,,,0,0,False,Rookie (新队伍),暂无得分记录
2903,600033,CodeBreakerz,San Ramon,Home School,40,FIRST LEGO League: Future Edition 6-8,good,2,True,2/2 screened,2,2,True,2/2 complete,2,2,2,2,2,complete,True,2,0,True,,4,4,True,,True,True,none,1,"[{""id"": 316, ""name"": ""NorCal FLL FUTURE BIOGLOW Tournament- St Ignatius College Prep HS"", ""date"": ""2026-11-21T16:00:00Z"", ""timezone"": ""America/Los_Angeles"", ""website_uri"": ""https://mylumi.playingatlearning.org/en/event/316/"", ""level_name"": ""NorCal FLL Future 6-8 Edition 2026 Event Level""}]",/static/images/program_logos/fll68_logo.png,/static/images/season_logos/2026_fll68.png,True,,1,1,,,,0,0,False,Experienced (有参赛经验),暂无得分记录
2939,600037,Robotic HMS,Pleasanton,Family/Community,40,FIRST LEGO League: Future Edition 6-8,pending_fingerprinting,2,True,2/2 screened,2,2,False,1/2 complete,1,2,2,1,2,complete,True,2,0,True,,8,8,True,,True,True,none,0,[],/static/images/program_logos/fll68_logo.png,/static/images/season_logos/2026_fll68.png,False,,0,0,,,,0,0,False,Rookie (新队伍),暂无得分记录
2906,600057,Pleasanton Panthers,Pleasanton,Family/Community,40,FIRST LEGO League: Future Edition 6-8,good,2,True,2/2 screened,2,2,True,2/2 complete,2,2,2,2,1,missing,True,2,0,True,,6,6,True,,True,True,none,0,[],/static/images/program_logos/fll68_logo.png,/static/images/season_logos/2026_fll68.png,False,,0,0,,,,0,0,False,Rookie (新队伍),暂无得分记录
2907,600061, Blitz Bots ,Sunnyvale,Stratford Middle School,40,FIRST LEGO League: Future Edition 6-8,pending_fingerprinting,2,True,2/2 screened,2,2,False,1/2 complete,1,2,1,1,0,missing,True,2,0,False,Below minimum: 0/2 required,0,2,False,Jotform pending,True,False,none,0,[],/static/images/program_logos/fll68_logo.png,/static/images/season_logos/2026_fll68.png,False,,0,0,,,,0,0,False,Rookie (新队伍),暂无得分记录
2926,600072,Master Builders,Santa Clara,"Stratford Middle School, Harker",40,FIRST LEGO League: Future Edition 6-8,good,2,True,2/2 screened,2,2,True,2/2 complete,2,2,2,2,2,complete,True,2,0,True,,5,5,True,,True,True,none,1,"[{""id"": 315, ""name"": ""NorCal FLL FUTURE BIOGLOW Event - NOV 22 The Play Space, San Jose"", ""date"": ""2026-11-22T16:00:00Z"", ""timezone"": ""America/Los_Angeles"", ""website_uri"": ""https://mylumi.playingatlearning.org/en/event/315/"", ""level_name"": ""NorCal FLL Future 6-8 Edition 2026 Event Level""}]",/static/images/program_logos/fll68_logo.png,/static/images/season_logos/2026_fll68.png,True,,1,1,,,,0,0,False,Experienced (有参赛经验),暂无得分记录
2908,600121,DCADS Robo Cubs,Santa Clara,Don Callejon,40,FIRST LEGO League: Future Edition 6-8,good,2,True,2/2 screened,2,2,True,2/2 complete,2,2,2,2,1,missing,True,2,0,True,,8,8,True,,True,True,none,1,"[{""id"": 315, ""name"": ""NorCal FLL FUTURE BIOGLOW Event - NOV 22 The Play Space, San Jose"", ""date"": ""2026-11-22T16:00:00Z"", ""timezone"": ""America/Los_Angeles"", ""website_uri"": ""https://mylumi.playingatlearning.org/en/event/315/"", ""level_name"": ""NorCal FLL Future 6-8 Edition 2026 Event Level""}]",/static/images/program_logos/fll68_logo.png,/static/images/season_logos/2026_fll68.png,True,,1,1,,,,0,0,False,Experienced (有参赛经验),暂无得分记录
2909,600165,Boy Scouts,Dublin,Family/Community,40,FIRST LEGO League: Future Edition 6-8,waiting_invites,2,True,2/2 screened,2,2,True,2/2 complete,2,2,2,2,0,missing,True,2,1,True,,6,6,False,Jotform pending,True,False,none,0,[],/static/images/program_logos/fll68_logo.png,/static/images/season_logos/2026_fll68.png,False,,0,0,,,,0,0,False,Rookie (新队伍),暂无得分记录
2910,600178,Gear Grinders,Fremont,Family/Community,40,FIRST LEGO League: Future Edition 6-8,pending_fingerprinting,2,True,2/2 screened,2,2,False,0/2 complete,0,2,1,1,0,missing,True,2,0,True,,6,6,True,,True,True,none,0,[],/static/images/program_logos/fll68_logo.png,/static/images/season_logos/2026_fll68.png,False,,0,0,,,,0,0,False,Rookie (新队伍),暂无得分记录
2911,600217,Gyraf,Albany,Family/Community,40,FIRST LEGO League: Future Edition 6-8,waiting_members,2,True,2/2 screened,2,2,True,2/2 complete,2,2,2,2,2,complete,True,2,0,False,Below minimum: 0/2 required,0,2,False,Jotform pending,True,False,none,0,[],/static/images/program_logos/fll68_logo.png,/static/images/season_logos/2026_fll68.png,False,,0,0,,,,0,0,False,Rookie (新队伍),暂无得分记录
2912,600225,brick-o-brainiacs pioneers,Tracy,Family/Community,40,FIRST LEGO League: Future Edition 6-8,good,2,True,2/2 screened,2,2,True,2/2 complete,2,2,2,2,2,complete,True,2,0,True,,7,7,True,,True,True,none,1,"[{""id"": 316, ""name"": ""NorCal FLL FUTURE BIOGLOW Tournament- St Ignatius College Prep HS"", ""date"": ""2026-11-21T16:00:00Z"", ""timezone"": ""America/Los_Angeles"", ""website_uri"": ""https://mylumi.playingatlearning.org/en/event/316/"", ""level_name"": ""NorCal FLL Future 6-8 Edition 2026 Event Level""}]",/static/images/program_logos/fll68_logo.png,/static/images/season_logos/2026_fll68.png,True,,1,1,,,,0,0,False,Experienced (有参赛经验),暂无得分记录
2913,600229,Lulomar,Santa Clara,Family/Community,40,FIRST LEGO League: Future Edition 6-8,waiting_invites,2,False,1/2 screened,1,2,False,1/2 complete,1,2,1,2,2,complete,True,2,1,False,Below minimum: 1/2 required,1,2,False,Jotform pending,True,False,none,0,[],/static/images/program_logos/fll68_logo.png,/static/images/season_logos/2026_fll68.png,False,,0,0,,,,0,0,False,Rookie (新队伍),暂无得分记录
2914,600293,Trivalley Tornadoes,Pleasanton,Family/Community,40,FIRST LEGO League: Future Edition 6-8,waiting_members,2,True,2/2 screened,2,2,True,2/2 complete,2,2,2,2,0,missing,True,2,0,False,Below minimum: 0/2 required,0,2,False,Jotform pending,True,False,none,0,[],/static/images/program_logos/fll68_logo.png,/static/images/season_logos/2026_fll68.png,False,,0,0,,,,0,0,False,Rookie (新队伍),暂无得分记录
2915,600331,RoboNova,Fremont,Family/Community,40,FIRST LEGO League: Future Edition 6-8,good,2,True,2/2 screened,2,2,True,2/2 complete,2,2,2,2,2,complete,True,2,0,True,,7,7,True,,True,True,none,1,"[{""id"": 315, ""name"": ""NorCal FLL FUTURE BIOGLOW Event - NOV 22 The Play Space, San Jose"", ""date"": ""2026-11-22T16:00:00Z"", ""timezone"": ""America/Los_Angeles"", ""website_uri"": ""https://mylumi.playingatlearning.org/en/event/315/"", ""level_name"": ""NorCal FLL Future 6-8 Edition 2026 Event Level""}]",/static/images/program_logos/fll68_logo.png,/static/images/season_logos/2026_fll68.png,True,,1,1,,,,0,0,False,Experienced (有参赛经验),暂无得分记录
2994,600336,Terminatorz,Morgan Hill,Lewis H. Britton Middle,40,FIRST LEGO League: Future Edition 6-8,waiting_invites,2,True,2/2 screened,2,2,False,1/2 complete,1,2,1,1,2,complete,True,2,1,False,Below minimum: 0/2 required,0,2,False,Jotform pending,True,False,none,0,[],/static/images/program_logos/fll68_logo.png,/static/images/season_logos/2026_fll68.png,False,,0,0,,,,0,0,False,Rookie (新队伍),暂无得分记录
2916,600344,Panda Bots!,Sunnyvale,Family/Community,40,FIRST LEGO League: Future Edition 6-8,pending_fingerprinting,1,False,1/2 screened,1,2,False,1/2 complete,1,2,1,1,1,unknown,False,1,0,False,Below minimum: 0/2 required,0,2,False,Jotform pending,True,False,none,0,[],/static/images/program_logos/fll68_logo.png,/static/images/season_logos/2026_fll68.png,False,,0,0,,,,0,0,False,Rookie (新队伍),暂无得分记录
2945,600346,TroBots 1,Burlingame,Burlingame Intermediate,40,FIRST LEGO League: Future Edition 6-8,pending_fingerprinting,2,True,2/2 screened,2,2,False,0/2 complete,0,2,2,0,0,missing,True,2,0,False,Below minimum: 0/2 required,0,2,True,,True,True,none,0,[],/static/images/program_logos/fll68_logo.png,/static/images/season_logos/2026_fll68.png,False,,0,0,,,,0,0,False,Rookie (新队伍),暂无得分记录
2991,600367,Brickheads019,Half Moon Bay,Boys & Girls Clubs of America,40,FIRST LEGO League: Future Edition 6-8,good,2,True,2/2 screened,2,2,True,2/2 complete,2,2,2,2,2,complete,True,2,0,True,,3,3,True,,True,True,none,1,"[{""id"": 316, ""name"": ""NorCal FLL FUTURE BIOGLOW Tournament- St Ignatius College Prep HS"", ""date"": ""2026-11-21T16:00:00Z"", ""timezone"": ""America/Los_Angeles"", ""website_uri"": ""https://mylumi.playingatlearning.org/en/event/316/"", ""level_name"": ""NorCal FLL Future 6-8 Edition 2026 Event Level""}]",/static/images/program_logos/fll68_logo.png,/static/images/season_logos/2026_fll68.png,True,,1,1,,,,0,0,False,Experienced (有参赛经验),暂无得分记录
2917,600421,Milpitas MechaMinds,Milpitas,"Marshall Pomeroy Elementary, Curtner Elementary",40,FIRST LEGO League: Future Edition 6-8,good,2,True,2/2 screened,2,2,True,2/2 complete,2,2,2,2,2,complete,True,2,0,True,,8,8,True,,True,True,none,1,"[{""id"": 316, ""name"": ""NorCal FLL FUTURE BIOGLOW Tournament- St Ignatius College Prep HS"", ""date"": ""2026-11-21T16:00:00Z"", ""timezone"": ""America/Los_Angeles"", ""website_uri"": ""https://mylumi.playingatlearning.org/en/event/316/"", ""level_name"": ""NorCal FLL Future 6-8 Edition 2026 Event Level""}]",/static/images/program_logos/fll68_logo.png,/static/images/season_logos/2026_fll68.png,True,,1,1,,,,0,0,False,Experienced (有参赛经验),暂无得分记录
2918,600444,Machu Pikachu2,San Francisco,Lilienthal (Claire) Elementary,40,FIRST LEGO League: Future Edition 6-8,waiting_jotform,2,True,2/2 screened,2,2,True,2/2 complete,2,2,2,2,2,complete,True,2,0,True,,4,4,False,Jotform pending,True,False,none,0,[],/static/images/program_logos/fll68_logo.png,/static/images/season_logos/2026_fll68.png,False,,0,0,,,,0,0,False,Rookie (新队伍),暂无得分记录
2941,600445,SaveTheWorld2027,Fremont,John M. Horner Middle,40,FIRST LEGO League: Future Edition 6-8,pending_fingerprinting,2,True,2/2 screened,2,2,False,1/2 complete,1,2,1,1,0,missing,True,2,0,True,,5,5,True,,True,True,none,0,[],/static/images/program_logos/fll68_logo.png,/static/images/season_logos/2026_fll68.png,False,,0,0,,,,0,0,False,Rookie (新队伍),暂无得分记录
2919,600480,Mike Wazowskis,San Jose,Bret Harte Middle,40,FIRST LEGO League: Future Edition 6-8,good,2,True,2/2 screened,2,2,True,2/2 complete,2,2,2,2,2,complete,True,2,0,True,,8,8,True,,True,True,none,1,"[{""id"": 315, ""name"": ""NorCal FLL FUTURE BIOGLOW Event - NOV 22 The Play Space, San Jose"", ""date"": ""2026-11-22T16:00:00Z"", ""timezone"": ""America/Los_Angeles"", ""website_uri"": ""https://mylumi.playingatlearning.org/en/event/315/"", ""level_name"": ""NorCal FLL Future 6-8 Edition 2026 Event Level""}]",/static/images/program_logos/fll68_logo.png,/static/images/season_logos/2026_fll68.png,True,,1,1,,,,0,0,False,Experienced (有参赛经验),暂无得分记录
2921,600599,Megabytes,San Jose,Family/Community,40,FIRST LEGO League: Future Edition 6-8,good,2,True,2/2 screened,2,2,True,2/2 complete,2,2,2,2,2,complete,True,2,0,True,,8,8,True,,True,True,none,1,"[{""id"": 315, ""name"": ""NorCal FLL FUTURE BIOGLOW Event - NOV 22 The Play Space, San Jose"", ""date"": ""2026-11-22T16:00:00Z"", ""timezone"": ""America/Los_Angeles"", ""website_uri"": ""https://mylumi.playingatlearning.org/en/event/315/"", ""level_name"": ""NorCal FLL Future 6-8 Edition 2026 Event Level""}]",/static/images/program_logos/fll68_logo.png,/static/images/season_logos/2026_fll68.png,True,,1,1,,,,0,0,False,Experienced (有参赛经验),暂无得分记录
2929,600622,WEBBS,Sunnyvale,Family/Community,40,FIRST LEGO League: Future Edition 6-8,good,2,True,2/2 screened,2,2,True,2/2 complete,2,2,2,2,2,complete,True,2,0,True,,5,5,True,,True,True,none,1,"[{""id"": 315, ""name"": ""NorCal FLL FUTURE BIOGLOW Event - NOV 22 The Play Space, San Jose"", ""date"": ""2026-11-22T16:00:00Z"", ""timezone"": ""America/Los_Angeles"", ""website_uri"": ""https://mylumi.playingatlearning.org/en/event/315/"", ""level_name"": ""NorCal FLL Future 6-8 Edition 2026 Event Level""}]",/static/images/program_logos/fll68_logo.png,/static/images/season_logos/2026_fll68.png,True,,1,1,,,,0,0,False,Experienced (有参赛经验),暂无得分记录
2997,600743,TroBots - Team 2,Burlingame,Burlingame Intermediate,40,FIRST LEGO League: Future Edition 6-8,pending_fingerprinting,2,True,2/2 screened,2,2,False,1/2 complete,1,2,2,1,2,complete,True,2,0,True,,5,5,True,,True,True,none,0,[],/static/images/program_logos/fll68_logo.png,/static/images/season_logos/2026_fll68.png,False,,0,0,,,,0,0,False,Rookie (新队伍),暂无得分记录
