event_id,team_number,team_name,item_type,session_number,start_time,location_name,duration_minutes,is_practice
1,30497,FBI(Fascinating Bot Intelligence),match,1,2023-11-04 09:00:00-07:00,Blue Table,10,True
1,30497,FBI(Fascinating Bot Intelligence),match,16,2023-11-04 11:35:00-07:00,Red Table,10,False
1,30497,FBI(Fascinating Bot Intelligence),match,26,2023-11-04 13:50:00-07:00,Red Table,10,False
1,30497,FBI(Fascinating Bot Intelligence),match,33,2023-11-04 15:05:00-07:00,Blue Table,10,False
1,52217,Merryhill Knights,match,2,2023-11-04 09:10:00-07:00,Red Table,10,True
1,52217,Merryhill Knights,match,17,2023-11-04 11:45:00-07:00,Red Table,10,False
1,52217,Merryhill Knights,match,26,2023-11-04 13:50:00-07:00,Blue Table,10,False
1,52217,Merryhill Knights,match,32,2023-11-04 14:55:00-07:00,Blue Table,10,False
1,52700,ArgoRobotics Team #1- Skyhigh,match,2,2023-11-04 09:10:00-07:00,Blue Table,10,True
1,52700,ArgoRobotics Team #1- Skyhigh,match,15,2023-11-04 11:25:00-07:00,Red Table,10,False
1,52700,ArgoRobotics Team #1- Skyhigh,match,25,2023-11-04 13:40:00-07:00,Blue Table,10,False
1,52700,ArgoRobotics Team #1- Skyhigh,match,33,2023-11-04 15:05:00-07:00,Red Table,10,False
1,52701,ArgoRobotics Team #2 - ArgoStars,match,7,2023-11-04 10:00:00-07:00,Blue Table,10,True
1,52701,ArgoRobotics Team #2 - ArgoStars,match,18,2023-11-04 11:55:00-07:00,Red Table,10,False
1,52701,ArgoRobotics Team #2 - ArgoStars,match,29,2023-11-04 14:20:00-07:00,Red Table,10,False
1,52701,ArgoRobotics Team #2 - ArgoStars,match,36,2023-11-04 15:35:00-07:00,Blue Table,10,False
1,55513,Marvelous Moochis,match,3,2023-11-04 09:20:00-07:00,Blue Table,10,True
1,55513,Marvelous Moochis,match,16,2023-11-04 11:35:00-07:00,Blue Table,10,False
1,55513,Marvelous Moochis,match,24,2023-11-04 13:30:00-07:00,Red Table,10,False
1,55513,Marvelous Moochis,match,32,2023-11-04 14:55:00-07:00,Red Table,10,False
1,55739,Tech_Bears,match,8,2023-11-04 10:10:00-07:00,Blue Table,10,True
1,55739,Tech_Bears,match,19,2023-11-04 12:05:00-07:00,Red Table,10,False
1,55739,Tech_Bears,match,28,2023-11-04 14:10:00-07:00,Blue Table,10,False
1,55739,Tech_Bears,match,36,2023-11-04 15:35:00-07:00,Red Table,10,False
1,56511,Super Charged,match,5,2023-11-04 09:40:00-07:00,Blue Table,10,True
1,56511,Super Charged,match,11,2023-11-04 10:45:00-07:00,Red Table,10,False
1,56511,Super Charged,match,22,2023-11-04 13:10:00-07:00,Blue Table,10,False
1,56511,Super Charged,match,40,2023-11-04 16:05:00-07:00,Red Table,10,False
1,60642,Code CrasherZ,match,4,2023-11-04 09:30:00-07:00,Blue Table,10,True
1,60642,Code CrasherZ,match,12,2023-11-04 10:55:00-07:00,Red Table,10,False
1,60642,Code CrasherZ,match,23,2023-11-04 13:20:00-07:00,Red Table,10,False
1,60642,Code CrasherZ,match,40,2023-11-04 16:05:00-07:00,Blue Table,10,False
1,61016,Mecha-lions FLL A,match,8,2023-11-04 10:10:00-07:00,Red Table,10,True
1,61016,Mecha-lions FLL A,match,14,2023-11-04 11:15:00-07:00,Red Table,10,False
1,61016,Mecha-lions FLL A,match,29,2023-11-04 14:20:00-07:00,Blue Table,10,False
1,61016,Mecha-lions FLL A,match,35,2023-11-04 15:25:00-07:00,Blue Table,10,False
1,61017,Mecha-lions FLL B,match,5,2023-11-04 09:40:00-07:00,Red Table,10,True
1,61017,Mecha-lions FLL B,match,13,2023-11-04 11:05:00-07:00,Red Table,10,False
1,61017,Mecha-lions FLL B,match,23,2023-11-04 13:20:00-07:00,Blue Table,10,False
1,61017,Mecha-lions FLL B,match,38,2023-11-04 15:55:00-07:00,Blue Table,10,False
1,61018,Mecha-lions FLL C,match,4,2023-11-04 09:30:00-07:00,Red Table,10,True
1,61018,Mecha-lions FLL C,match,11,2023-11-04 10:45:00-07:00,Blue Table,10,False
1,61018,Mecha-lions FLL C,match,21,2023-11-04 13:00:00-07:00,Blue Table,10,False
1,61018,Mecha-lions FLL C,match,37,2023-11-04 15:45:00-07:00,Red Table,10,False
1,61025,ROBOT REVOLUTIONARIES,match,7,2023-11-04 10:00:00-07:00,Red Table,10,True
1,61025,ROBOT REVOLUTIONARIES,match,19,2023-11-04 12:05:00-07:00,Blue Table,10,False
1,61025,ROBOT REVOLUTIONARIES,match,27,2023-11-04 14:00:00-07:00,Blue Table,10,False
1,61025,ROBOT REVOLUTIONARIES,match,34,2023-11-04 15:15:00-07:00,Red Table,10,False
1,61093,LEGO Nerds,match,6,2023-11-04 09:50:00-07:00,Red Table,10,True
1,61093,LEGO Nerds,match,13,2023-11-04 11:05:00-07:00,Blue Table,10,False
1,61093,LEGO Nerds,match,22,2023-11-04 13:10:00-07:00,Red Table,10,False
1,61093,LEGO Nerds,match,37,2023-11-04 15:45:00-07:00,Blue Table,10,False
1,61166,Foothill 2023A,match,9,2023-11-04 10:20:00-07:00,Red Table,10,True
1,61166,Foothill 2023A,match,14,2023-11-04 11:15:00-07:00,Blue Table,10,False
1,61166,Foothill 2023A,match,28,2023-11-04 14:10:00-07:00,Red Table,10,False
1,61166,Foothill 2023A,match,34,2023-11-04 15:15:00-07:00,Blue Table,10,False
1,61599,Robusta,match,1,2023-11-04 09:00:00-07:00,Red Table,10,True
1,61599,Robusta,match,15,2023-11-04 11:25:00-07:00,Blue Table,10,False
1,61599,Robusta,match,24,2023-11-04 13:30:00-07:00,Blue Table,10,False
1,61599,Robusta,match,31,2023-11-04 14:45:00-07:00,Red Table,10,False
1,61803,RoboDolphins,match,6,2023-11-04 09:50:00-07:00,Blue Table,10,True
1,61803,RoboDolphins,match,12,2023-11-04 10:55:00-07:00,Blue Table,10,False
1,61803,RoboDolphins,match,21,2023-11-04 13:00:00-07:00,Red Table,10,False
1,61803,RoboDolphins,match,38,2023-11-04 15:55:00-07:00,Red Table,10,False
1,62000,ArgoRobotics Team #5 - Da Crewmates,match,9,2023-11-04 10:20:00-07:00,Blue Table,10,True
1,62000,ArgoRobotics Team #5 - Da Crewmates,match,18,2023-11-04 11:55:00-07:00,Blue Table,10,False
1,62000,ArgoRobotics Team #5 - Da Crewmates,match,27,2023-11-04 14:00:00-07:00,Red Table,10,False
1,62000,ArgoRobotics Team #5 - Da Crewmates,match,35,2023-11-04 15:25:00-07:00,Red Table,10,False
1,62354,Star Catchers,match,3,2023-11-04 09:20:00-07:00,Red Table,10,True
1,62354,Star Catchers,match,17,2023-11-04 11:45:00-07:00,Blue Table,10,False
1,62354,Star Catchers,match,25,2023-11-04 13:40:00-07:00,Red Table,10,False
1,62354,Star Catchers,match,31,2023-11-04 14:45:00-07:00,Blue Table,10,False
2,7460,Tiger Robotics 8,match,4,2023-11-05 09:30:00-08:00,Red Table,10,True
2,7460,Tiger Robotics 8,match,11,2023-11-05 10:45:00-08:00,Blue Table,10,False
2,7460,Tiger Robotics 8,match,21,2023-11-05 13:00:00-08:00,Blue Table,10,False
2,7460,Tiger Robotics 8,match,37,2023-11-05 15:45:00-08:00,Red Table,10,False
2,29151,Tiger Robotics 7,match,2,2023-11-05 09:10:00-08:00,Blue Table,10,True
2,29151,Tiger Robotics 7,match,15,2023-11-05 11:25:00-08:00,Red Table,10,False
2,29151,Tiger Robotics 7,match,25,2023-11-05 13:40:00-08:00,Blue Table,10,False
2,29151,Tiger Robotics 7,match,33,2023-11-05 15:05:00-08:00,Red Table,10,False
2,30517,Ice Cream Sundays,match,3,2023-11-05 09:20:00-08:00,Blue Table,10,True
2,30517,Ice Cream Sundays,match,16,2023-11-05 11:35:00-08:00,Blue Table,10,False
2,30517,Ice Cream Sundays,match,24,2023-11-05 13:30:00-08:00,Red Table,10,False
2,30517,Ice Cream Sundays,match,32,2023-11-05 14:55:00-08:00,Red Table,10,False
2,37488,Jason Short,match,9,2023-11-05 10:20:00-08:00,Blue Table,10,True
2,37488,Jason Short,match,18,2023-11-05 11:55:00-08:00,Blue Table,10,False
2,37488,Jason Short,match,27,2023-11-05 14:00:00-08:00,Red Table,10,False
2,37488,Jason Short,match,35,2023-11-05 15:25:00-08:00,Red Table,10,False
2,37489,Human Joulez,match,6,2023-11-05 09:50:00-08:00,Blue Table,10,True
2,37489,Human Joulez,match,12,2023-11-05 10:55:00-08:00,Blue Table,10,False
2,37489,Human Joulez,match,21,2023-11-05 13:00:00-08:00,Red Table,10,False
2,37489,Human Joulez,match,38,2023-11-05 15:55:00-08:00,Red Table,10,False
2,39190,Owlz,match,6,2023-11-05 09:50:00-08:00,Red Table,10,True
2,39190,Owlz,match,13,2023-11-05 11:05:00-08:00,Blue Table,10,False
2,39190,Owlz,match,22,2023-11-05 13:10:00-08:00,Red Table,10,False
2,39190,Owlz,match,37,2023-11-05 15:45:00-08:00,Blue Table,10,False
2,44531,Robotic Dogs,match,1,2023-11-05 09:00:00-08:00,Blue Table,10,True
2,44531,Robotic Dogs,match,16,2023-11-05 11:35:00-08:00,Red Table,10,False
2,44531,Robotic Dogs,match,26,2023-11-05 13:50:00-08:00,Red Table,10,False
2,44531,Robotic Dogs,match,33,2023-11-05 15:05:00-08:00,Blue Table,10,False
2,53591,Tiger Robotics 6,match,5,2023-11-05 09:40:00-08:00,Red Table,10,True
2,53591,Tiger Robotics 6,match,13,2023-11-05 11:05:00-08:00,Red Table,10,False
2,53591,Tiger Robotics 6,match,23,2023-11-05 13:20:00-08:00,Blue Table,10,False
2,53591,Tiger Robotics 6,match,38,2023-11-05 15:55:00-08:00,Blue Table,10,False
2,55794,Purple People Eaters,match,7,2023-11-05 10:00:00-08:00,Blue Table,10,True
2,55794,Purple People Eaters,match,18,2023-11-05 11:55:00-08:00,Red Table,10,False
2,55794,Purple People Eaters,match,29,2023-11-05 14:20:00-08:00,Red Table,10,False
2,55794,Purple People Eaters,match,36,2023-11-05 15:35:00-08:00,Blue Table,10,False
2,55795,The Chipmunks,match,9,2023-11-05 10:20:00-08:00,Red Table,10,True
2,55795,The Chipmunks,match,14,2023-11-05 11:15:00-08:00,Blue Table,10,False
2,55795,The Chipmunks,match,28,2023-11-05 14:10:00-08:00,Red Table,10,False
2,55795,The Chipmunks,match,34,2023-11-05 15:15:00-08:00,Blue Table,10,False
2,55881,Electric Bananas,match,8,2023-11-05 10:10:00-08:00,Red Table,10,True
2,55881,Electric Bananas,match,14,2023-11-05 11:15:00-08:00,Red Table,10,False
2,55881,Electric Bananas,match,29,2023-11-05 14:20:00-08:00,Blue Table,10,False
2,55881,Electric Bananas,match,35,2023-11-05 15:25:00-08:00,Blue Table,10,False
2,59976,Montevideo Merlins,match,7,2023-11-05 10:00:00-08:00,Red Table,10,True
2,59976,Montevideo Merlins,match,19,2023-11-05 12:05:00-08:00,Blue Table,10,False
2,59976,Montevideo Merlins,match,27,2023-11-05 14:00:00-08:00,Blue Table,10,False
2,59976,Montevideo Merlins,match,34,2023-11-05 15:15:00-08:00,Red Table,10,False
2,60070,Robo-Sapiens,match,5,2023-11-05 09:40:00-08:00,Blue Table,10,True
2,60070,Robo-Sapiens,match,11,2023-11-05 10:45:00-08:00,Red Table,10,False
2,60070,Robo-Sapiens,match,22,2023-11-05 13:10:00-08:00,Blue Table,10,False
2,60070,Robo-Sapiens,match,40,2023-11-05 16:05:00-08:00,Red Table,10,False
2,60198,Chronobot,match,3,2023-11-05 09:20:00-08:00,Red Table,10,True
2,60198,Chronobot,match,17,2023-11-05 11:45:00-08:00,Blue Table,10,False
2,60198,Chronobot,match,25,2023-11-05 13:40:00-08:00,Red Table,10,False
2,60198,Chronobot,match,31,2023-11-05 14:45:00-08:00,Blue Table,10,False
2,60447,Little Einstein,match,4,2023-11-05 09:30:00-08:00,Blue Table,10,True
2,60447,Little Einstein,match,12,2023-11-05 10:55:00-08:00,Red Table,10,False
2,60447,Little Einstein,match,23,2023-11-05 13:20:00-08:00,Red Table,10,False
2,60447,Little Einstein,match,40,2023-11-05 16:05:00-08:00,Blue Table,10,False
2,60702,Robochickens,match,2,2023-11-05 09:10:00-08:00,Red Table,10,True
2,60702,Robochickens,match,17,2023-11-05 11:45:00-08:00,Red Table,10,False
2,60702,Robochickens,match,26,2023-11-05 13:50:00-08:00,Blue Table,10,False
2,60702,Robochickens,match,32,2023-11-05 14:55:00-08:00,Blue Table,10,False
2,60958,Puma,match,8,2023-11-05 10:10:00-08:00,Blue Table,10,True
2,60958,Puma,match,19,2023-11-05 12:05:00-08:00,Red Table,10,False
2,60958,Puma,match,28,2023-11-05 14:10:00-08:00,Blue Table,10,False
2,60958,Puma,match,36,2023-11-05 15:35:00-08:00,Red Table,10,False
2,60959,60959,match,1,2023-11-05 09:00:00-08:00,Red Table,10,True
2,60959,60959,match,15,2023-11-05 11:25:00-08:00,Blue Table,10,False
2,60959,60959,match,24,2023-11-05 13:30:00-08:00,Blue Table,10,False
2,60959,60959,match,31,2023-11-05 14:45:00-08:00,Red Table,10,False
3,17491,ADOREable Fivesome,match,1,2023-11-05 09:15:00-08:00,Red Table R2,10,True
3,17491,ADOREable Fivesome,match,17,2023-11-05 11:40:00-08:00,Blue Table B1,10,False
3,17491,ADOREable Fivesome,match,22,2023-11-05 13:35:00-08:00,Blue Table B2,10,False
3,17491,ADOREable Fivesome,match,28,2023-11-05 14:40:00-08:00,Red Table R1,10,False
3,25571,Brick X Brick,match,7,2023-11-05 10:05:00-08:00,Red Table R1,10,True
3,25571,Brick X Brick,match,13,2023-11-05 11:05:00-08:00,Red Table R2,10,False
3,25571,Brick X Brick,match,20,2023-11-05 13:20:00-08:00,Blue Table B1,10,False
3,25571,Brick X Brick,match,33,2023-11-05 15:30:00-08:00,Blue Table B2,10,False
3,50778,Technoblade,match,7,2023-11-05 10:05:00-08:00,Red Table R2,10,True
3,50778,Technoblade,match,14,2023-11-05 11:15:00-08:00,Blue Table B1,10,False
3,50778,Technoblade,match,19,2023-11-05 13:10:00-08:00,Blue Table B2,10,False
3,50778,Technoblade,match,32,2023-11-05 15:20:00-08:00,Red Table R1,10,False
3,53897,#OSKAR,match,5,2023-11-05 09:50:00-08:00,Blue Table B1,10,True
3,53897,#OSKAR,match,11,2023-11-05 10:50:00-08:00,Blue Table B2,10,False
3,53897,#OSKAR,match,26,2023-11-05 14:10:00-08:00,Red Table R1,10,False
3,53897,#OSKAR,match,31,2023-11-05 15:10:00-08:00,Red Table R2,10,False
3,55324,Superstars,match,4,2023-11-05 09:40:00-08:00,Red Table R1,10,True
3,55324,Superstars,match,10,2023-11-05 10:40:00-08:00,Red Table R2,10,False
3,55324,Superstars,match,26,2023-11-05 14:10:00-08:00,Blue Table B1,10,False
3,55324,Superstars,match,31,2023-11-05 15:10:00-08:00,Blue Table B2,10,False
3,55496,Tierra Bots,match,1,2023-11-05 09:15:00-08:00,Blue Table B1,10,True
3,55496,Tierra Bots,match,16,2023-11-05 11:30:00-08:00,Blue Table B2,10,False
3,55496,Tierra Bots,match,22,2023-11-05 13:35:00-08:00,Red Table R1,10,False
3,55496,Tierra Bots,match,28,2023-11-05 14:40:00-08:00,Red Table R2,10,False
3,55779,PowerGirls,match,5,2023-11-05 09:50:00-08:00,Red Table R1,10,True
3,55779,PowerGirls,match,11,2023-11-05 10:50:00-08:00,Red Table R2,10,False
3,55779,PowerGirls,match,25,2023-11-05 14:00:00-08:00,Blue Table B1,10,False
3,55779,PowerGirls,match,30,2023-11-05 15:00:00-08:00,Blue Table B2,10,False
3,56489,The Elec-Droids,match,2,2023-11-05 09:25:00-08:00,Red Table R2,10,True
3,56489,The Elec-Droids,match,16,2023-11-05 11:30:00-08:00,Blue Table B1,10,False
3,56489,The Elec-Droids,match,23,2023-11-05 13:45:00-08:00,Blue Table B2,10,False
3,56489,The Elec-Droids,match,29,2023-11-05 14:50:00-08:00,Red Table R1,10,False
3,56993,SuperChargers,match,2,2023-11-05 09:25:00-08:00,Red Table R1,10,True
3,56993,SuperChargers,match,17,2023-11-05 11:40:00-08:00,Red Table R2,10,False
3,56993,SuperChargers,match,22,2023-11-05 13:35:00-08:00,Blue Table B1,10,False
3,56993,SuperChargers,match,28,2023-11-05 14:40:00-08:00,Blue Table B2,10,False
3,57344,Jiggy Guys,match,7,2023-11-05 10:05:00-08:00,Blue Table B2,10,True
3,57344,Jiggy Guys,match,13,2023-11-05 11:05:00-08:00,Red Table R1,10,False
3,57344,Jiggy Guys,match,20,2023-11-05 13:20:00-08:00,Red Table R2,10,False
3,57344,Jiggy Guys,match,32,2023-11-05 15:20:00-08:00,Blue Table B1,10,False
3,58666,TechnoBricks Allstars,match,4,2023-11-05 09:40:00-08:00,Red Table R2,10,True
3,58666,TechnoBricks Allstars,match,11,2023-11-05 10:50:00-08:00,Blue Table B1,10,False
3,58666,TechnoBricks Allstars,match,25,2023-11-05 14:00:00-08:00,Blue Table B2,10,False
3,58666,TechnoBricks Allstars,match,30,2023-11-05 15:00:00-08:00,Red Table R1,10,False
3,60033,Pokémon,match,7,2023-11-05 10:05:00-08:00,Blue Table B1,10,True
3,60033,Pokémon,match,13,2023-11-05 11:05:00-08:00,Blue Table B2,10,False
3,60033,Pokémon,match,19,2023-11-05 13:10:00-08:00,Red Table R1,10,False
3,60033,Pokémon,match,32,2023-11-05 15:20:00-08:00,Red Table R2,10,False
3,60050,Ustar Artist,match,4,2023-11-05 09:40:00-08:00,Blue Table B1,10,True
3,60050,Ustar Artist,match,10,2023-11-05 10:40:00-08:00,Blue Table B2,10,False
3,60050,Ustar Artist,match,25,2023-11-05 14:00:00-08:00,Red Table R1,10,False
3,60050,Ustar Artist,match,30,2023-11-05 15:00:00-08:00,Red Table R2,10,False
3,60297,Circuit Breakers,match,8,2023-11-05 10:15:00-08:00,Red Table R2,10,True
3,60297,Circuit Breakers,match,13,2023-11-05 11:05:00-08:00,Blue Table B1,10,False
3,60297,Circuit Breakers,match,20,2023-11-05 13:20:00-08:00,Blue Table B2,10,False
3,60297,Circuit Breakers,match,33,2023-11-05 15:30:00-08:00,Red Table R1,10,False
3,60337,short circuit,match,4,2023-11-05 09:40:00-08:00,Blue Table B2,10,True
3,60337,short circuit,match,10,2023-11-05 10:40:00-08:00,Red Table R1,10,False
3,60337,short circuit,match,26,2023-11-05 14:10:00-08:00,Red Table R2,10,False
3,60337,short circuit,match,30,2023-11-05 15:00:00-08:00,Blue Table B1,10,False
3,60354,The Vision,match,5,2023-11-05 09:50:00-08:00,Red Table R2,10,True
3,60354,The Vision,match,10,2023-11-05 10:40:00-08:00,Blue Table B1,10,False
3,60354,The Vision,match,26,2023-11-05 14:10:00-08:00,Blue Table B2,10,False
3,60354,The Vision,match,31,2023-11-05 15:10:00-08:00,Red Table R1,10,False
3,60788,Sheldon,match,8,2023-11-05 10:15:00-08:00,Red Table R1,10,True
3,60788,Sheldon,match,14,2023-11-05 11:15:00-08:00,Red Table R2,10,False
3,60788,Sheldon,match,19,2023-11-05 13:10:00-08:00,Blue Table B1,10,False
3,60788,Sheldon,match,32,2023-11-05 15:20:00-08:00,Blue Table B2,10,False
3,60855,Gearshift,match,1,2023-11-05 09:15:00-08:00,Blue Table B2,10,True
3,60855,Gearshift,match,16,2023-11-05 11:30:00-08:00,Red Table R1,10,False
3,60855,Gearshift,match,23,2023-11-05 13:45:00-08:00,Red Table R2,10,False
3,60855,Gearshift,match,28,2023-11-05 14:40:00-08:00,Blue Table B1,10,False
3,60869,Techno Troopers,match,1,2023-11-05 09:15:00-08:00,Red Table R1,10,True
3,60869,Techno Troopers,match,16,2023-11-05 11:30:00-08:00,Red Table R2,10,False
3,60869,Techno Troopers,match,23,2023-11-05 13:45:00-08:00,Blue Table B1,10,False
3,60869,Techno Troopers,match,29,2023-11-05 14:50:00-08:00,Blue Table B2,10,False
3,61251,RoBosses,match,8,2023-11-05 10:15:00-08:00,Blue Table B2,10,True
3,61251,RoBosses,match,14,2023-11-05 11:15:00-08:00,Red Table R1,10,False
3,61251,RoBosses,match,19,2023-11-05 13:10:00-08:00,Red Table R2,10,False
3,61251,RoBosses,match,33,2023-11-05 15:30:00-08:00,Blue Table B1,10,False
3,61704,Lego Monsters,match,2,2023-11-05 09:25:00-08:00,Blue Table B1,10,True
3,61704,Lego Monsters,match,17,2023-11-05 11:40:00-08:00,Blue Table B2,10,False
3,61704,Lego Monsters,match,23,2023-11-05 13:45:00-08:00,Red Table R1,10,False
3,61704,Lego Monsters,match,29,2023-11-05 14:50:00-08:00,Red Table R2,10,False
3,61990,Mighty Minds,match,5,2023-11-05 09:50:00-08:00,Blue Table B2,10,True
3,61990,Mighty Minds,match,11,2023-11-05 10:50:00-08:00,Red Table R1,10,False
3,61990,Mighty Minds,match,25,2023-11-05 14:00:00-08:00,Red Table R2,10,False
3,61990,Mighty Minds,match,31,2023-11-05 15:10:00-08:00,Blue Table B1,10,False
3,62443,The Eternal Encrypters,match,2,2023-11-05 09:25:00-08:00,Blue Table B2,10,True
3,62443,The Eternal Encrypters,match,17,2023-11-05 11:40:00-08:00,Red Table R1,10,False
3,62443,The Eternal Encrypters,match,22,2023-11-05 13:35:00-08:00,Red Table R2,10,False
3,62443,The Eternal Encrypters,match,29,2023-11-05 14:50:00-08:00,Blue Table B1,10,False
3,62681,Golden Eagles,match,8,2023-11-05 10:15:00-08:00,Blue Table B1,10,True
3,62681,Golden Eagles,match,14,2023-11-05 11:15:00-08:00,Blue Table B2,10,False
3,62681,Golden Eagles,match,20,2023-11-05 13:20:00-08:00,Red Table R1,10,False
3,62681,Golden Eagles,match,33,2023-11-05 15:30:00-08:00,Red Table R2,10,False
4,10585,BRTC,match,3,2023-11-05 09:20:00-08:00,Blue Table,10,True
4,10585,BRTC,match,16,2023-11-05 11:35:00-08:00,Blue Table,10,False
4,10585,BRTC,match,24,2023-11-05 13:30:00-08:00,Red Table,10,False
4,10585,BRTC,match,32,2023-11-05 14:55:00-08:00,Red Table,10,False
4,37482,Team Brick 2.0,match,2,2023-11-05 09:10:00-08:00,Blue Table,10,True
4,37482,Team Brick 2.0,match,15,2023-11-05 11:25:00-08:00,Red Table,10,False
4,37482,Team Brick 2.0,match,25,2023-11-05 13:40:00-08:00,Blue Table,10,False
4,37482,Team Brick 2.0,match,33,2023-11-05 15:05:00-08:00,Red Table,10,False
4,44529,Bernstein-Ghassemi,match,1,2023-11-05 09:00:00-08:00,Blue Table,10,True
4,44529,Bernstein-Ghassemi,match,16,2023-11-05 11:35:00-08:00,Red Table,10,False
4,44529,Bernstein-Ghassemi,match,26,2023-11-05 13:50:00-08:00,Red Table,10,False
4,44529,Bernstein-Ghassemi,match,33,2023-11-05 15:05:00-08:00,Blue Table,10,False
4,44532,Razzle Dazzle Robotics,match,9,2023-11-05 10:20:00-08:00,Blue Table,10,True
4,44532,Razzle Dazzle Robotics,match,18,2023-11-05 11:55:00-08:00,Blue Table,10,False
4,44532,Razzle Dazzle Robotics,match,27,2023-11-05 14:00:00-08:00,Red Table,10,False
4,44532,Razzle Dazzle Robotics,match,35,2023-11-05 15:25:00-08:00,Red Table,10,False
4,46302,The Trampolines,match,4,2023-11-05 09:30:00-08:00,Red Table,10,True
4,46302,The Trampolines,match,11,2023-11-05 10:45:00-08:00,Blue Table,10,False
4,46302,The Trampolines,match,21,2023-11-05 13:00:00-08:00,Blue Table,10,False
4,46302,The Trampolines,match,37,2023-11-05 15:45:00-08:00,Red Table,10,False
4,52702,ArgoRobotics Team #3 - Argo-Haves,match,8,2023-11-05 10:10:00-08:00,Blue Table,10,True
4,52702,ArgoRobotics Team #3 - Argo-Haves,match,19,2023-11-05 12:05:00-08:00,Red Table,10,False
4,52702,ArgoRobotics Team #3 - Argo-Haves,match,28,2023-11-05 14:10:00-08:00,Blue Table,10,False
4,52702,ArgoRobotics Team #3 - Argo-Haves,match,36,2023-11-05 15:35:00-08:00,Red Table,10,False
4,56957,ArgoRobotics Team #4 - Olympians,match,3,2023-11-05 09:20:00-08:00,Red Table,10,True
4,56957,ArgoRobotics Team #4 - Olympians,match,17,2023-11-05 11:45:00-08:00,Blue Table,10,False
4,56957,ArgoRobotics Team #4 - Olympians,match,25,2023-11-05 13:40:00-08:00,Red Table,10,False
4,56957,ArgoRobotics Team #4 - Olympians,match,31,2023-11-05 14:45:00-08:00,Blue Table,10,False
4,56994,BWX,match,1,2023-11-05 09:00:00-08:00,Red Table,10,True
4,56994,BWX,match,15,2023-11-05 11:25:00-08:00,Blue Table,10,False
4,56994,BWX,match,24,2023-11-05 13:30:00-08:00,Blue Table,10,False
4,56994,BWX,match,31,2023-11-05 14:45:00-08:00,Red Table,10,False
4,60152,Masterpiecers,match,5,2023-11-05 09:40:00-08:00,Red Table,10,True
4,60152,Masterpiecers,match,13,2023-11-05 11:05:00-08:00,Red Table,10,False
4,60152,Masterpiecers,match,23,2023-11-05 13:20:00-08:00,Blue Table,10,False
4,60152,Masterpiecers,match,38,2023-11-05 15:55:00-08:00,Blue Table,10,False
4,60362,Master  Droids,match,7,2023-11-05 10:00:00-08:00,Blue Table,10,True
4,60362,Master  Droids,match,18,2023-11-05 11:55:00-08:00,Red Table,10,False
4,60362,Master  Droids,match,29,2023-11-05 14:20:00-08:00,Red Table,10,False
4,60362,Master  Droids,match,36,2023-11-05 15:35:00-08:00,Blue Table,10,False
4,61102,Project Mercury CL,match,8,2023-11-05 10:10:00-08:00,Red Table,10,True
4,61102,Project Mercury CL,match,14,2023-11-05 11:15:00-08:00,Red Table,10,False
4,61102,Project Mercury CL,match,29,2023-11-05 14:20:00-08:00,Blue Table,10,False
4,61102,Project Mercury CL,match,35,2023-11-05 15:25:00-08:00,Blue Table,10,False
4,61205,Woodland Robotics,match,9,2023-11-05 10:20:00-08:00,Red Table,10,True
4,61205,Woodland Robotics,match,14,2023-11-05 11:15:00-08:00,Blue Table,10,False
4,61205,Woodland Robotics,match,28,2023-11-05 14:10:00-08:00,Red Table,10,False
4,61205,Woodland Robotics,match,34,2023-11-05 15:15:00-08:00,Blue Table,10,False
4,61775,WeibelTeam,match,6,2023-11-05 09:50:00-08:00,Blue Table,10,True
4,61775,WeibelTeam,match,12,2023-11-05 10:55:00-08:00,Blue Table,10,False
4,61775,WeibelTeam,match,21,2023-11-05 13:00:00-08:00,Red Table,10,False
4,61775,WeibelTeam,match,38,2023-11-05 15:55:00-08:00,Red Table,10,False
4,61856,Digital Dawgs,match,4,2023-11-05 09:30:00-08:00,Blue Table,10,True
4,61856,Digital Dawgs,match,12,2023-11-05 10:55:00-08:00,Red Table,10,False
4,61856,Digital Dawgs,match,23,2023-11-05 13:20:00-08:00,Red Table,10,False
4,61856,Digital Dawgs,match,40,2023-11-05 16:05:00-08:00,Blue Table,10,False
4,62429,The Wild Bannas,match,7,2023-11-05 10:00:00-08:00,Red Table,10,True
4,62429,The Wild Bannas,match,19,2023-11-05 12:05:00-08:00,Blue Table,10,False
4,62429,The Wild Bannas,match,27,2023-11-05 14:00:00-08:00,Blue Table,10,False
4,62429,The Wild Bannas,match,34,2023-11-05 15:15:00-08:00,Red Table,10,False
4,62558,The Wild Corndogs,match,5,2023-11-05 09:40:00-08:00,Blue Table,10,True
4,62558,The Wild Corndogs,match,11,2023-11-05 10:45:00-08:00,Red Table,10,False
4,62558,The Wild Corndogs,match,22,2023-11-05 13:10:00-08:00,Blue Table,10,False
4,62558,The Wild Corndogs,match,40,2023-11-05 16:05:00-08:00,Red Table,10,False
4,62701,Hillbrook Bears,match,6,2023-11-05 09:50:00-08:00,Red Table,10,True
4,62701,Hillbrook Bears,match,13,2023-11-05 11:05:00-08:00,Blue Table,10,False
4,62701,Hillbrook Bears,match,22,2023-11-05 13:10:00-08:00,Red Table,10,False
4,62701,Hillbrook Bears,match,37,2023-11-05 15:45:00-08:00,Blue Table,10,False
5,4979,Mighty Ducks,match,4,2023-11-12 09:30:00-08:00,Red Table,10,True
5,4979,Mighty Ducks,match,11,2023-11-12 10:45:00-08:00,Blue Table,10,False
5,4979,Mighty Ducks,match,21,2023-11-12 13:00:00-08:00,Blue Table,10,False
5,4979,Mighty Ducks,match,37,2023-11-12 15:45:00-08:00,Red Table,10,False
5,17492,BloK Masters,match,4,2023-11-12 09:30:00-08:00,Blue Table,10,True
5,17492,BloK Masters,match,12,2023-11-12 10:55:00-08:00,Red Table,10,False
5,17492,BloK Masters,match,23,2023-11-12 13:20:00-08:00,Red Table,10,False
5,17492,BloK Masters,match,40,2023-11-12 16:05:00-08:00,Blue Table,10,False
5,37487,Bunny Bots,match,5,2023-11-12 09:40:00-08:00,Blue Table,10,True
5,37487,Bunny Bots,match,11,2023-11-12 10:45:00-08:00,Red Table,10,False
5,37487,Bunny Bots,match,22,2023-11-12 13:10:00-08:00,Blue Table,10,False
5,37487,Bunny Bots,match,40,2023-11-12 16:05:00-08:00,Red Table,10,False
5,52142,Art's Genesis,match,6,2023-11-12 09:50:00-08:00,Blue Table,10,True
5,52142,Art's Genesis,match,12,2023-11-12 10:55:00-08:00,Blue Table,10,False
5,52142,Art's Genesis,match,21,2023-11-12 13:00:00-08:00,Red Table,10,False
5,52142,Art's Genesis,match,38,2023-11-12 15:55:00-08:00,Red Table,10,False
5,52516,The Krazy Kiwis,match,1,2023-11-12 09:00:00-08:00,Red Table,10,True
5,52516,The Krazy Kiwis,match,15,2023-11-12 11:25:00-08:00,Blue Table,10,False
5,52516,The Krazy Kiwis,match,24,2023-11-12 13:30:00-08:00,Blue Table,10,False
5,52516,The Krazy Kiwis,match,31,2023-11-12 14:45:00-08:00,Red Table,10,False
5,53893,Roaring Lions,match,7,2023-11-12 10:00:00-08:00,Blue Table,10,True
5,53893,Roaring Lions,match,18,2023-11-12 11:55:00-08:00,Red Table,10,False
5,53893,Roaring Lions,match,29,2023-11-12 14:20:00-08:00,Red Table,10,False
5,53893,Roaring Lions,match,36,2023-11-12 15:35:00-08:00,Blue Table,10,False
5,55971,Electroid Mayhem,match,3,2023-11-12 09:20:00-08:00,Blue Table,10,True
5,55971,Electroid Mayhem,match,16,2023-11-12 11:35:00-08:00,Blue Table,10,False
5,55971,Electroid Mayhem,match,24,2023-11-12 13:30:00-08:00,Red Table,10,False
5,55971,Electroid Mayhem,match,32,2023-11-12 14:55:00-08:00,Red Table,10,False
5,56341,Master BEAST,match,5,2023-11-12 09:40:00-08:00,Red Table,10,True
5,56341,Master BEAST,match,13,2023-11-12 11:05:00-08:00,Red Table,10,False
5,56341,Master BEAST,match,23,2023-11-12 13:20:00-08:00,Blue Table,10,False
5,56341,Master BEAST,match,38,2023-11-12 15:55:00-08:00,Blue Table,10,False
5,60100,Cobras,match,8,2023-11-12 10:10:00-08:00,Blue Table,10,True
5,60100,Cobras,match,19,2023-11-12 12:05:00-08:00,Red Table,10,False
5,60100,Cobras,match,28,2023-11-12 14:10:00-08:00,Blue Table,10,False
5,60100,Cobras,match,36,2023-11-12 15:35:00-08:00,Red Table,10,False
5,60215,Robotmakers,match,1,2023-11-12 09:00:00-08:00,Blue Table,10,True
5,60215,Robotmakers,match,16,2023-11-12 11:35:00-08:00,Red Table,10,False
5,60215,Robotmakers,match,26,2023-11-12 13:50:00-08:00,Red Table,10,False
5,60215,Robotmakers,match,33,2023-11-12 15:05:00-08:00,Blue Table,10,False
5,60338,Astrocubs,match,2,2023-11-12 09:10:00-08:00,Red Table,10,True
5,60338,Astrocubs,match,17,2023-11-12 11:45:00-08:00,Red Table,10,False
5,60338,Astrocubs,match,26,2023-11-12 13:50:00-08:00,Blue Table,10,False
5,60338,Astrocubs,match,32,2023-11-12 14:55:00-08:00,Blue Table,10,False
5,60388,Cosmic Motor,match,9,2023-11-12 10:20:00-08:00,Blue Table,10,True
5,60388,Cosmic Motor,match,18,2023-11-12 11:55:00-08:00,Blue Table,10,False
5,60388,Cosmic Motor,match,27,2023-11-12 14:00:00-08:00,Red Table,10,False
5,60388,Cosmic Motor,match,35,2023-11-12 15:25:00-08:00,Red Table,10,False
5,60535,Teal Tech Robotics,match,3,2023-11-12 09:20:00-08:00,Red Table,10,True
5,60535,Teal Tech Robotics,match,17,2023-11-12 11:45:00-08:00,Blue Table,10,False
5,60535,Teal Tech Robotics,match,25,2023-11-12 13:40:00-08:00,Red Table,10,False
5,60535,Teal Tech Robotics,match,31,2023-11-12 14:45:00-08:00,Blue Table,10,False
5,60623,Double Trouble Masterminds,match,8,2023-11-12 10:10:00-08:00,Red Table,10,True
5,60623,Double Trouble Masterminds,match,14,2023-11-12 11:15:00-08:00,Red Table,10,False
5,60623,Double Trouble Masterminds,match,29,2023-11-12 14:20:00-08:00,Blue Table,10,False
5,60623,Double Trouble Masterminds,match,35,2023-11-12 15:25:00-08:00,Blue Table,10,False
5,61258,Beyond Stellar Robotics,match,6,2023-11-12 09:50:00-08:00,Red Table,10,True
5,61258,Beyond Stellar Robotics,match,13,2023-11-12 11:05:00-08:00,Blue Table,10,False
5,61258,Beyond Stellar Robotics,match,22,2023-11-12 13:10:00-08:00,Red Table,10,False
5,61258,Beyond Stellar Robotics,match,37,2023-11-12 15:45:00-08:00,Blue Table,10,False
5,61282,Shoo Flies,match,7,2023-11-12 10:00:00-08:00,Red Table,10,True
5,61282,Shoo Flies,match,19,2023-11-12 12:05:00-08:00,Blue Table,10,False
5,61282,Shoo Flies,match,27,2023-11-12 14:00:00-08:00,Blue Table,10,False
5,61282,Shoo Flies,match,34,2023-11-12 15:15:00-08:00,Red Table,10,False
5,61699,LegoMasterz,match,2,2023-11-12 09:10:00-08:00,Blue Table,10,True
5,61699,LegoMasterz,match,15,2023-11-12 11:25:00-08:00,Red Table,10,False
5,61699,LegoMasterz,match,25,2023-11-12 13:40:00-08:00,Blue Table,10,False
5,61699,LegoMasterz,match,33,2023-11-12 15:05:00-08:00,Red Table,10,False
5,62381,Fast Leaping Lions,match,9,2023-11-12 10:20:00-08:00,Red Table,10,True
5,62381,Fast Leaping Lions,match,14,2023-11-12 11:15:00-08:00,Blue Table,10,False
5,62381,Fast Leaping Lions,match,28,2023-11-12 14:10:00-08:00,Red Table,10,False
5,62381,Fast Leaping Lions,match,34,2023-11-12 15:15:00-08:00,Blue Table,10,False
6,10586,Da Vinci,match,3,2023-11-11 09:30:00-08:00,Red Table,15,True
6,10586,Da Vinci,match,13,2023-11-11 12:05:00-08:00,Red Table,15,False
6,10586,Da Vinci,match,19,2023-11-11 14:00:00-08:00,Blue Table,15,False
6,10586,Da Vinci,match,23,2023-11-11 15:00:00-08:00,Blue Table,10,False
6,37485,Morrison-Fisher,match,4,2023-11-11 09:45:00-08:00,Red Table,15,True
6,37485,Morrison-Fisher,match,8,2023-11-11 10:50:00-08:00,Blue Table,15,False
6,37485,Morrison-Fisher,match,20,2023-11-11 14:15:00-08:00,Blue Table,15,False
6,37485,Morrison-Fisher,match,25,2023-11-11 15:20:00-08:00,Red Table,10,False
6,44530,Platinum Programmers,match,3,2023-11-11 09:30:00-08:00,Blue Table,15,True
6,44530,Platinum Programmers,match,11,2023-11-11 11:35:00-08:00,Red Table,15,False
6,44530,Platinum Programmers,match,18,2023-11-11 13:45:00-08:00,Blue Table,15,False
6,44530,Platinum Programmers,match,24,2023-11-11 15:10:00-08:00,Red Table,10,False
6,44533,Piedmont 44533,match,1,2023-11-11 09:00:00-08:00,Red Table,15,True
6,44533,Piedmont 44533,match,11,2023-11-11 11:35:00-08:00,Blue Table,15,False
6,44533,Piedmont 44533,match,17,2023-11-11 13:30:00-08:00,Blue Table,15,False
6,44533,Piedmont 44533,match,22,2023-11-11 14:50:00-08:00,Red Table,10,False
6,51197,Jumping Jelly Beans,match,5,2023-11-11 10:00:00-08:00,Blue Table,15,True
6,51197,Jumping Jelly Beans,match,9,2023-11-11 11:05:00-08:00,Blue Table,15,False
6,51197,Jumping Jelly Beans,match,20,2023-11-11 14:15:00-08:00,Red Table,15,False
6,51197,Jumping Jelly Beans,match,26,2023-11-11 15:30:00-08:00,Red Table,10,False
6,52397,Invalid Syntax,match,6,2023-11-11 10:15:00-08:00,Blue Table,10,True
6,52397,Invalid Syntax,match,8,2023-11-11 10:50:00-08:00,Red Table,15,False
6,52397,Invalid Syntax,match,15,2023-11-11 13:00:00-08:00,Blue Table,15,False
6,52397,Invalid Syntax,match,27,2023-11-11 15:40:00-08:00,Red Table,10,False
6,52502,Unicorn Sparkles,match,4,2023-11-11 09:45:00-08:00,Blue Table,15,True
6,52502,Unicorn Sparkles,match,9,2023-11-11 11:05:00-08:00,Red Table,15,False
6,52502,Unicorn Sparkles,match,16,2023-11-11 13:15:00-08:00,Red Table,15,False
6,52502,Unicorn Sparkles,match,27,2023-11-11 15:40:00-08:00,Blue Table,10,False
6,52508,Short Circuits,match,6,2023-11-11 10:15:00-08:00,Red Table,10,True
6,52508,Short Circuits,match,10,2023-11-11 11:20:00-08:00,Red Table,15,False
6,52508,Short Circuits,match,16,2023-11-11 13:15:00-08:00,Blue Table,15,False
6,52508,Short Circuits,match,26,2023-11-11 15:30:00-08:00,Blue Table,10,False
6,52943,Digital Dolphins,match,2,2023-11-11 09:15:00-08:00,Red Table,15,True
6,52943,Digital Dolphins,match,13,2023-11-11 12:05:00-08:00,Blue Table,15,False
6,52943,Digital Dolphins,match,18,2023-11-11 13:45:00-08:00,Red Table,15,False
6,52943,Digital Dolphins,match,22,2023-11-11 14:50:00-08:00,Blue Table,10,False
6,52944,Digital Dolphins- White Team,match,1,2023-11-11 09:00:00-08:00,Blue Table,15,True
6,52944,Digital Dolphins- White Team,match,12,2023-11-11 11:50:00-08:00,Red Table,15,False
6,52944,Digital Dolphins- White Team,match,19,2023-11-11 14:00:00-08:00,Red Table,15,False
6,52944,Digital Dolphins- White Team,match,24,2023-11-11 15:10:00-08:00,Blue Table,10,False
6,57759,Digital Dolphins- Grey Team,match,2,2023-11-11 09:15:00-08:00,Blue Table,15,True
6,57759,Digital Dolphins- Grey Team,match,12,2023-11-11 11:50:00-08:00,Blue Table,15,False
6,57759,Digital Dolphins- Grey Team,match,17,2023-11-11 13:30:00-08:00,Red Table,15,False
6,57759,Digital Dolphins- Grey Team,match,23,2023-11-11 15:00:00-08:00,Red Table,10,False
6,60913,Basement Bots,match,5,2023-11-11 10:00:00-08:00,Red Table,15,True
6,60913,Basement Bots,match,10,2023-11-11 11:20:00-08:00,Blue Table,15,False
6,60913,Basement Bots,match,15,2023-11-11 13:00:00-08:00,Red Table,15,False
6,60913,Basement Bots,match,25,2023-11-11 15:20:00-08:00,Blue Table,10,False
7,7052,Leaping Lemurs,match,7,2023-11-18 10:00:00-08:00,Red Table,10,True
7,7052,Leaping Lemurs,match,19,2023-11-18 12:05:00-08:00,Blue Table,10,False
7,7052,Leaping Lemurs,match,27,2023-11-18 14:00:00-08:00,Blue Table,10,False
7,7052,Leaping Lemurs,match,34,2023-11-18 15:15:00-08:00,Red Table,10,False
7,7453,Magnificent Mangos,match,3,2023-11-18 09:20:00-08:00,Blue Table,10,True
7,7453,Magnificent Mangos,match,16,2023-11-18 11:35:00-08:00,Blue Table,10,False
7,7453,Magnificent Mangos,match,24,2023-11-18 13:30:00-08:00,Red Table,10,False
7,7453,Magnificent Mangos,match,32,2023-11-18 14:55:00-08:00,Red Table,10,False
7,10589,Legovolts,match,1,2023-11-18 09:00:00-08:00,Red Table,10,True
7,10589,Legovolts,match,15,2023-11-18 11:25:00-08:00,Blue Table,10,False
7,10589,Legovolts,match,24,2023-11-18 13:30:00-08:00,Blue Table,10,False
7,10589,Legovolts,match,31,2023-11-18 14:45:00-08:00,Red Table,10,False
7,20915,TroBots,match,9,2023-11-18 10:20:00-08:00,Red Table,10,True
7,20915,TroBots,match,14,2023-11-18 11:15:00-08:00,Blue Table,10,False
7,20915,TroBots,match,28,2023-11-18 14:10:00-08:00,Red Table,10,False
7,20915,TroBots,match,34,2023-11-18 15:15:00-08:00,Blue Table,10,False
7,30516,Cheerios,match,2,2023-11-18 09:10:00-08:00,Red Table,10,True
7,30516,Cheerios,match,17,2023-11-18 11:45:00-08:00,Red Table,10,False
7,30516,Cheerios,match,26,2023-11-18 13:50:00-08:00,Blue Table,10,False
7,30516,Cheerios,match,32,2023-11-18 14:55:00-08:00,Blue Table,10,False
7,30518,RoboSapiens,match,6,2023-11-18 09:50:00-08:00,Blue Table,10,True
7,30518,RoboSapiens,match,12,2023-11-18 10:55:00-08:00,Blue Table,10,False
7,30518,RoboSapiens,match,21,2023-11-18 13:00:00-08:00,Red Table,10,False
7,30518,RoboSapiens,match,38,2023-11-18 15:55:00-08:00,Red Table,10,False
7,37484,Artvarks,match,2,2023-11-18 09:10:00-08:00,Blue Table,10,True
7,37484,Artvarks,match,15,2023-11-18 11:25:00-08:00,Red Table,10,False
7,37484,Artvarks,match,25,2023-11-18 13:40:00-08:00,Blue Table,10,False
7,37484,Artvarks,match,33,2023-11-18 15:05:00-08:00,Red Table,10,False
7,40997,Denman Robotics,match,3,2023-11-18 09:20:00-08:00,Red Table,10,True
7,40997,Denman Robotics,match,17,2023-11-18 11:45:00-08:00,Blue Table,10,False
7,40997,Denman Robotics,match,25,2023-11-18 13:40:00-08:00,Red Table,10,False
7,40997,Denman Robotics,match,31,2023-11-18 14:45:00-08:00,Blue Table,10,False
7,52090,Canary1,match,8,2023-11-18 10:10:00-08:00,Red Table,10,True
7,52090,Canary1,match,14,2023-11-18 11:15:00-08:00,Red Table,10,False
7,52090,Canary1,match,29,2023-11-18 14:20:00-08:00,Blue Table,10,False
7,52090,Canary1,match,35,2023-11-18 15:25:00-08:00,Blue Table,10,False
7,52405,CheetoBots 2022,match,8,2023-11-18 10:10:00-08:00,Blue Table,10,True
7,52405,CheetoBots 2022,match,19,2023-11-18 12:05:00-08:00,Red Table,10,False
7,52405,CheetoBots 2022,match,28,2023-11-18 14:10:00-08:00,Blue Table,10,False
7,52405,CheetoBots 2022,match,36,2023-11-18 15:35:00-08:00,Red Table,10,False
7,52498,MovingTreeHouse,match,1,2023-11-18 09:00:00-08:00,Blue Table,10,True
7,52498,MovingTreeHouse,match,16,2023-11-18 11:35:00-08:00,Red Table,10,False
7,52498,MovingTreeHouse,match,26,2023-11-18 13:50:00-08:00,Red Table,10,False
7,52498,MovingTreeHouse,match,33,2023-11-18 15:05:00-08:00,Blue Table,10,False
7,54145,G.O.A.T.S,match,5,2023-11-18 09:40:00-08:00,Red Table,10,True
7,54145,G.O.A.T.S,match,13,2023-11-18 11:05:00-08:00,Red Table,10,False
7,54145,G.O.A.T.S,match,23,2023-11-18 13:20:00-08:00,Blue Table,10,False
7,54145,G.O.A.T.S,match,38,2023-11-18 15:55:00-08:00,Blue Table,10,False
7,55992,HawkBots,match,7,2023-11-18 10:00:00-08:00,Blue Table,10,True
7,55992,HawkBots,match,18,2023-11-18 11:55:00-08:00,Red Table,10,False
7,55992,HawkBots,match,29,2023-11-18 14:20:00-08:00,Red Table,10,False
7,55992,HawkBots,match,36,2023-11-18 15:35:00-08:00,Blue Table,10,False
7,55998,FLL Owls,match,4,2023-11-18 09:30:00-08:00,Red Table,10,True
7,55998,FLL Owls,match,11,2023-11-18 10:45:00-08:00,Blue Table,10,False
7,55998,FLL Owls,match,21,2023-11-18 13:00:00-08:00,Blue Table,10,False
7,55998,FLL Owls,match,37,2023-11-18 15:45:00-08:00,Red Table,10,False
7,59937,Robo Mangal,match,5,2023-11-18 09:40:00-08:00,Blue Table,10,True
7,59937,Robo Mangal,match,11,2023-11-18 10:45:00-08:00,Red Table,10,False
7,59937,Robo Mangal,match,22,2023-11-18 13:10:00-08:00,Blue Table,10,False
7,59937,Robo Mangal,match,40,2023-11-18 16:05:00-08:00,Red Table,10,False
7,60942,Doodle,match,6,2023-11-18 09:50:00-08:00,Red Table,10,True
7,60942,Doodle,match,13,2023-11-18 11:05:00-08:00,Blue Table,10,False
7,60942,Doodle,match,22,2023-11-18 13:10:00-08:00,Red Table,10,False
7,60942,Doodle,match,37,2023-11-18 15:45:00-08:00,Blue Table,10,False
7,61168,Foothill 2023C,match,9,2023-11-18 10:20:00-08:00,Blue Table,10,True
7,61168,Foothill 2023C,match,18,2023-11-18 11:55:00-08:00,Blue Table,10,False
7,61168,Foothill 2023C,match,27,2023-11-18 14:00:00-08:00,Red Table,10,False
7,61168,Foothill 2023C,match,35,2023-11-18 15:25:00-08:00,Red Table,10,False
7,61397,GoForBots,match,4,2023-11-18 09:30:00-08:00,Blue Table,10,True
7,61397,GoForBots,match,12,2023-11-18 10:55:00-08:00,Red Table,10,False
7,61397,GoForBots,match,23,2023-11-18 13:20:00-08:00,Red Table,10,False
7,61397,GoForBots,match,40,2023-11-18 16:05:00-08:00,Blue Table,10,False
8,25573,X-Mann Bots,match,4,2023-11-18 09:30:00-08:00,Red Table,10,True
8,25573,X-Mann Bots,match,11,2023-11-18 10:45:00-08:00,Blue Table,10,False
8,25573,X-Mann Bots,match,21,2023-11-18 13:00:00-08:00,Blue Table,10,False
8,25573,X-Mann Bots,match,37,2023-11-18 15:45:00-08:00,Red Table,10,False
8,34265,Eagle Bots,match,6,2023-11-18 09:50:00-08:00,Red Table,10,True
8,34265,Eagle Bots,match,13,2023-11-18 11:05:00-08:00,Blue Table,10,False
8,34265,Eagle Bots,match,22,2023-11-18 13:10:00-08:00,Red Table,10,False
8,34265,Eagle Bots,match,37,2023-11-18 15:45:00-08:00,Blue Table,10,False
8,40238,Plus Ultra,match,6,2023-11-18 09:50:00-08:00,Blue Table,10,True
8,40238,Plus Ultra,match,12,2023-11-18 10:55:00-08:00,Blue Table,10,False
8,40238,Plus Ultra,match,21,2023-11-18 13:00:00-08:00,Red Table,10,False
8,40238,Plus Ultra,match,38,2023-11-18 15:55:00-08:00,Red Table,10,False
8,47810,Plus Ultra 2,match,4,2023-11-18 09:30:00-08:00,Blue Table,10,True
8,47810,Plus Ultra 2,match,12,2023-11-18 10:55:00-08:00,Red Table,10,False
8,47810,Plus Ultra 2,match,23,2023-11-18 13:20:00-08:00,Red Table,10,False
8,47810,Plus Ultra 2,match,40,2023-11-18 16:05:00-08:00,Blue Table,10,False
8,50809,AstroBruins,match,1,2023-11-18 09:00:00-08:00,Blue Table,10,True
8,50809,AstroBruins,match,16,2023-11-18 11:35:00-08:00,Red Table,10,False
8,50809,AstroBruins,match,26,2023-11-18 13:50:00-08:00,Red Table,10,False
8,50809,AstroBruins,match,33,2023-11-18 15:05:00-08:00,Blue Table,10,False
8,55867,Harrybot,match,5,2023-11-18 09:40:00-08:00,Blue Table,10,True
8,55867,Harrybot,match,11,2023-11-18 10:45:00-08:00,Red Table,10,False
8,55867,Harrybot,match,22,2023-11-18 13:10:00-08:00,Blue Table,10,False
8,55867,Harrybot,match,40,2023-11-18 16:05:00-08:00,Red Table,10,False
8,56453,Donut Powered,match,2,2023-11-18 09:10:00-08:00,Blue Table,10,True
8,56453,Donut Powered,match,15,2023-11-18 11:25:00-08:00,Red Table,10,False
8,56453,Donut Powered,match,25,2023-11-18 13:40:00-08:00,Blue Table,10,False
8,56453,Donut Powered,match,33,2023-11-18 15:05:00-08:00,Red Table,10,False
8,57010,Rocket,match,1,2023-11-18 09:00:00-08:00,Red Table,10,True
8,57010,Rocket,match,15,2023-11-18 11:25:00-08:00,Blue Table,10,False
8,57010,Rocket,match,24,2023-11-18 13:30:00-08:00,Blue Table,10,False
8,57010,Rocket,match,31,2023-11-18 14:45:00-08:00,Red Table,10,False
8,58118,Protatoes,match,9,2023-11-18 10:20:00-08:00,Blue Table,10,True
8,58118,Protatoes,match,18,2023-11-18 11:55:00-08:00,Blue Table,10,False
8,58118,Protatoes,match,27,2023-11-18 14:00:00-08:00,Red Table,10,False
8,58118,Protatoes,match,35,2023-11-18 15:25:00-08:00,Red Table,10,False
8,58181,GOATs,match,7,2023-11-18 10:00:00-08:00,Blue Table,10,True
8,58181,GOATs,match,18,2023-11-18 11:55:00-08:00,Red Table,10,False
8,58181,GOATs,match,29,2023-11-18 14:20:00-08:00,Red Table,10,False
8,58181,GOATs,match,36,2023-11-18 15:35:00-08:00,Blue Table,10,False
8,60038,Robo Champs,match,5,2023-11-18 09:40:00-08:00,Red Table,10,True
8,60038,Robo Champs,match,13,2023-11-18 11:05:00-08:00,Red Table,10,False
8,60038,Robo Champs,match,23,2023-11-18 13:20:00-08:00,Blue Table,10,False
8,60038,Robo Champs,match,38,2023-11-18 15:55:00-08:00,Blue Table,10,False
8,60377,RI Lego Warriors,match,2,2023-11-18 09:10:00-08:00,Red Table,10,True
8,60377,RI Lego Warriors,match,17,2023-11-18 11:45:00-08:00,Red Table,10,False
8,60377,RI Lego Warriors,match,26,2023-11-18 13:50:00-08:00,Blue Table,10,False
8,60377,RI Lego Warriors,match,32,2023-11-18 14:55:00-08:00,Blue Table,10,False
8,60428,LegoLegends,match,8,2023-11-18 10:10:00-08:00,Red Table,10,True
8,60428,LegoLegends,match,14,2023-11-18 11:15:00-08:00,Red Table,10,False
8,60428,LegoLegends,match,29,2023-11-18 14:20:00-08:00,Blue Table,10,False
8,60428,LegoLegends,match,35,2023-11-18 15:25:00-08:00,Blue Table,10,False
8,60718,Rockin Robos,match,9,2023-11-18 10:20:00-08:00,Red Table,10,True
8,60718,Rockin Robos,match,14,2023-11-18 11:15:00-08:00,Blue Table,10,False
8,60718,Rockin Robos,match,28,2023-11-18 14:10:00-08:00,Red Table,10,False
8,60718,Rockin Robos,match,34,2023-11-18 15:15:00-08:00,Blue Table,10,False
8,60753,Ri Robotics- Droid Sharks,match,3,2023-11-18 09:20:00-08:00,Blue Table,10,True
8,60753,Ri Robotics- Droid Sharks,match,16,2023-11-18 11:35:00-08:00,Blue Table,10,False
8,60753,Ri Robotics- Droid Sharks,match,24,2023-11-18 13:30:00-08:00,Red Table,10,False
8,60753,Ri Robotics- Droid Sharks,match,32,2023-11-18 14:55:00-08:00,Red Table,10,False
8,61031,Tech Masters,match,3,2023-11-18 09:20:00-08:00,Red Table,10,True
8,61031,Tech Masters,match,17,2023-11-18 11:45:00-08:00,Blue Table,10,False
8,61031,Tech Masters,match,25,2023-11-18 13:40:00-08:00,Red Table,10,False
8,61031,Tech Masters,match,31,2023-11-18 14:45:00-08:00,Blue Table,10,False
8,61351,RI Robo Raiders,match,8,2023-11-18 10:10:00-08:00,Blue Table,10,True
8,61351,RI Robo Raiders,match,19,2023-11-18 12:05:00-08:00,Red Table,10,False
8,61351,RI Robo Raiders,match,28,2023-11-18 14:10:00-08:00,Blue Table,10,False
8,61351,RI Robo Raiders,match,36,2023-11-18 15:35:00-08:00,Red Table,10,False
8,62314,Robotics Ninja,match,7,2023-11-18 10:00:00-08:00,Red Table,10,True
8,62314,Robotics Ninja,match,19,2023-11-18 12:05:00-08:00,Blue Table,10,False
8,62314,Robotics Ninja,match,27,2023-11-18 14:00:00-08:00,Blue Table,10,False
8,62314,Robotics Ninja,match,34,2023-11-18 15:15:00-08:00,Red Table,10,False
9,752,Lego Gagas,match,2,2023-11-18 09:25:00-08:00,Red Table R2,10,True
9,752,Lego Gagas,match,16,2023-11-18 11:30:00-08:00,Blue Table B1,10,False
9,752,Lego Gagas,match,23,2023-11-18 13:45:00-08:00,Blue Table B2,10,False
9,752,Lego Gagas,match,29,2023-11-18 14:50:00-08:00,Red Table R1,10,False
9,46264,Nuclear Eagles,match,4,2023-11-18 09:40:00-08:00,Blue Table B2,10,True
9,46264,Nuclear Eagles,match,10,2023-11-18 10:40:00-08:00,Red Table R1,10,False
9,46264,Nuclear Eagles,match,26,2023-11-18 14:10:00-08:00,Red Table R2,10,False
9,46264,Nuclear Eagles,match,30,2023-11-18 15:00:00-08:00,Blue Table B1,10,False
9,51006,H.E.R.,match,7,2023-11-18 10:05:00-08:00,Red Table R2,10,True
9,51006,H.E.R.,match,14,2023-11-18 11:15:00-08:00,Blue Table B1,10,False
9,51006,H.E.R.,match,19,2023-11-18 13:10:00-08:00,Blue Table B2,10,False
9,51006,H.E.R.,match,32,2023-11-18 15:20:00-08:00,Red Table R1,10,False
9,52496,CodeRunners,match,7,2023-11-18 10:05:00-08:00,Blue Table B1,10,True
9,52496,CodeRunners,match,13,2023-11-18 11:05:00-08:00,Blue Table B2,10,False
9,52496,CodeRunners,match,19,2023-11-18 13:10:00-08:00,Red Table R1,10,False
9,52496,CodeRunners,match,32,2023-11-18 15:20:00-08:00,Red Table R2,10,False
9,53854,RRAVENS,match,8,2023-11-18 10:15:00-08:00,Red Table R1,10,True
9,53854,RRAVENS,match,14,2023-11-18 11:15:00-08:00,Red Table R2,10,False
9,53854,RRAVENS,match,19,2023-11-18 13:10:00-08:00,Blue Table B1,10,False
9,53854,RRAVENS,match,32,2023-11-18 15:20:00-08:00,Blue Table B2,10,False
9,53890,Autorun,match,2,2023-11-18 09:25:00-08:00,Blue Table B2,10,True
9,53890,Autorun,match,17,2023-11-18 11:40:00-08:00,Red Table R1,10,False
9,53890,Autorun,match,22,2023-11-18 13:35:00-08:00,Red Table R2,10,False
9,53890,Autorun,match,29,2023-11-18 14:50:00-08:00,Blue Table B1,10,False
9,55494,Robo Brain,match,4,2023-11-18 09:40:00-08:00,Red Table R1,10,True
9,55494,Robo Brain,match,10,2023-11-18 10:40:00-08:00,Red Table R2,10,False
9,55494,Robo Brain,match,26,2023-11-18 14:10:00-08:00,Blue Table B1,10,False
9,55494,Robo Brain,match,31,2023-11-18 15:10:00-08:00,Blue Table B2,10,False
9,55726,D()lphinS,match,2,2023-11-18 09:25:00-08:00,Red Table R1,10,True
9,55726,D()lphinS,match,17,2023-11-18 11:40:00-08:00,Red Table R2,10,False
9,55726,D()lphinS,match,22,2023-11-18 13:35:00-08:00,Blue Table B1,10,False
9,55726,D()lphinS,match,28,2023-11-18 14:40:00-08:00,Blue Table B2,10,False
9,56375,Zeal Kids,match,8,2023-11-18 10:15:00-08:00,Blue Table B2,10,True
9,56375,Zeal Kids,match,14,2023-11-18 11:15:00-08:00,Red Table R1,10,False
9,56375,Zeal Kids,match,19,2023-11-18 13:10:00-08:00,Red Table R2,10,False
9,56375,Zeal Kids,match,33,2023-11-18 15:30:00-08:00,Blue Table B1,10,False
9,56459,Code Warriors,match,8,2023-11-18 10:15:00-08:00,Red Table R2,10,True
9,56459,Code Warriors,match,13,2023-11-18 11:05:00-08:00,Blue Table B1,10,False
9,56459,Code Warriors,match,20,2023-11-18 13:20:00-08:00,Blue Table B2,10,False
9,56459,Code Warriors,match,33,2023-11-18 15:30:00-08:00,Red Table R1,10,False
9,56768,Blue Brickbots,match,5,2023-11-18 09:50:00-08:00,Red Table R1,10,True
9,56768,Blue Brickbots,match,11,2023-11-18 10:50:00-08:00,Red Table R2,10,False
9,56768,Blue Brickbots,match,25,2023-11-18 14:00:00-08:00,Blue Table B1,10,False
9,56768,Blue Brickbots,match,30,2023-11-18 15:00:00-08:00,Blue Table B2,10,False
9,58665,Wildcats Allstars,match,5,2023-11-18 09:50:00-08:00,Red Table R2,10,True
9,58665,Wildcats Allstars,match,10,2023-11-18 10:40:00-08:00,Blue Table B1,10,False
9,58665,Wildcats Allstars,match,26,2023-11-18 14:10:00-08:00,Blue Table B2,10,False
9,58665,Wildcats Allstars,match,31,2023-11-18 15:10:00-08:00,Red Table R1,10,False
9,58828,ShortCircuit,match,8,2023-11-18 10:15:00-08:00,Blue Table B1,10,True
9,58828,ShortCircuit,match,14,2023-11-18 11:15:00-08:00,Blue Table B2,10,False
9,58828,ShortCircuit,match,20,2023-11-18 13:20:00-08:00,Red Table R1,10,False
9,58828,ShortCircuit,match,33,2023-11-18 15:30:00-08:00,Red Table R2,10,False
9,59366,Robo-JOKKIS,match,1,2023-11-18 09:15:00-08:00,Red Table R1,10,True
9,59366,Robo-JOKKIS,match,16,2023-11-18 11:30:00-08:00,Red Table R2,10,False
9,59366,Robo-JOKKIS,match,23,2023-11-18 13:45:00-08:00,Blue Table B1,10,False
9,59366,Robo-JOKKIS,match,29,2023-11-18 14:50:00-08:00,Blue Table B2,10,False
9,60115,racing robo,match,7,2023-11-18 10:05:00-08:00,Blue Table B2,10,True
9,60115,racing robo,match,13,2023-11-18 11:05:00-08:00,Red Table R1,10,False
9,60115,racing robo,match,20,2023-11-18 13:20:00-08:00,Red Table R2,10,False
9,60115,racing robo,match,32,2023-11-18 15:20:00-08:00,Blue Table B1,10,False
9,60120,Baoming Yang,match,1,2023-11-18 09:15:00-08:00,Red Table R2,10,True
9,60120,Baoming Yang,match,17,2023-11-18 11:40:00-08:00,Blue Table B1,10,False
9,60120,Baoming Yang,match,22,2023-11-18 13:35:00-08:00,Blue Table B2,10,False
9,60120,Baoming Yang,match,28,2023-11-18 14:40:00-08:00,Red Table R1,10,False
9,61172,FLL Voyager,match,4,2023-11-18 09:40:00-08:00,Red Table R2,10,True
9,61172,FLL Voyager,match,11,2023-11-18 10:50:00-08:00,Blue Table B1,10,False
9,61172,FLL Voyager,match,25,2023-11-18 14:00:00-08:00,Blue Table B2,10,False
9,61172,FLL Voyager,match,30,2023-11-18 15:00:00-08:00,Red Table R1,10,False
9,61188,Cyber Titans@,match,5,2023-11-18 09:50:00-08:00,Blue Table B2,10,True
9,61188,Cyber Titans@,match,11,2023-11-18 10:50:00-08:00,Red Table R1,10,False
9,61188,Cyber Titans@,match,25,2023-11-18 14:00:00-08:00,Red Table R2,10,False
9,61188,Cyber Titans@,match,31,2023-11-18 15:10:00-08:00,Blue Table B1,10,False
9,61281,Mustang Rockets,match,7,2023-11-18 10:05:00-08:00,Red Table R1,10,True
9,61281,Mustang Rockets,match,13,2023-11-18 11:05:00-08:00,Red Table R2,10,False
9,61281,Mustang Rockets,match,20,2023-11-18 13:20:00-08:00,Blue Table B1,10,False
9,61281,Mustang Rockets,match,33,2023-11-18 15:30:00-08:00,Blue Table B2,10,False
9,61402,#RoboHackers,match,4,2023-11-18 09:40:00-08:00,Blue Table B1,10,True
9,61402,#RoboHackers,match,10,2023-11-18 10:40:00-08:00,Blue Table B2,10,False
9,61402,#RoboHackers,match,25,2023-11-18 14:00:00-08:00,Red Table R1,10,False
9,61402,#RoboHackers,match,30,2023-11-18 15:00:00-08:00,Red Table R2,10,False
9,61932,Bullis Gold Team,match,1,2023-11-18 09:15:00-08:00,Blue Table B1,10,True
9,61932,Bullis Gold Team,match,16,2023-11-18 11:30:00-08:00,Blue Table B2,10,False
9,61932,Bullis Gold Team,match,22,2023-11-18 13:35:00-08:00,Red Table R1,10,False
9,61932,Bullis Gold Team,match,28,2023-11-18 14:40:00-08:00,Red Table R2,10,False
9,61944,FlyingWheels,match,2,2023-11-18 09:25:00-08:00,Blue Table B1,10,True
9,61944,FlyingWheels,match,17,2023-11-18 11:40:00-08:00,Blue Table B2,10,False
9,61944,FlyingWheels,match,23,2023-11-18 13:45:00-08:00,Red Table R1,10,False
9,61944,FlyingWheels,match,29,2023-11-18 14:50:00-08:00,Red Table R2,10,False
9,62191,BookWormZ,match,1,2023-11-18 09:15:00-08:00,Blue Table B2,10,True
9,62191,BookWormZ,match,16,2023-11-18 11:30:00-08:00,Red Table R1,10,False
9,62191,BookWormZ,match,23,2023-11-18 13:45:00-08:00,Red Table R2,10,False
9,62191,BookWormZ,match,28,2023-11-18 14:40:00-08:00,Blue Table B1,10,False
9,62268,Delta Cosmic Coders,match,5,2023-11-18 09:50:00-08:00,Blue Table B1,10,True
9,62268,Delta Cosmic Coders,match,11,2023-11-18 10:50:00-08:00,Blue Table B2,10,False
9,62268,Delta Cosmic Coders,match,26,2023-11-18 14:10:00-08:00,Red Table R1,10,False
9,62268,Delta Cosmic Coders,match,31,2023-11-18 15:10:00-08:00,Red Table R2,10,False
10,21887,Electric Eagles,match,6,2023-11-18 09:50:00-08:00,Blue Table,10,True
10,21887,Electric Eagles,match,12,2023-11-18 10:55:00-08:00,Blue Table,10,False
10,21887,Electric Eagles,match,21,2023-11-18 13:00:00-08:00,Red Table,10,False
10,21887,Electric Eagles,match,38,2023-11-18 15:55:00-08:00,Red Table,10,False
10,25572,Ctrl+T,match,1,2023-11-18 09:00:00-08:00,Blue Table,10,True
10,25572,Ctrl+T,match,16,2023-11-18 11:35:00-08:00,Red Table,10,False
10,25572,Ctrl+T,match,26,2023-11-18 13:50:00-08:00,Red Table,10,False
10,25572,Ctrl+T,match,33,2023-11-18 15:05:00-08:00,Blue Table,10,False
10,52070,Smilodon,match,7,2023-11-18 10:00:00-08:00,Blue Table,10,True
10,52070,Smilodon,match,18,2023-11-18 11:55:00-08:00,Red Table,10,False
10,52070,Smilodon,match,29,2023-11-18 14:20:00-08:00,Red Table,10,False
10,52070,Smilodon,match,36,2023-11-18 15:35:00-08:00,Blue Table,10,False
10,52305,Master Oogway,match,6,2023-11-18 09:50:00-08:00,Red Table,10,True
10,52305,Master Oogway,match,13,2023-11-18 11:05:00-08:00,Blue Table,10,False
10,52305,Master Oogway,match,22,2023-11-18 13:10:00-08:00,Red Table,10,False
10,52305,Master Oogway,match,37,2023-11-18 15:45:00-08:00,Blue Table,10,False
10,54977,Menlo Park Narleaotters,match,9,2023-11-18 10:20:00-08:00,Blue Table,10,True
10,54977,Menlo Park Narleaotters,match,18,2023-11-18 11:55:00-08:00,Blue Table,10,False
10,54977,Menlo Park Narleaotters,match,27,2023-11-18 14:00:00-08:00,Red Table,10,False
10,54977,Menlo Park Narleaotters,match,35,2023-11-18 15:25:00-08:00,Red Table,10,False
10,55669,Robot Dolphin,match,9,2023-11-18 10:20:00-08:00,Red Table,10,True
10,55669,Robot Dolphin,match,14,2023-11-18 11:15:00-08:00,Blue Table,10,False
10,55669,Robot Dolphin,match,28,2023-11-18 14:10:00-08:00,Red Table,10,False
10,55669,Robot Dolphin,match,34,2023-11-18 15:15:00-08:00,Blue Table,10,False
10,55793,SkyHigh,match,2,2023-11-18 09:10:00-08:00,Blue Table,10,True
10,55793,SkyHigh,match,15,2023-11-18 11:25:00-08:00,Red Table,10,False
10,55793,SkyHigh,match,25,2023-11-18 13:40:00-08:00,Blue Table,10,False
10,55793,SkyHigh,match,33,2023-11-18 15:05:00-08:00,Red Table,10,False
10,55823,Enginerds,match,8,2023-11-18 10:10:00-08:00,Blue Table,10,True
10,55823,Enginerds,match,19,2023-11-18 12:05:00-08:00,Red Table,10,False
10,55823,Enginerds,match,28,2023-11-18 14:10:00-08:00,Blue Table,10,False
10,55823,Enginerds,match,36,2023-11-18 15:35:00-08:00,Red Table,10,False
10,57236,Electric Bricks,match,2,2023-11-18 09:10:00-08:00,Red Table,10,True
10,57236,Electric Bricks,match,17,2023-11-18 11:45:00-08:00,Red Table,10,False
10,57236,Electric Bricks,match,26,2023-11-18 13:50:00-08:00,Blue Table,10,False
10,57236,Electric Bricks,match,32,2023-11-18 14:55:00-08:00,Blue Table,10,False
10,58664,ArtHackerZ,match,4,2023-11-18 09:30:00-08:00,Red Table,10,True
10,58664,ArtHackerZ,match,11,2023-11-18 10:45:00-08:00,Blue Table,10,False
10,58664,ArtHackerZ,match,21,2023-11-18 13:00:00-08:00,Blue Table,10,False
10,58664,ArtHackerZ,match,37,2023-11-18 15:45:00-08:00,Red Table,10,False
10,58711,Arctic Wolves,match,7,2023-11-18 10:00:00-08:00,Red Table,10,True
10,58711,Arctic Wolves,match,19,2023-11-18 12:05:00-08:00,Blue Table,10,False
10,58711,Arctic Wolves,match,27,2023-11-18 14:00:00-08:00,Blue Table,10,False
10,58711,Arctic Wolves,match,34,2023-11-18 15:15:00-08:00,Red Table,10,False
10,60085,Lego Artisans,match,5,2023-11-18 09:40:00-08:00,Blue Table,10,True
10,60085,Lego Artisans,match,11,2023-11-18 10:45:00-08:00,Red Table,10,False
10,60085,Lego Artisans,match,22,2023-11-18 13:10:00-08:00,Blue Table,10,False
10,60085,Lego Artisans,match,40,2023-11-18 16:05:00-08:00,Red Table,10,False
10,60169,BUUUFF!!3,match,4,2023-11-18 09:30:00-08:00,Blue Table,10,True
10,60169,BUUUFF!!3,match,12,2023-11-18 10:55:00-08:00,Red Table,10,False
10,60169,BUUUFF!!3,match,23,2023-11-18 13:20:00-08:00,Red Table,10,False
10,60169,BUUUFF!!3,match,40,2023-11-18 16:05:00-08:00,Blue Table,10,False
10,60514,Artistic,match,8,2023-11-18 10:10:00-08:00,Red Table,10,True
10,60514,Artistic,match,14,2023-11-18 11:15:00-08:00,Red Table,10,False
10,60514,Artistic,match,29,2023-11-18 14:20:00-08:00,Blue Table,10,False
10,60514,Artistic,match,35,2023-11-18 15:25:00-08:00,Blue Table,10,False
10,60762,Legotronics,match,5,2023-11-18 09:40:00-08:00,Red Table,10,True
10,60762,Legotronics,match,13,2023-11-18 11:05:00-08:00,Red Table,10,False
10,60762,Legotronics,match,23,2023-11-18 13:20:00-08:00,Blue Table,10,False
10,60762,Legotronics,match,38,2023-11-18 15:55:00-08:00,Blue Table,10,False
10,61604,Mechanical Thump,match,1,2023-11-18 09:00:00-08:00,Red Table,10,True
10,61604,Mechanical Thump,match,15,2023-11-18 11:25:00-08:00,Blue Table,10,False
10,61604,Mechanical Thump,match,24,2023-11-18 13:30:00-08:00,Blue Table,10,False
10,61604,Mechanical Thump,match,31,2023-11-18 14:45:00-08:00,Red Table,10,False
10,61778,RoboRangers,match,3,2023-11-18 09:20:00-08:00,Red Table,10,True
10,61778,RoboRangers,match,17,2023-11-18 11:45:00-08:00,Blue Table,10,False
10,61778,RoboRangers,match,25,2023-11-18 13:40:00-08:00,Red Table,10,False
10,61778,RoboRangers,match,31,2023-11-18 14:45:00-08:00,Blue Table,10,False
10,62280,THE B.E.A.Rs.,match,3,2023-11-18 09:20:00-08:00,Blue Table,10,True
10,62280,THE B.E.A.Rs.,match,16,2023-11-18 11:35:00-08:00,Blue Table,10,False
10,62280,THE B.E.A.Rs.,match,24,2023-11-18 13:30:00-08:00,Red Table,10,False
10,62280,THE B.E.A.Rs.,match,32,2023-11-18 14:55:00-08:00,Red Table,10,False
11,51095,CreaTech,match,4,2023-11-19 09:30:00-08:00,Blue Table,10,True
11,51095,CreaTech,match,12,2023-11-19 10:55:00-08:00,Red Table,10,False
11,51095,CreaTech,match,23,2023-11-19 13:20:00-08:00,Red Table,10,False
11,51095,CreaTech,match,40,2023-11-19 16:05:00-08:00,Blue Table,10,False
11,52765,Dragonoids,match,1,2023-11-19 09:00:00-08:00,Red Table,10,True
11,52765,Dragonoids,match,15,2023-11-19 11:25:00-08:00,Blue Table,10,False
11,52765,Dragonoids,match,24,2023-11-19 13:30:00-08:00,Blue Table,10,False
11,52765,Dragonoids,match,31,2023-11-19 14:45:00-08:00,Red Table,10,False
11,56649,Innovative Energizers,match,8,2023-11-19 10:10:00-08:00,Blue Table,10,True
11,56649,Innovative Energizers,match,19,2023-11-19 12:05:00-08:00,Red Table,10,False
11,56649,Innovative Energizers,match,28,2023-11-19 14:10:00-08:00,Blue Table,10,False
11,56649,Innovative Energizers,match,36,2023-11-19 15:35:00-08:00,Red Table,10,False
11,57125,Incredibuilders,match,2,2023-11-19 09:10:00-08:00,Red Table,10,True
11,57125,Incredibuilders,match,17,2023-11-19 11:45:00-08:00,Red Table,10,False
11,57125,Incredibuilders,match,26,2023-11-19 13:50:00-08:00,Blue Table,10,False
11,57125,Incredibuilders,match,32,2023-11-19 14:55:00-08:00,Blue Table,10,False
11,58668,Techno Sharks Allstars,match,9,2023-11-19 10:20:00-08:00,Red Table,10,True
11,58668,Techno Sharks Allstars,match,14,2023-11-19 11:15:00-08:00,Blue Table,10,False
11,58668,Techno Sharks Allstars,match,28,2023-11-19 14:10:00-08:00,Red Table,10,False
11,58668,Techno Sharks Allstars,match,34,2023-11-19 15:15:00-08:00,Blue Table,10,False
11,59703,Brick-o-Brainiacs,match,6,2023-11-19 09:50:00-08:00,Blue Table,10,True
11,59703,Brick-o-Brainiacs,match,12,2023-11-19 10:55:00-08:00,Blue Table,10,False
11,59703,Brick-o-Brainiacs,match,21,2023-11-19 13:00:00-08:00,Red Table,10,False
11,59703,Brick-o-Brainiacs,match,38,2023-11-19 15:55:00-08:00,Red Table,10,False
11,60151,Best Bees,match,3,2023-11-19 09:20:00-08:00,Blue Table,10,True
11,60151,Best Bees,match,16,2023-11-19 11:35:00-08:00,Blue Table,10,False
11,60151,Best Bees,match,24,2023-11-19 13:30:00-08:00,Red Table,10,False
11,60151,Best Bees,match,32,2023-11-19 14:55:00-08:00,Red Table,10,False
11,60268,Lego Beats,match,7,2023-11-19 10:00:00-08:00,Blue Table,10,True
11,60268,Lego Beats,match,18,2023-11-19 11:55:00-08:00,Red Table,10,False
11,60268,Lego Beats,match,29,2023-11-19 14:20:00-08:00,Red Table,10,False
11,60268,Lego Beats,match,36,2023-11-19 15:35:00-08:00,Blue Table,10,False
11,60496,Alternative Force,match,3,2023-11-19 09:20:00-08:00,Red Table,10,True
11,60496,Alternative Force,match,17,2023-11-19 11:45:00-08:00,Blue Table,10,False
11,60496,Alternative Force,match,25,2023-11-19 13:40:00-08:00,Red Table,10,False
11,60496,Alternative Force,match,31,2023-11-19 14:45:00-08:00,Blue Table,10,False
11,60668,Legendary Builders,match,8,2023-11-19 10:10:00-08:00,Red Table,10,True
11,60668,Legendary Builders,match,14,2023-11-19 11:15:00-08:00,Red Table,10,False
11,60668,Legendary Builders,match,29,2023-11-19 14:20:00-08:00,Blue Table,10,False
11,60668,Legendary Builders,match,35,2023-11-19 15:25:00-08:00,Blue Table,10,False
11,60734,Gopher Botz,match,6,2023-11-19 09:50:00-08:00,Red Table,10,True
11,60734,Gopher Botz,match,13,2023-11-19 11:05:00-08:00,Blue Table,10,False
11,60734,Gopher Botz,match,22,2023-11-19 13:10:00-08:00,Red Table,10,False
11,60734,Gopher Botz,match,37,2023-11-19 15:45:00-08:00,Blue Table,10,False
11,60967,Lightening Bots,match,1,2023-11-19 09:00:00-08:00,Blue Table,10,True
11,60967,Lightening Bots,match,16,2023-11-19 11:35:00-08:00,Red Table,10,False
11,60967,Lightening Bots,match,26,2023-11-19 13:50:00-08:00,Red Table,10,False
11,60967,Lightening Bots,match,33,2023-11-19 15:05:00-08:00,Blue Table,10,False
11,61603,Wrecker Jaw,match,7,2023-11-19 10:00:00-08:00,Red Table,10,True
11,61603,Wrecker Jaw,match,19,2023-11-19 12:05:00-08:00,Blue Table,10,False
11,61603,Wrecker Jaw,match,27,2023-11-19 14:00:00-08:00,Blue Table,10,False
11,61603,Wrecker Jaw,match,34,2023-11-19 15:15:00-08:00,Red Table,10,False
11,61605,Smash Clan,match,2,2023-11-19 09:10:00-08:00,Blue Table,10,True
11,61605,Smash Clan,match,15,2023-11-19 11:25:00-08:00,Red Table,10,False
11,61605,Smash Clan,match,25,2023-11-19 13:40:00-08:00,Blue Table,10,False
11,61605,Smash Clan,match,33,2023-11-19 15:05:00-08:00,Red Table,10,False
11,61713,brick-o-brainiacs wizards,match,5,2023-11-19 09:40:00-08:00,Blue Table,10,True
11,61713,brick-o-brainiacs wizards,match,11,2023-11-19 10:45:00-08:00,Red Table,10,False
11,61713,brick-o-brainiacs wizards,match,22,2023-11-19 13:10:00-08:00,Blue Table,10,False
11,61713,brick-o-brainiacs wizards,match,40,2023-11-19 16:05:00-08:00,Red Table,10,False
11,61717,Robo Titans,match,5,2023-11-19 09:40:00-08:00,Red Table,10,True
11,61717,Robo Titans,match,13,2023-11-19 11:05:00-08:00,Red Table,10,False
11,61717,Robo Titans,match,23,2023-11-19 13:20:00-08:00,Blue Table,10,False
11,61717,Robo Titans,match,38,2023-11-19 15:55:00-08:00,Blue Table,10,False
11,61998,TechTitans,match,9,2023-11-19 10:20:00-08:00,Blue Table,10,True
11,61998,TechTitans,match,18,2023-11-19 11:55:00-08:00,Blue Table,10,False
11,61998,TechTitans,match,27,2023-11-19 14:00:00-08:00,Red Table,10,False
11,61998,TechTitans,match,35,2023-11-19 15:25:00-08:00,Red Table,10,False
11,62079,San Ramon Thunders,match,4,2023-11-19 09:30:00-08:00,Red Table,10,True
11,62079,San Ramon Thunders,match,11,2023-11-19 10:45:00-08:00,Blue Table,10,False
11,62079,San Ramon Thunders,match,21,2023-11-19 13:00:00-08:00,Blue Table,10,False
11,62079,San Ramon Thunders,match,37,2023-11-19 15:45:00-08:00,Red Table,10,False
12,2713,Pantherbots,match,4,2023-11-12 09:40:00-08:00,Red Table R1,10,True
12,2713,Pantherbots,match,10,2023-11-12 10:40:00-08:00,Red Table R2,10,False
12,2713,Pantherbots,match,26,2023-11-12 14:10:00-08:00,Blue Table B1,10,False
12,2713,Pantherbots,match,31,2023-11-12 15:10:00-08:00,Blue Table B2,10,False
12,4416,Techno Cougars,match,2,2023-11-12 09:25:00-08:00,Red Table R1,10,True
12,4416,Techno Cougars,match,17,2023-11-12 11:40:00-08:00,Red Table R2,10,False
12,4416,Techno Cougars,match,22,2023-11-12 13:35:00-08:00,Blue Table B1,10,False
12,4416,Techno Cougars,match,28,2023-11-12 14:40:00-08:00,Blue Table B2,10,False
12,17494,From Another Planet,match,5,2023-11-12 09:50:00-08:00,Blue Table B1,10,True
12,17494,From Another Planet,match,11,2023-11-12 10:50:00-08:00,Blue Table B2,10,False
12,17494,From Another Planet,match,26,2023-11-12 14:10:00-08:00,Red Table R1,10,False
12,17494,From Another Planet,match,31,2023-11-12 15:10:00-08:00,Red Table R2,10,False
12,18197,SCEME Team,match,7,2023-11-12 10:05:00-08:00,Red Table R2,10,True
12,18197,SCEME Team,match,14,2023-11-12 11:15:00-08:00,Blue Table B1,10,False
12,18197,SCEME Team,match,19,2023-11-12 13:10:00-08:00,Blue Table B2,10,False
12,18197,SCEME Team,match,32,2023-11-12 15:20:00-08:00,Red Table R1,10,False
12,30515,Rockin Robos,match,4,2023-11-12 09:40:00-08:00,Blue Table B2,10,True
12,30515,Rockin Robos,match,10,2023-11-12 10:40:00-08:00,Red Table R1,10,False
12,30515,Rockin Robos,match,26,2023-11-12 14:10:00-08:00,Red Table R2,10,False
12,30515,Rockin Robos,match,30,2023-11-12 15:00:00-08:00,Blue Table B1,10,False
12,32759,Kenneth Glassey,match,1,2023-11-12 09:15:00-08:00,Blue Table B2,10,True
12,32759,Kenneth Glassey,match,16,2023-11-12 11:30:00-08:00,Red Table R1,10,False
12,32759,Kenneth Glassey,match,23,2023-11-12 13:45:00-08:00,Red Table R2,10,False
12,32759,Kenneth Glassey,match,28,2023-11-12 14:40:00-08:00,Blue Table B1,10,False
12,37483,Freckles GPT,match,7,2023-11-12 10:05:00-08:00,Red Table R1,10,True
12,37483,Freckles GPT,match,13,2023-11-12 11:05:00-08:00,Red Table R2,10,False
12,37483,Freckles GPT,match,20,2023-11-12 13:20:00-08:00,Blue Table B1,10,False
12,37483,Freckles GPT,match,33,2023-11-12 15:30:00-08:00,Blue Table B2,10,False
12,50422,DragonBots,match,2,2023-11-12 09:25:00-08:00,Blue Table B1,10,True
12,50422,DragonBots,match,17,2023-11-12 11:40:00-08:00,Blue Table B2,10,False
12,50422,DragonBots,match,23,2023-11-12 13:45:00-08:00,Red Table R1,10,False
12,50422,DragonBots,match,29,2023-11-12 14:50:00-08:00,Red Table R2,10,False
12,52286,Tornado,match,8,2023-11-12 10:15:00-08:00,Blue Table B2,10,True
12,52286,Tornado,match,14,2023-11-12 11:15:00-08:00,Red Table R1,10,False
12,52286,Tornado,match,19,2023-11-12 13:10:00-08:00,Red Table R2,10,False
12,52286,Tornado,match,33,2023-11-12 15:30:00-08:00,Blue Table B1,10,False
12,55976,Megamind Mechanics,match,7,2023-11-12 10:05:00-08:00,Blue Table B1,10,True
12,55976,Megamind Mechanics,match,13,2023-11-12 11:05:00-08:00,Blue Table B2,10,False
12,55976,Megamind Mechanics,match,19,2023-11-12 13:10:00-08:00,Red Table R1,10,False
12,55976,Megamind Mechanics,match,32,2023-11-12 15:20:00-08:00,Red Table R2,10,False
12,56793,BCS Blue Team,match,5,2023-11-12 09:50:00-08:00,Red Table R1,10,True
12,56793,BCS Blue Team,match,11,2023-11-12 10:50:00-08:00,Red Table R2,10,False
12,56793,BCS Blue Team,match,25,2023-11-12 14:00:00-08:00,Blue Table B1,10,False
12,56793,BCS Blue Team,match,30,2023-11-12 15:00:00-08:00,Blue Table B2,10,False
12,57285,Mighty Minds,match,2,2023-11-12 09:25:00-08:00,Blue Table B2,10,True
12,57285,Mighty Minds,match,17,2023-11-12 11:40:00-08:00,Red Table R1,10,False
12,57285,Mighty Minds,match,22,2023-11-12 13:35:00-08:00,Red Table R2,10,False
12,57285,Mighty Minds,match,29,2023-11-12 14:50:00-08:00,Blue Table B1,10,False
12,57382,RoboRise,match,4,2023-11-12 09:40:00-08:00,Blue Table B1,10,True
12,57382,RoboRise,match,10,2023-11-12 10:40:00-08:00,Blue Table B2,10,False
12,57382,RoboRise,match,25,2023-11-12 14:00:00-08:00,Red Table R1,10,False
12,57382,RoboRise,match,30,2023-11-12 15:00:00-08:00,Red Table R2,10,False
12,57570,FremontSupernovas,match,4,2023-11-12 09:40:00-08:00,Red Table R2,10,True
12,57570,FremontSupernovas,match,11,2023-11-12 10:50:00-08:00,Blue Table B1,10,False
12,57570,FremontSupernovas,match,25,2023-11-12 14:00:00-08:00,Blue Table B2,10,False
12,57570,FremontSupernovas,match,30,2023-11-12 15:00:00-08:00,Red Table R1,10,False
12,57600,Delta Rovers,match,5,2023-11-12 09:50:00-08:00,Blue Table B2,10,True
12,57600,Delta Rovers,match,11,2023-11-12 10:50:00-08:00,Red Table R1,10,False
12,57600,Delta Rovers,match,25,2023-11-12 14:00:00-08:00,Red Table R2,10,False
12,57600,Delta Rovers,match,31,2023-11-12 15:10:00-08:00,Blue Table B1,10,False
12,57977,Rockhead Robotics,match,1,2023-11-12 09:15:00-08:00,Red Table R1,10,True
12,57977,Rockhead Robotics,match,16,2023-11-12 11:30:00-08:00,Red Table R2,10,False
12,57977,Rockhead Robotics,match,23,2023-11-12 13:45:00-08:00,Blue Table B1,10,False
12,57977,Rockhead Robotics,match,29,2023-11-12 14:50:00-08:00,Blue Table B2,10,False
12,59725,Pokemon,match,2,2023-11-12 09:25:00-08:00,Red Table R2,10,True
12,59725,Pokemon,match,16,2023-11-12 11:30:00-08:00,Blue Table B1,10,False
12,59725,Pokemon,match,23,2023-11-12 13:45:00-08:00,Blue Table B2,10,False
12,59725,Pokemon,match,29,2023-11-12 14:50:00-08:00,Red Table R1,10,False
12,60320,Hepha,match,7,2023-11-12 10:05:00-08:00,Blue Table B2,10,True
12,60320,Hepha,match,13,2023-11-12 11:05:00-08:00,Red Table R1,10,False
12,60320,Hepha,match,20,2023-11-12 13:20:00-08:00,Red Table R2,10,False
12,60320,Hepha,match,32,2023-11-12 15:20:00-08:00,Blue Table B1,10,False
12,60418,Hedgedroid,match,8,2023-11-12 10:15:00-08:00,Blue Table B1,10,True
12,60418,Hedgedroid,match,14,2023-11-12 11:15:00-08:00,Blue Table B2,10,False
12,60418,Hedgedroid,match,20,2023-11-12 13:20:00-08:00,Red Table R1,10,False
12,60418,Hedgedroid,match,33,2023-11-12 15:30:00-08:00,Red Table R2,10,False
12,60537,Mecha Masters,match,8,2023-11-12 10:15:00-08:00,Red Table R2,10,True
12,60537,Mecha Masters,match,13,2023-11-12 11:05:00-08:00,Blue Table B1,10,False
12,60537,Mecha Masters,match,20,2023-11-12 13:20:00-08:00,Blue Table B2,10,False
12,60537,Mecha Masters,match,33,2023-11-12 15:30:00-08:00,Red Table R1,10,False
12,61119,Futuristic Felines,match,1,2023-11-12 09:15:00-08:00,Red Table R2,10,True
12,61119,Futuristic Felines,match,17,2023-11-12 11:40:00-08:00,Blue Table B1,10,False
12,61119,Futuristic Felines,match,22,2023-11-12 13:35:00-08:00,Blue Table B2,10,False
12,61119,Futuristic Felines,match,28,2023-11-12 14:40:00-08:00,Red Table R1,10,False
12,61153,Apollo 13 Wolves,match,1,2023-11-12 09:15:00-08:00,Blue Table B1,10,True
12,61153,Apollo 13 Wolves,match,16,2023-11-12 11:30:00-08:00,Blue Table B2,10,False
12,61153,Apollo 13 Wolves,match,22,2023-11-12 13:35:00-08:00,Red Table R1,10,False
12,61153,Apollo 13 Wolves,match,28,2023-11-12 14:40:00-08:00,Red Table R2,10,False
12,61185,Piece Masters,match,8,2023-11-12 10:15:00-08:00,Red Table R1,10,True
12,61185,Piece Masters,match,14,2023-11-12 11:15:00-08:00,Red Table R2,10,False
12,61185,Piece Masters,match,19,2023-11-12 13:10:00-08:00,Blue Table B1,10,False
12,61185,Piece Masters,match,32,2023-11-12 15:20:00-08:00,Blue Table B2,10,False
12,61610,Van Gopher,match,5,2023-11-12 09:50:00-08:00,Red Table R2,10,True
12,61610,Van Gopher,match,10,2023-11-12 10:40:00-08:00,Blue Table B1,10,False
12,61610,Van Gopher,match,26,2023-11-12 14:10:00-08:00,Blue Table B2,10,False
12,61610,Van Gopher,match,31,2023-11-12 15:10:00-08:00,Red Table R1,10,False
14,2848,S.H.R.E.K.,match,4,2023-11-04 09:40:00-07:00,Blue Table B2,10,True
14,2848,S.H.R.E.K.,match,10,2023-11-04 10:40:00-07:00,Red Table R1,10,False
14,2848,S.H.R.E.K.,match,26,2023-11-04 14:10:00-07:00,Red Table R2,10,False
14,2848,S.H.R.E.K.,match,30,2023-11-04 15:00:00-07:00,Blue Table B1,10,False
14,5254,Golden Surfers,match,2,2023-11-04 09:25:00-07:00,Red Table R1,10,True
14,5254,Golden Surfers,match,17,2023-11-04 11:40:00-07:00,Red Table R2,10,False
14,5254,Golden Surfers,match,22,2023-11-04 13:35:00-07:00,Blue Table B1,10,False
14,5254,Golden Surfers,match,28,2023-11-04 14:40:00-07:00,Blue Table B2,10,False
14,7434,Pikachu Power Plant,match,4,2023-11-04 09:40:00-07:00,Red Table R2,10,True
14,7434,Pikachu Power Plant,match,11,2023-11-04 10:50:00-07:00,Blue Table B1,10,False
14,7434,Pikachu Power Plant,match,25,2023-11-04 14:00:00-07:00,Blue Table B2,10,False
14,7434,Pikachu Power Plant,match,30,2023-11-04 15:00:00-07:00,Red Table R1,10,False
14,37486,Cyber Kings,match,8,2023-11-04 10:15:00-07:00,Red Table R1,10,True
14,37486,Cyber Kings,match,14,2023-11-04 11:15:00-07:00,Red Table R2,10,False
14,37486,Cyber Kings,match,19,2023-11-04 13:10:00-07:00,Blue Table B1,10,False
14,37486,Cyber Kings,match,32,2023-11-04 15:20:00-07:00,Blue Table B2,10,False
14,51047,NETHER BOTS 20,match,2,2023-11-04 09:25:00-07:00,Blue Table B2,10,True
14,51047,NETHER BOTS 20,match,17,2023-11-04 11:40:00-07:00,Red Table R1,10,False
14,51047,NETHER BOTS 20,match,22,2023-11-04 13:35:00-07:00,Red Table R2,10,False
14,51047,NETHER BOTS 20,match,29,2023-11-04 14:50:00-07:00,Blue Table B1,10,False
14,51168,The Warriors,match,4,2023-11-04 09:40:00-07:00,Red Table R1,10,True
14,51168,The Warriors,match,10,2023-11-04 10:40:00-07:00,Red Table R2,10,False
14,51168,The Warriors,match,26,2023-11-04 14:10:00-07:00,Blue Table B1,10,False
14,51168,The Warriors,match,31,2023-11-04 15:10:00-07:00,Blue Table B2,10,False
14,52306,Infinite AI,match,8,2023-11-04 10:15:00-07:00,Red Table R2,10,True
14,52306,Infinite AI,match,13,2023-11-04 11:05:00-07:00,Blue Table B1,10,False
14,52306,Infinite AI,match,20,2023-11-04 13:20:00-07:00,Blue Table B2,10,False
14,52306,Infinite AI,match,33,2023-11-04 15:30:00-07:00,Red Table R1,10,False
14,52481,Vision,match,1,2023-11-04 09:15:00-07:00,Red Table R1,10,True
14,52481,Vision,match,16,2023-11-04 11:30:00-07:00,Red Table R2,10,False
14,52481,Vision,match,23,2023-11-04 13:45:00-07:00,Blue Table B1,10,False
14,52481,Vision,match,29,2023-11-04 14:50:00-07:00,Blue Table B2,10,False
14,52522,Coding-Arsenals,match,7,2023-11-04 10:05:00-07:00,Red Table R1,10,True
14,52522,Coding-Arsenals,match,13,2023-11-04 11:05:00-07:00,Red Table R2,10,False
14,52522,Coding-Arsenals,match,20,2023-11-04 13:20:00-07:00,Blue Table B1,10,False
14,52522,Coding-Arsenals,match,33,2023-11-04 15:30:00-07:00,Blue Table B2,10,False
14,56339,Electric Sources,match,4,2023-11-04 09:40:00-07:00,Blue Table B1,10,True
14,56339,Electric Sources,match,10,2023-11-04 10:40:00-07:00,Blue Table B2,10,False
14,56339,Electric Sources,match,25,2023-11-04 14:00:00-07:00,Red Table R1,10,False
14,56339,Electric Sources,match,30,2023-11-04 15:00:00-07:00,Red Table R2,10,False
14,56747,MillikinBots,match,8,2023-11-04 10:15:00-07:00,Blue Table B1,10,True
14,56747,MillikinBots,match,14,2023-11-04 11:15:00-07:00,Blue Table B2,10,False
14,56747,MillikinBots,match,20,2023-11-04 13:20:00-07:00,Red Table R1,10,False
14,56747,MillikinBots,match,33,2023-11-04 15:30:00-07:00,Red Table R2,10,False
14,58305,RoboWarriors,match,2,2023-11-04 09:25:00-07:00,Blue Table B1,10,True
14,58305,RoboWarriors,match,17,2023-11-04 11:40:00-07:00,Blue Table B2,10,False
14,58305,RoboWarriors,match,23,2023-11-04 13:45:00-07:00,Red Table R1,10,False
14,58305,RoboWarriors,match,29,2023-11-04 14:50:00-07:00,Red Table R2,10,False
14,60291,Lightning Lego Legends,match,1,2023-11-04 09:15:00-07:00,Blue Table B1,10,True
14,60291,Lightning Lego Legends,match,16,2023-11-04 11:30:00-07:00,Blue Table B2,10,False
14,60291,Lightning Lego Legends,match,22,2023-11-04 13:35:00-07:00,Red Table R1,10,False
14,60291,Lightning Lego Legends,match,28,2023-11-04 14:40:00-07:00,Red Table R2,10,False
14,60433,Dragon Monkeys,match,1,2023-11-04 09:15:00-07:00,Blue Table B2,10,True
14,60433,Dragon Monkeys,match,16,2023-11-04 11:30:00-07:00,Red Table R1,10,False
14,60433,Dragon Monkeys,match,23,2023-11-04 13:45:00-07:00,Red Table R2,10,False
14,60433,Dragon Monkeys,match,28,2023-11-04 14:40:00-07:00,Blue Table B1,10,False
14,60502,Codebreakerz,match,5,2023-11-04 09:50:00-07:00,Red Table R2,10,True
14,60502,Codebreakerz,match,10,2023-11-04 10:40:00-07:00,Blue Table B1,10,False
14,60502,Codebreakerz,match,26,2023-11-04 14:10:00-07:00,Blue Table B2,10,False
14,60502,Codebreakerz,match,31,2023-11-04 15:10:00-07:00,Red Table R1,10,False
14,60533,Artify,match,7,2023-11-04 10:05:00-07:00,Red Table R2,10,True
14,60533,Artify,match,14,2023-11-04 11:15:00-07:00,Blue Table B1,10,False
14,60533,Artify,match,19,2023-11-04 13:10:00-07:00,Blue Table B2,10,False
14,60533,Artify,match,32,2023-11-04 15:20:00-07:00,Red Table R1,10,False
14,60684,TheArcticPack,match,7,2023-11-04 10:05:00-07:00,Blue Table B2,10,True
14,60684,TheArcticPack,match,13,2023-11-04 11:05:00-07:00,Red Table R1,10,False
14,60684,TheArcticPack,match,20,2023-11-04 13:20:00-07:00,Red Table R2,10,False
14,60684,TheArcticPack,match,32,2023-11-04 15:20:00-07:00,Blue Table B1,10,False
14,60727,Cyber Soldiers,match,7,2023-11-04 10:05:00-07:00,Blue Table B1,10,True
14,60727,Cyber Soldiers,match,13,2023-11-04 11:05:00-07:00,Blue Table B2,10,False
14,60727,Cyber Soldiers,match,19,2023-11-04 13:10:00-07:00,Red Table R1,10,False
14,60727,Cyber Soldiers,match,32,2023-11-04 15:20:00-07:00,Red Table R2,10,False
14,60787,Shelby,match,5,2023-11-04 09:50:00-07:00,Blue Table B2,10,True
14,60787,Shelby,match,11,2023-11-04 10:50:00-07:00,Red Table R1,10,False
14,60787,Shelby,match,25,2023-11-04 14:00:00-07:00,Red Table R2,10,False
14,60787,Shelby,match,31,2023-11-04 15:10:00-07:00,Blue Table B1,10,False
14,61597,Split Bot,match,5,2023-11-04 09:50:00-07:00,Blue Table B1,10,True
14,61597,Split Bot,match,11,2023-11-04 10:50:00-07:00,Blue Table B2,10,False
14,61597,Split Bot,match,26,2023-11-04 14:10:00-07:00,Red Table R1,10,False
14,61597,Split Bot,match,31,2023-11-04 15:10:00-07:00,Red Table R2,10,False
14,61708,Squirtle,match,5,2023-11-04 09:50:00-07:00,Red Table R1,10,True
14,61708,Squirtle,match,11,2023-11-04 10:50:00-07:00,Red Table R2,10,False
14,61708,Squirtle,match,25,2023-11-04 14:00:00-07:00,Blue Table B1,10,False
14,61708,Squirtle,match,30,2023-11-04 15:00:00-07:00,Blue Table B2,10,False
14,61769,Flaming Phoenixes,match,8,2023-11-04 10:15:00-07:00,Blue Table B2,10,True
14,61769,Flaming Phoenixes,match,14,2023-11-04 11:15:00-07:00,Red Table R1,10,False
14,61769,Flaming Phoenixes,match,19,2023-11-04 13:10:00-07:00,Red Table R2,10,False
14,61769,Flaming Phoenixes,match,33,2023-11-04 15:30:00-07:00,Blue Table B1,10,False
14,61949,ULTRAVIOLET,match,1,2023-11-04 09:15:00-07:00,Red Table R2,10,True
14,61949,ULTRAVIOLET,match,17,2023-11-04 11:40:00-07:00,Blue Table B1,10,False
14,61949,ULTRAVIOLET,match,22,2023-11-04 13:35:00-07:00,Blue Table B2,10,False
14,61949,ULTRAVIOLET,match,28,2023-11-04 14:40:00-07:00,Red Table R1,10,False
14,62308,Funky Potatoes,match,2,2023-11-04 09:25:00-07:00,Red Table R2,10,True
14,62308,Funky Potatoes,match,16,2023-11-04 11:30:00-07:00,Blue Table B1,10,False
14,62308,Funky Potatoes,match,23,2023-11-04 13:45:00-07:00,Blue Table B2,10,False
14,62308,Funky Potatoes,match,29,2023-11-04 14:50:00-07:00,Red Table R1,10,False
15,2847,Crescendo Coders,match,6,2023-11-11 09:50:00-08:00,Red Table,10,True
15,2847,Crescendo Coders,match,13,2023-11-11 11:05:00-08:00,Blue Table,10,False
15,2847,Crescendo Coders,match,22,2023-11-11 13:10:00-08:00,Red Table,10,False
15,2847,Crescendo Coders,match,37,2023-11-11 15:45:00-08:00,Blue Table,10,False
15,4978,Maroon Five,match,7,2023-11-11 10:00:00-08:00,Red Table,10,True
15,4978,Maroon Five,match,19,2023-11-11 12:05:00-08:00,Blue Table,10,False
15,4978,Maroon Five,match,27,2023-11-11 14:00:00-08:00,Blue Table,10,False
15,4978,Maroon Five,match,34,2023-11-11 15:15:00-08:00,Red Table,10,False
15,8278,Titanium Turtles,match,2,2023-11-11 09:10:00-08:00,Red Table,10,True
15,8278,Titanium Turtles,match,17,2023-11-11 11:45:00-08:00,Red Table,10,False
15,8278,Titanium Turtles,match,26,2023-11-11 13:50:00-08:00,Blue Table,10,False
15,8278,Titanium Turtles,match,32,2023-11-11 14:55:00-08:00,Blue Table,10,False
15,8347,Brickaroos,match,5,2023-11-11 09:40:00-08:00,Red Table,10,True
15,8347,Brickaroos,match,13,2023-11-11 11:05:00-08:00,Red Table,10,False
15,8347,Brickaroos,match,23,2023-11-11 13:20:00-08:00,Blue Table,10,False
15,8347,Brickaroos,match,38,2023-11-11 15:55:00-08:00,Blue Table,10,False
15,8445,Ultra Mega Technologies,match,1,2023-11-11 09:00:00-08:00,Red Table,10,True
15,8445,Ultra Mega Technologies,match,15,2023-11-11 11:25:00-08:00,Blue Table,10,False
15,8445,Ultra Mega Technologies,match,24,2023-11-11 13:30:00-08:00,Blue Table,10,False
15,8445,Ultra Mega Technologies,match,31,2023-11-11 14:45:00-08:00,Red Table,10,False
15,8743,Challenge - Team 4 Rewired,match,2,2023-11-11 09:10:00-08:00,Blue Table,10,True
15,8743,Challenge - Team 4 Rewired,match,15,2023-11-11 11:25:00-08:00,Red Table,10,False
15,8743,Challenge - Team 4 Rewired,match,25,2023-11-11 13:40:00-08:00,Blue Table,10,False
15,8743,Challenge - Team 4 Rewired,match,33,2023-11-11 15:05:00-08:00,Red Table,10,False
15,9726,Kenneth Glassey,match,9,2023-11-11 10:20:00-08:00,Red Table,10,True
15,9726,Kenneth Glassey,match,14,2023-11-11 11:15:00-08:00,Blue Table,10,False
15,9726,Kenneth Glassey,match,28,2023-11-11 14:10:00-08:00,Red Table,10,False
15,9726,Kenneth Glassey,match,34,2023-11-11 15:15:00-08:00,Blue Table,10,False
15,17493,Krafty Kids,match,5,2023-11-11 09:40:00-08:00,Blue Table,10,True
15,17493,Krafty Kids,match,11,2023-11-11 10:45:00-08:00,Red Table,10,False
15,17493,Krafty Kids,match,22,2023-11-11 13:10:00-08:00,Blue Table,10,False
15,17493,Krafty Kids,match,40,2023-11-11 16:05:00-08:00,Red Table,10,False
15,51054,Techno Masters,match,7,2023-11-11 10:00:00-08:00,Blue Table,10,True
15,51054,Techno Masters,match,18,2023-11-11 11:55:00-08:00,Red Table,10,False
15,51054,Techno Masters,match,29,2023-11-11 14:20:00-08:00,Red Table,10,False
15,51054,Techno Masters,match,36,2023-11-11 15:35:00-08:00,Blue Table,10,False
15,53086,Discovery Eagles,match,9,2023-11-11 10:20:00-08:00,Blue Table,10,True
15,53086,Discovery Eagles,match,18,2023-11-11 11:55:00-08:00,Blue Table,10,False
15,53086,Discovery Eagles,match,27,2023-11-11 14:00:00-08:00,Red Table,10,False
15,53086,Discovery Eagles,match,35,2023-11-11 15:25:00-08:00,Red Table,10,False
15,53140,Van Gophers,match,8,2023-11-11 10:10:00-08:00,Blue Table,10,True
15,53140,Van Gophers,match,19,2023-11-11 12:05:00-08:00,Red Table,10,False
15,53140,Van Gophers,match,28,2023-11-11 14:10:00-08:00,Blue Table,10,False
15,53140,Van Gophers,match,36,2023-11-11 15:35:00-08:00,Red Table,10,False
15,53278,Magnetronics,match,6,2023-11-11 09:50:00-08:00,Blue Table,10,True
15,53278,Magnetronics,match,12,2023-11-11 10:55:00-08:00,Blue Table,10,False
15,53278,Magnetronics,match,21,2023-11-11 13:00:00-08:00,Red Table,10,False
15,53278,Magnetronics,match,38,2023-11-11 15:55:00-08:00,Red Table,10,False
15,59926,TechnoDragonz,match,3,2023-11-11 09:20:00-08:00,Red Table,10,True
15,59926,TechnoDragonz,match,17,2023-11-11 11:45:00-08:00,Blue Table,10,False
15,59926,TechnoDragonz,match,25,2023-11-11 13:40:00-08:00,Red Table,10,False
15,59926,TechnoDragonz,match,31,2023-11-11 14:45:00-08:00,Blue Table,10,False
15,60683,TechStrikePrecision,match,3,2023-11-11 09:20:00-08:00,Blue Table,10,True
15,60683,TechStrikePrecision,match,16,2023-11-11 11:35:00-08:00,Blue Table,10,False
15,60683,TechStrikePrecision,match,24,2023-11-11 13:30:00-08:00,Red Table,10,False
15,60683,TechStrikePrecision,match,32,2023-11-11 14:55:00-08:00,Red Table,10,False
15,60868,iBots,match,8,2023-11-11 10:10:00-08:00,Red Table,10,True
15,60868,iBots,match,14,2023-11-11 11:15:00-08:00,Red Table,10,False
15,60868,iBots,match,29,2023-11-11 14:20:00-08:00,Blue Table,10,False
15,60868,iBots,match,35,2023-11-11 15:25:00-08:00,Blue Table,10,False
15,61167,Foothill 2023B,match,4,2023-11-11 09:30:00-08:00,Red Table,10,True
15,61167,Foothill 2023B,match,11,2023-11-11 10:45:00-08:00,Blue Table,10,False
15,61167,Foothill 2023B,match,21,2023-11-11 13:00:00-08:00,Blue Table,10,False
15,61167,Foothill 2023B,match,37,2023-11-11 15:45:00-08:00,Red Table,10,False
15,61387,CCL,match,4,2023-11-11 09:30:00-08:00,Blue Table,10,True
15,61387,CCL,match,12,2023-11-11 10:55:00-08:00,Red Table,10,False
15,61387,CCL,match,23,2023-11-11 13:20:00-08:00,Red Table,10,False
15,61387,CCL,match,40,2023-11-11 16:05:00-08:00,Blue Table,10,False
15,61602,Hacksaw Siesta,match,1,2023-11-11 09:00:00-08:00,Blue Table,10,True
15,61602,Hacksaw Siesta,match,16,2023-11-11 11:35:00-08:00,Red Table,10,False
15,61602,Hacksaw Siesta,match,26,2023-11-11 13:50:00-08:00,Red Table,10,False
15,61602,Hacksaw Siesta,match,33,2023-11-11 15:05:00-08:00,Blue Table,10,False
16,445,Matsuyama RoboPines,match,1,2023-11-12 09:15:00-08:00,Blue Table B2,10,True
16,445,Matsuyama RoboPines,match,16,2023-11-12 11:30:00-08:00,Red Table R1,10,False
16,445,Matsuyama RoboPines,match,23,2023-11-12 13:45:00-08:00,Red Table R2,10,False
16,445,Matsuyama RoboPines,match,28,2023-11-12 14:40:00-08:00,Blue Table B1,10,False
16,877,Code Crashers,match,4,2023-11-12 09:40:00-08:00,Blue Table B1,10,True
16,877,Code Crashers,match,10,2023-11-12 10:40:00-08:00,Blue Table B2,10,False
16,877,Code Crashers,match,25,2023-11-12 14:00:00-08:00,Red Table R1,10,False
16,877,Code Crashers,match,30,2023-11-12 15:00:00-08:00,Red Table R2,10,False
16,4506,Techno Cavs,match,7,2023-11-12 10:05:00-08:00,Blue Table B1,10,True
16,4506,Techno Cavs,match,13,2023-11-12 11:05:00-08:00,Blue Table B2,10,False
16,4506,Techno Cavs,match,19,2023-11-12 13:10:00-08:00,Red Table R1,10,False
16,4506,Techno Cavs,match,32,2023-11-12 15:20:00-08:00,Red Table R2,10,False
16,19169,The Notre Dame Fighting iBots - GOLD,match,5,2023-11-12 09:50:00-08:00,Red Table R2,10,True
16,19169,The Notre Dame Fighting iBots - GOLD,match,10,2023-11-12 10:40:00-08:00,Blue Table B1,10,False
16,19169,The Notre Dame Fighting iBots - GOLD,match,26,2023-11-12 14:10:00-08:00,Blue Table B2,10,False
16,19169,The Notre Dame Fighting iBots - GOLD,match,31,2023-11-12 15:10:00-08:00,Red Table R1,10,False
16,30509,The Notre Dame Fighting iBots - GREEN,match,1,2023-11-12 09:15:00-08:00,Blue Table B1,10,True
16,30509,The Notre Dame Fighting iBots - GREEN,match,16,2023-11-12 11:30:00-08:00,Blue Table B2,10,False
16,30509,The Notre Dame Fighting iBots - GREEN,match,22,2023-11-12 13:35:00-08:00,Red Table R1,10,False
16,30509,The Notre Dame Fighting iBots - GREEN,match,28,2023-11-12 14:40:00-08:00,Red Table R2,10,False
16,38103,Astrobots,match,4,2023-11-12 09:40:00-08:00,Red Table R2,10,True
16,38103,Astrobots,match,11,2023-11-12 10:50:00-08:00,Blue Table B1,10,False
16,38103,Astrobots,match,25,2023-11-12 14:00:00-08:00,Blue Table B2,10,False
16,38103,Astrobots,match,30,2023-11-12 15:00:00-08:00,Red Table R1,10,False
16,48793,Mountain House,match,8,2023-11-12 10:15:00-08:00,Red Table R1,10,True
16,48793,Mountain House,match,14,2023-11-12 11:15:00-08:00,Red Table R2,10,False
16,48793,Mountain House,match,19,2023-11-12 13:10:00-08:00,Blue Table B1,10,False
16,48793,Mountain House,match,32,2023-11-12 15:20:00-08:00,Blue Table B2,10,False
16,51057,ROCKING ROBOTS,match,5,2023-11-12 09:50:00-08:00,Red Table R1,10,True
16,51057,ROCKING ROBOTS,match,11,2023-11-12 10:50:00-08:00,Red Table R2,10,False
16,51057,ROCKING ROBOTS,match,25,2023-11-12 14:00:00-08:00,Blue Table B1,10,False
16,51057,ROCKING ROBOTS,match,30,2023-11-12 15:00:00-08:00,Blue Table B2,10,False
16,52427,Circuit Squad,match,1,2023-11-12 09:15:00-08:00,Red Table R2,10,True
16,52427,Circuit Squad,match,17,2023-11-12 11:40:00-08:00,Blue Table B1,10,False
16,52427,Circuit Squad,match,22,2023-11-12 13:35:00-08:00,Blue Table B2,10,False
16,52427,Circuit Squad,match,28,2023-11-12 14:40:00-08:00,Red Table R1,10,False
16,52597,Flaming Stars,match,8,2023-11-12 10:15:00-08:00,Red Table R2,10,True
16,52597,Flaming Stars,match,13,2023-11-12 11:05:00-08:00,Blue Table B1,10,False
16,52597,Flaming Stars,match,20,2023-11-12 13:20:00-08:00,Blue Table B2,10,False
16,52597,Flaming Stars,match,33,2023-11-12 15:30:00-08:00,Red Table R1,10,False
16,53150,DigiTech,match,7,2023-11-12 10:05:00-08:00,Red Table R2,10,True
16,53150,DigiTech,match,14,2023-11-12 11:15:00-08:00,Blue Table B1,10,False
16,53150,DigiTech,match,19,2023-11-12 13:10:00-08:00,Blue Table B2,10,False
16,53150,DigiTech,match,32,2023-11-12 15:20:00-08:00,Red Table R1,10,False
16,53291,Mad Olive,match,7,2023-11-12 10:05:00-08:00,Red Table R1,10,True
16,53291,Mad Olive,match,13,2023-11-12 11:05:00-08:00,Red Table R2,10,False
16,53291,Mad Olive,match,20,2023-11-12 13:20:00-08:00,Blue Table B1,10,False
16,53291,Mad Olive,match,33,2023-11-12 15:30:00-08:00,Blue Table B2,10,False
16,55917,Dragon Dudes,match,4,2023-11-12 09:40:00-08:00,Red Table R1,10,True
16,55917,Dragon Dudes,match,10,2023-11-12 10:40:00-08:00,Red Table R2,10,False
16,55917,Dragon Dudes,match,26,2023-11-12 14:10:00-08:00,Blue Table B1,10,False
16,55917,Dragon Dudes,match,31,2023-11-12 15:10:00-08:00,Blue Table B2,10,False
16,55959,Shrek's Friends,match,8,2023-11-12 10:15:00-08:00,Blue Table B1,10,True
16,55959,Shrek's Friends,match,14,2023-11-12 11:15:00-08:00,Blue Table B2,10,False
16,55959,Shrek's Friends,match,20,2023-11-12 13:20:00-08:00,Red Table R1,10,False
16,55959,Shrek's Friends,match,33,2023-11-12 15:30:00-08:00,Red Table R2,10,False
16,58380,Lego Masters1,match,2,2023-11-12 09:25:00-08:00,Red Table R1,10,True
16,58380,Lego Masters1,match,17,2023-11-12 11:40:00-08:00,Red Table R2,10,False
16,58380,Lego Masters1,match,22,2023-11-12 13:35:00-08:00,Blue Table B1,10,False
16,58380,Lego Masters1,match,28,2023-11-12 14:40:00-08:00,Blue Table B2,10,False
16,59922,Baxter's Builders,match,4,2023-11-12 09:40:00-08:00,Blue Table B2,10,True
16,59922,Baxter's Builders,match,10,2023-11-12 10:40:00-08:00,Red Table R1,10,False
16,59922,Baxter's Builders,match,26,2023-11-12 14:10:00-08:00,Red Table R2,10,False
16,59922,Baxter's Builders,match,30,2023-11-12 15:00:00-08:00,Blue Table B1,10,False
16,60340,RoBobcats,match,2,2023-11-12 09:25:00-08:00,Blue Table B1,10,True
16,60340,RoBobcats,match,17,2023-11-12 11:40:00-08:00,Blue Table B2,10,False
16,60340,RoBobcats,match,23,2023-11-12 13:45:00-08:00,Red Table R1,10,False
16,60340,RoBobcats,match,29,2023-11-12 14:50:00-08:00,Red Table R2,10,False
16,60507,Prime,match,5,2023-11-12 09:50:00-08:00,Blue Table B2,10,True
16,60507,Prime,match,11,2023-11-12 10:50:00-08:00,Red Table R1,10,False
16,60507,Prime,match,25,2023-11-12 14:00:00-08:00,Red Table R2,10,False
16,60507,Prime,match,31,2023-11-12 15:10:00-08:00,Blue Table B1,10,False
16,60759,Sushi Rolls Roll Out,match,7,2023-11-12 10:05:00-08:00,Blue Table B2,10,True
16,60759,Sushi Rolls Roll Out,match,13,2023-11-12 11:05:00-08:00,Red Table R1,10,False
16,60759,Sushi Rolls Roll Out,match,20,2023-11-12 13:20:00-08:00,Red Table R2,10,False
16,60759,Sushi Rolls Roll Out,match,32,2023-11-12 15:20:00-08:00,Blue Table B1,10,False
16,60923,Artesan,match,5,2023-11-12 09:50:00-08:00,Blue Table B1,10,True
16,60923,Artesan,match,11,2023-11-12 10:50:00-08:00,Blue Table B2,10,False
16,60923,Artesan,match,26,2023-11-12 14:10:00-08:00,Red Table R1,10,False
16,60923,Artesan,match,31,2023-11-12 15:10:00-08:00,Red Table R2,10,False
16,60996,VortexMasterminds,match,2,2023-11-12 09:25:00-08:00,Blue Table B2,10,True
16,60996,VortexMasterminds,match,17,2023-11-12 11:40:00-08:00,Red Table R1,10,False
16,60996,VortexMasterminds,match,22,2023-11-12 13:35:00-08:00,Red Table R2,10,False
16,60996,VortexMasterminds,match,29,2023-11-12 14:50:00-08:00,Blue Table B1,10,False
16,61776,Tech Ninja,match,2,2023-11-12 09:25:00-08:00,Red Table R2,10,True
16,61776,Tech Ninja,match,16,2023-11-12 11:30:00-08:00,Blue Table B1,10,False
16,61776,Tech Ninja,match,23,2023-11-12 13:45:00-08:00,Blue Table B2,10,False
16,61776,Tech Ninja,match,29,2023-11-12 14:50:00-08:00,Red Table R1,10,False
16,62274,The Van Goes,match,8,2023-11-12 10:15:00-08:00,Blue Table B2,10,True
16,62274,The Van Goes,match,14,2023-11-12 11:15:00-08:00,Red Table R1,10,False
16,62274,The Van Goes,match,19,2023-11-12 13:10:00-08:00,Red Table R2,10,False
16,62274,The Van Goes,match,33,2023-11-12 15:30:00-08:00,Blue Table B1,10,False
16,62380,Astro,match,1,2023-11-12 09:15:00-08:00,Red Table R1,10,True
16,62380,Astro,match,16,2023-11-12 11:30:00-08:00,Red Table R2,10,False
16,62380,Astro,match,23,2023-11-12 13:45:00-08:00,Blue Table B1,10,False
16,62380,Astro,match,29,2023-11-12 14:50:00-08:00,Blue Table B2,10,False
17,54970,Blaze,match,4,2023-11-18 09:45:00-08:00,Blue Table,15,True
17,54970,Blaze,match,9,2023-11-18 11:05:00-08:00,Red Table,15,False
17,54970,Blaze,match,16,2023-11-18 13:15:00-08:00,Red Table,15,False
17,54970,Blaze,match,27,2023-11-18 15:40:00-08:00,Blue Table,10,False
17,60280,The Hackers,match,1,2023-11-18 09:00:00-08:00,Red Table,15,True
17,60280,The Hackers,match,11,2023-11-18 11:35:00-08:00,Blue Table,15,False
17,60280,The Hackers,match,17,2023-11-18 13:30:00-08:00,Blue Table,15,False
17,60280,The Hackers,match,22,2023-11-18 14:50:00-08:00,Red Table,10,False
17,60956,The henny pennys,match,5,2023-11-18 10:00:00-08:00,Red Table,15,True
17,60956,The henny pennys,match,10,2023-11-18 11:20:00-08:00,Blue Table,15,False
17,60956,The henny pennys,match,15,2023-11-18 13:00:00-08:00,Red Table,15,False
17,60956,The henny pennys,match,25,2023-11-18 15:20:00-08:00,Blue Table,10,False
17,60987,RoboFish,match,3,2023-11-18 09:30:00-08:00,Red Table,15,True
17,60987,RoboFish,match,13,2023-11-18 12:05:00-08:00,Red Table,15,False
17,60987,RoboFish,match,19,2023-11-18 14:00:00-08:00,Blue Table,15,False
17,60987,RoboFish,match,23,2023-11-18 15:00:00-08:00,Blue Table,10,False
17,61116,Spike Builders,match,1,2023-11-18 09:00:00-08:00,Blue Table,15,True
17,61116,Spike Builders,match,12,2023-11-18 11:50:00-08:00,Red Table,15,False
17,61116,Spike Builders,match,19,2023-11-18 14:00:00-08:00,Red Table,15,False
17,61116,Spike Builders,match,24,2023-11-18 15:10:00-08:00,Blue Table,10,False
17,61138,Golden Musicians,match,2,2023-11-18 09:15:00-08:00,Red Table,15,True
17,61138,Golden Musicians,match,13,2023-11-18 12:05:00-08:00,Blue Table,15,False
17,61138,Golden Musicians,match,18,2023-11-18 13:45:00-08:00,Red Table,15,False
17,61138,Golden Musicians,match,22,2023-11-18 14:50:00-08:00,Blue Table,10,False
17,61333,DaVinci Coders,match,4,2023-11-18 09:45:00-08:00,Red Table,15,True
17,61333,DaVinci Coders,match,8,2023-11-18 10:50:00-08:00,Blue Table,15,False
17,61333,DaVinci Coders,match,20,2023-11-18 14:15:00-08:00,Blue Table,15,False
17,61333,DaVinci Coders,match,25,2023-11-18 15:20:00-08:00,Red Table,10,False
17,61334,Manu Srinivasan,match,3,2023-11-18 09:30:00-08:00,Blue Table,15,True
17,61334,Manu Srinivasan,match,11,2023-11-18 11:35:00-08:00,Red Table,15,False
17,61334,Manu Srinivasan,match,18,2023-11-18 13:45:00-08:00,Blue Table,15,False
17,61334,Manu Srinivasan,match,24,2023-11-18 15:10:00-08:00,Red Table,10,False
17,61808,Untitled Documents,match,2,2023-11-18 09:15:00-08:00,Blue Table,15,True
17,61808,Untitled Documents,match,12,2023-11-18 11:50:00-08:00,Blue Table,15,False
17,61808,Untitled Documents,match,17,2023-11-18 13:30:00-08:00,Red Table,15,False
17,61808,Untitled Documents,match,23,2023-11-18 15:00:00-08:00,Red Table,10,False
17,61938,LEGO Champions,match,6,2023-11-18 10:15:00-08:00,Red Table,10,True
17,61938,LEGO Champions,match,10,2023-11-18 11:20:00-08:00,Red Table,15,False
17,61938,LEGO Champions,match,16,2023-11-18 13:15:00-08:00,Blue Table,15,False
17,61938,LEGO Champions,match,26,2023-11-18 15:30:00-08:00,Blue Table,10,False
17,62229,LegoLegends,match,6,2023-11-18 10:15:00-08:00,Blue Table,10,True
17,62229,LegoLegends,match,8,2023-11-18 10:50:00-08:00,Red Table,15,False
17,62229,LegoLegends,match,15,2023-11-18 13:00:00-08:00,Blue Table,15,False
17,62229,LegoLegends,match,27,2023-11-18 15:40:00-08:00,Red Table,10,False
17,62296,In-Vinci-Bots,match,5,2023-11-18 10:00:00-08:00,Blue Table,15,True
17,62296,In-Vinci-Bots,match,9,2023-11-18 11:05:00-08:00,Blue Table,15,False
17,62296,In-Vinci-Bots,match,20,2023-11-18 14:15:00-08:00,Red Table,15,False
17,62296,In-Vinci-Bots,match,26,2023-11-18 15:30:00-08:00,Red Table,10,False
18,37811,OwOls,match,2,2023-11-19 09:15:00-08:00,Red Table,15,True
18,37811,OwOls,match,13,2023-11-19 12:05:00-08:00,Blue Table,15,False
18,37811,OwOls,match,18,2023-11-19 13:45:00-08:00,Red Table,15,False
18,37811,OwOls,match,22,2023-11-19 14:50:00-08:00,Blue Table,10,False
18,39742,QLS MiniBytes,match,1,2023-11-19 09:00:00-08:00,Red Table,15,True
18,39742,QLS MiniBytes,match,11,2023-11-19 11:35:00-08:00,Blue Table,15,False
18,39742,QLS MiniBytes,match,17,2023-11-19 13:30:00-08:00,Blue Table,15,False
18,39742,QLS MiniBytes,match,22,2023-11-19 14:50:00-08:00,Red Table,10,False
18,39789,QLS MegaBytes,match,6,2023-11-19 10:15:00-08:00,Blue Table,10,True
18,39789,QLS MegaBytes,match,8,2023-11-19 10:50:00-08:00,Red Table,15,False
18,39789,QLS MegaBytes,match,15,2023-11-19 13:00:00-08:00,Blue Table,15,False
18,39789,QLS MegaBytes,match,27,2023-11-19 15:40:00-08:00,Red Table,10,False
18,47621,QLS Flashbots,match,6,2023-11-19 10:15:00-08:00,Red Table,10,True
18,47621,QLS Flashbots,match,10,2023-11-19 11:20:00-08:00,Red Table,15,False
18,47621,QLS Flashbots,match,16,2023-11-19 13:15:00-08:00,Blue Table,15,False
18,47621,QLS Flashbots,match,26,2023-11-19 15:30:00-08:00,Blue Table,10,False
18,47622,QLS CloudBots,match,4,2023-11-19 09:45:00-08:00,Red Table,15,True
18,47622,QLS CloudBots,match,8,2023-11-19 10:50:00-08:00,Blue Table,15,False
18,47622,QLS CloudBots,match,20,2023-11-19 14:15:00-08:00,Blue Table,15,False
18,47622,QLS CloudBots,match,25,2023-11-19 15:20:00-08:00,Red Table,10,False
18,56940,RoboMasters,match,1,2023-11-19 09:00:00-08:00,Blue Table,15,True
18,56940,RoboMasters,match,12,2023-11-19 11:50:00-08:00,Red Table,15,False
18,56940,RoboMasters,match,19,2023-11-19 14:00:00-08:00,Red Table,15,False
18,56940,RoboMasters,match,24,2023-11-19 15:10:00-08:00,Blue Table,10,False
18,59943,THESHOOTINGSTARS,match,2,2023-11-19 09:15:00-08:00,Blue Table,15,True
18,59943,THESHOOTINGSTARS,match,12,2023-11-19 11:50:00-08:00,Blue Table,15,False
18,59943,THESHOOTINGSTARS,match,17,2023-11-19 13:30:00-08:00,Red Table,15,False
18,59943,THESHOOTINGSTARS,match,23,2023-11-19 15:00:00-08:00,Red Table,10,False
18,60113,Next Gen Robos,match,5,2023-11-19 10:00:00-08:00,Red Table,15,True
18,60113,Next Gen Robos,match,10,2023-11-19 11:20:00-08:00,Blue Table,15,False
18,60113,Next Gen Robos,match,15,2023-11-19 13:00:00-08:00,Red Table,15,False
18,60113,Next Gen Robos,match,25,2023-11-19 15:20:00-08:00,Blue Table,10,False
18,61301,Fantastic Fource,match,5,2023-11-19 10:00:00-08:00,Blue Table,15,True
18,61301,Fantastic Fource,match,9,2023-11-19 11:05:00-08:00,Blue Table,15,False
18,61301,Fantastic Fource,match,20,2023-11-19 14:15:00-08:00,Red Table,15,False
18,61301,Fantastic Fource,match,26,2023-11-19 15:30:00-08:00,Red Table,10,False
18,61406,STEAM Bots,match,3,2023-11-19 09:30:00-08:00,Red Table,15,True
18,61406,STEAM Bots,match,13,2023-11-19 12:05:00-08:00,Red Table,15,False
18,61406,STEAM Bots,match,19,2023-11-19 14:00:00-08:00,Blue Table,15,False
18,61406,STEAM Bots,match,23,2023-11-19 15:00:00-08:00,Blue Table,10,False
18,62552,Fieldbots,match,4,2023-11-19 09:45:00-08:00,Blue Table,15,True
18,62552,Fieldbots,match,9,2023-11-19 11:05:00-08:00,Red Table,15,False
18,62552,Fieldbots,match,16,2023-11-19 13:15:00-08:00,Red Table,15,False
18,62552,Fieldbots,match,27,2023-11-19 15:40:00-08:00,Blue Table,10,False
18,63582,QLS PoppeBots,match,3,2023-11-19 09:30:00-08:00,Blue Table,15,True
18,63582,QLS PoppeBots,match,11,2023-11-19 11:35:00-08:00,Red Table,15,False
18,63582,QLS PoppeBots,match,18,2023-11-19 13:45:00-08:00,Blue Table,15,False
18,63582,QLS PoppeBots,match,24,2023-11-19 15:10:00-08:00,Red Table,10,False
21,461,Terminatorz,match,4,2023-11-19 09:45:00-08:00,Red Table,15,True
21,461,Terminatorz,match,8,2023-11-19 10:50:00-08:00,Blue Table,15,False
21,461,Terminatorz,match,20,2023-11-19 14:15:00-08:00,Blue Table,15,False
21,461,Terminatorz,match,25,2023-11-19 15:20:00-08:00,Red Table,10,False
21,24392,Firedragons,match,1,2023-11-19 09:00:00-08:00,Blue Table,15,True
21,24392,Firedragons,match,12,2023-11-19 11:50:00-08:00,Red Table,15,False
21,24392,Firedragons,match,19,2023-11-19 14:00:00-08:00,Red Table,15,False
21,24392,Firedragons,match,24,2023-11-19 15:10:00-08:00,Blue Table,10,False
21,48453,Firedragons 2,match,5,2023-11-19 10:00:00-08:00,Red Table,15,True
21,48453,Firedragons 2,match,10,2023-11-19 11:20:00-08:00,Blue Table,15,False
21,48453,Firedragons 2,match,15,2023-11-19 13:00:00-08:00,Red Table,15,False
21,48453,Firedragons 2,match,25,2023-11-19 15:20:00-08:00,Blue Table,10,False
21,51196,BunnyBots,match,4,2023-11-19 09:45:00-08:00,Blue Table,15,True
21,51196,BunnyBots,match,9,2023-11-19 11:05:00-08:00,Red Table,15,False
21,51196,BunnyBots,match,16,2023-11-19 13:15:00-08:00,Red Table,15,False
21,51196,BunnyBots,match,27,2023-11-19 15:40:00-08:00,Blue Table,10,False
21,56487,CreativeSeven,match,1,2023-11-19 09:00:00-08:00,Red Table,15,True
21,56487,CreativeSeven,match,11,2023-11-19 11:35:00-08:00,Blue Table,15,False
21,56487,CreativeSeven,match,17,2023-11-19 13:30:00-08:00,Blue Table,15,False
21,56487,CreativeSeven,match,22,2023-11-19 14:50:00-08:00,Red Table,10,False
21,60384,Brick Innovators,match,2,2023-11-19 09:15:00-08:00,Red Table,15,True
21,60384,Brick Innovators,match,13,2023-11-19 12:05:00-08:00,Blue Table,15,False
21,60384,Brick Innovators,match,18,2023-11-19 13:45:00-08:00,Red Table,15,False
21,60384,Brick Innovators,match,22,2023-11-19 14:50:00-08:00,Blue Table,10,False
21,60914,TechnoMasters,match,2,2023-11-19 09:15:00-08:00,Blue Table,15,True
21,60914,TechnoMasters,match,12,2023-11-19 11:50:00-08:00,Blue Table,15,False
21,60914,TechnoMasters,match,17,2023-11-19 13:30:00-08:00,Red Table,15,False
21,60914,TechnoMasters,match,23,2023-11-19 15:00:00-08:00,Red Table,10,False
21,60929,Chips 'n' Bots,match,3,2023-11-19 09:30:00-08:00,Blue Table,15,True
21,60929,Chips 'n' Bots,match,11,2023-11-19 11:35:00-08:00,Red Table,15,False
21,60929,Chips 'n' Bots,match,18,2023-11-19 13:45:00-08:00,Blue Table,15,False
21,60929,Chips 'n' Bots,match,24,2023-11-19 15:10:00-08:00,Red Table,10,False
21,60984,Limitless Stars,match,3,2023-11-19 09:30:00-08:00,Red Table,15,True
21,60984,Limitless Stars,match,13,2023-11-19 12:05:00-08:00,Red Table,15,False
21,60984,Limitless Stars,match,19,2023-11-19 14:00:00-08:00,Blue Table,15,False
21,60984,Limitless Stars,match,23,2023-11-19 15:00:00-08:00,Blue Table,10,False
21,61055,Silent Builders,match,5,2023-11-19 10:00:00-08:00,Blue Table,15,True
21,61055,Silent Builders,match,9,2023-11-19 11:05:00-08:00,Blue Table,15,False
21,61055,Silent Builders,match,20,2023-11-19 14:15:00-08:00,Red Table,15,False
21,61055,Silent Builders,match,26,2023-11-19 15:30:00-08:00,Red Table,10,False
21,62005,Lego Legends,match,6,2023-11-19 10:15:00-08:00,Red Table,10,True
21,62005,Lego Legends,match,10,2023-11-19 11:20:00-08:00,Red Table,15,False
21,62005,Lego Legends,match,16,2023-11-19 13:15:00-08:00,Blue Table,15,False
21,62005,Lego Legends,match,26,2023-11-19 15:30:00-08:00,Blue Table,10,False
21,62140,Team St.Anne,match,6,2023-11-19 10:15:00-08:00,Blue Table,10,True
21,62140,Team St.Anne,match,8,2023-11-19 10:50:00-08:00,Red Table,15,False
21,62140,Team St.Anne,match,15,2023-11-19 13:00:00-08:00,Blue Table,15,False
21,62140,Team St.Anne,match,27,2023-11-19 15:40:00-08:00,Red Table,10,False
22,4506,Techno Cavs,match,2,2024-02-04 09:15:00-08:00,Red Table R2,15,False
22,4506,Techno Cavs,match,13,2024-02-04 11:50:00-08:00,Blue Table B2,15,False
22,4506,Techno Cavs,match,18,2024-02-04 14:00:00-08:00,Blue Table B1,15,False
22,10586,Da Vinci,match,4,2024-02-04 09:45:00-08:00,Red Table R2,15,False
22,10586,Da Vinci,match,9,2024-02-04 10:50:00-08:00,Blue Table B2,15,False
22,10586,Da Vinci,match,20,2024-02-04 14:25:00-08:00,Blue Table B1,15,False
22,20915,TroBots,match,5,2024-02-04 10:00:00-08:00,Blue Table B1,15,False
22,20915,TroBots,match,10,2024-02-04 11:05:00-08:00,Red Table R2,15,False
22,20915,TroBots,match,15,2024-02-04 13:25:00-08:00,Red Table R1,10,False
22,25573,X-Mann Bots,match,4,2024-02-04 09:45:00-08:00,Blue Table B2,15,False
22,25573,X-Mann Bots,match,9,2024-02-04 10:50:00-08:00,Blue Table B1,15,False
22,25573,X-Mann Bots,match,20,2024-02-04 14:25:00-08:00,White Table W2,15,False
22,30517,Ice Cream Sundays,match,6,2024-02-04 10:15:00-08:00,White Table W2,15,False
22,30517,Ice Cream Sundays,match,11,2024-02-04 11:20:00-08:00,White Table W1,15,False
22,30517,Ice Cream Sundays,match,16,2024-02-04 13:35:00-08:00,Red Table R2,15,False
22,37489,Human Joulez,match,5,2024-02-04 10:00:00-08:00,Red Table R1,15,False
22,37489,Human Joulez,match,10,2024-02-04 11:05:00-08:00,White Table W2,15,False
22,37489,Human Joulez,match,15,2024-02-04 13:25:00-08:00,White Table W1,10,False
22,38103,Astrobots,match,1,2024-02-04 09:00:00-08:00,Red Table R2,15,False
22,38103,Astrobots,match,12,2024-02-04 11:35:00-08:00,Blue Table B2,15,False
22,38103,Astrobots,match,17,2024-02-04 13:50:00-08:00,Blue Table B1,10,False
22,39190,Owlz,match,6,2024-02-04 10:15:00-08:00,Blue Table B2,15,False
22,39190,Owlz,match,11,2024-02-04 11:20:00-08:00,Blue Table B1,15,False
22,39190,Owlz,match,16,2024-02-04 13:35:00-08:00,White Table W2,15,False
22,40997,Denman Robotics,match,6,2024-02-04 10:15:00-08:00,Blue Table B1,15,False
22,40997,Denman Robotics,match,11,2024-02-04 11:20:00-08:00,Red Table R2,15,False
22,40997,Denman Robotics,match,16,2024-02-04 13:35:00-08:00,Red Table R1,15,False
22,44530,Platinum Programmers,match,3,2024-02-04 09:30:00-08:00,Blue Table B2,15,False
22,44530,Platinum Programmers,match,8,2024-02-04 10:35:00-08:00,Blue Table B1,15,False
22,44530,Platinum Programmers,match,19,2024-02-04 14:15:00-08:00,White Table W2,10,False
22,48793,Mountain House,match,2,2024-02-04 09:15:00-08:00,White Table W1,15,False
22,48793,Mountain House,match,13,2024-02-04 11:50:00-08:00,Red Table R1,15,False
22,48793,Mountain House,match,18,2024-02-04 14:00:00-08:00,Blue Table B2,15,False
22,51057,ROCKING ROBOTS,match,5,2024-02-04 10:00:00-08:00,Red Table R2,15,False
22,51057,ROCKING ROBOTS,match,10,2024-02-04 11:05:00-08:00,Blue Table B2,15,False
22,51057,ROCKING ROBOTS,match,15,2024-02-04 13:25:00-08:00,Blue Table B1,10,False
22,51197,Jumping Jelly Beans,match,1,2024-02-04 09:00:00-08:00,White Table W2,15,False
22,51197,Jumping Jelly Beans,match,12,2024-02-04 11:35:00-08:00,White Table W1,15,False
22,51197,Jumping Jelly Beans,match,17,2024-02-04 13:50:00-08:00,Red Table R2,10,False
22,52090,Canary1,match,3,2024-02-04 09:30:00-08:00,Blue Table B1,15,False
22,52090,Canary1,match,8,2024-02-04 10:35:00-08:00,Red Table R2,15,False
22,52090,Canary1,match,19,2024-02-04 14:15:00-08:00,Red Table R1,10,False
22,52397,Invalid Syntax,match,1,2024-02-04 09:00:00-08:00,Red Table R1,15,False
22,52397,Invalid Syntax,match,12,2024-02-04 11:35:00-08:00,White Table W2,15,False
22,52397,Invalid Syntax,match,17,2024-02-04 13:50:00-08:00,White Table W1,10,False
22,52427,Circuit Squad,match,3,2024-02-04 09:30:00-08:00,Red Table R2,15,False
22,52427,Circuit Squad,match,8,2024-02-04 10:35:00-08:00,Blue Table B2,15,False
22,52427,Circuit Squad,match,19,2024-02-04 14:15:00-08:00,Blue Table B1,10,False
22,52498,MovingTreeHouse,match,2,2024-02-04 09:15:00-08:00,Red Table R1,15,False
22,52498,MovingTreeHouse,match,13,2024-02-04 11:50:00-08:00,White Table W2,15,False
22,52498,MovingTreeHouse,match,18,2024-02-04 14:00:00-08:00,White Table W1,15,False
22,52597,Flaming Stars,match,1,2024-02-04 09:00:00-08:00,White Table W1,15,False
22,52597,Flaming Stars,match,12,2024-02-04 11:35:00-08:00,Red Table R1,15,False
22,52597,Flaming Stars,match,17,2024-02-04 13:50:00-08:00,Blue Table B2,10,False
22,54145,G.O.A.T.S,match,2,2024-02-04 09:15:00-08:00,White Table W2,15,False
22,54145,G.O.A.T.S,match,13,2024-02-04 11:50:00-08:00,White Table W1,15,False
22,54145,G.O.A.T.S,match,18,2024-02-04 14:00:00-08:00,Red Table R2,15,False
22,55794,Purple People Eaters,match,6,2024-02-04 10:15:00-08:00,Red Table R2,15,False
22,55794,Purple People Eaters,match,11,2024-02-04 11:20:00-08:00,Blue Table B2,15,False
22,55794,Purple People Eaters,match,16,2024-02-04 13:35:00-08:00,Blue Table B1,15,False
22,55867,Harrybot,match,6,2024-02-04 10:15:00-08:00,White Table W1,15,False
22,55867,Harrybot,match,11,2024-02-04 11:20:00-08:00,Red Table R1,15,False
22,55867,Harrybot,match,16,2024-02-04 13:35:00-08:00,Blue Table B2,15,False
22,55959,Shrek's Friends,match,4,2024-02-04 09:45:00-08:00,Red Table R1,15,False
22,55959,Shrek's Friends,match,9,2024-02-04 10:50:00-08:00,White Table W2,15,False
22,55959,Shrek's Friends,match,20,2024-02-04 14:25:00-08:00,White Table W1,15,False
22,56453,Donut Powered,match,5,2024-02-04 10:00:00-08:00,Blue Table B2,15,False
22,56453,Donut Powered,match,10,2024-02-04 11:05:00-08:00,Blue Table B1,15,False
22,56453,Donut Powered,match,15,2024-02-04 13:25:00-08:00,White Table W2,10,False
22,56940,RoboMasters,match,6,2024-02-04 10:15:00-08:00,Red Table R1,15,False
22,56940,RoboMasters,match,11,2024-02-04 11:20:00-08:00,White Table W2,15,False
22,56940,RoboMasters,match,16,2024-02-04 13:35:00-08:00,White Table W1,15,False
22,57010,Rocket,match,5,2024-02-04 10:00:00-08:00,White Table W2,15,False
22,57010,Rocket,match,10,2024-02-04 11:05:00-08:00,White Table W1,15,False
22,57010,Rocket,match,15,2024-02-04 13:25:00-08:00,Red Table R2,10,False
22,58380,Lego Masters1,match,5,2024-02-04 10:00:00-08:00,White Table W1,15,False
22,58380,Lego Masters1,match,10,2024-02-04 11:05:00-08:00,Red Table R1,15,False
22,58380,Lego Masters1,match,15,2024-02-04 13:25:00-08:00,Blue Table B2,10,False
22,59943,THESHOOTINGSTARS,match,4,2024-02-04 09:45:00-08:00,Blue Table B1,15,False
22,59943,THESHOOTINGSTARS,match,9,2024-02-04 10:50:00-08:00,Red Table R2,15,False
22,59943,THESHOOTINGSTARS,match,20,2024-02-04 14:25:00-08:00,Red Table R1,15,False
22,60070,Robo-Sapiens,match,3,2024-02-04 09:30:00-08:00,White Table W2,15,False
22,60070,Robo-Sapiens,match,8,2024-02-04 10:35:00-08:00,White Table W1,15,False
22,60070,Robo-Sapiens,match,19,2024-02-04 14:15:00-08:00,Red Table R2,10,False
22,60198,Chronobot,match,2,2024-02-04 09:15:00-08:00,Blue Table B1,15,False
22,60198,Chronobot,match,13,2024-02-04 11:50:00-08:00,Red Table R2,15,False
22,60198,Chronobot,match,18,2024-02-04 14:00:00-08:00,Red Table R1,15,False
22,60428,LegoLegends,match,1,2024-02-04 09:00:00-08:00,Blue Table B2,15,False
22,60428,LegoLegends,match,12,2024-02-04 11:35:00-08:00,Blue Table B1,15,False
22,60428,LegoLegends,match,17,2024-02-04 13:50:00-08:00,White Table W2,10,False
22,60718,Rockin Robos,match,3,2024-02-04 09:30:00-08:00,Red Table R1,15,False
22,60718,Rockin Robos,match,8,2024-02-04 10:35:00-08:00,White Table W2,15,False
22,60718,Rockin Robos,match,19,2024-02-04 14:15:00-08:00,White Table W1,10,False
22,60958,Puma,match,3,2024-02-04 09:30:00-08:00,White Table W1,15,False
22,60958,Puma,match,8,2024-02-04 10:35:00-08:00,Red Table R1,15,False
22,60958,Puma,match,19,2024-02-04 14:15:00-08:00,Blue Table B2,10,False
22,61168,Foothill 2023C,match,4,2024-02-04 09:45:00-08:00,White Table W2,15,False
22,61168,Foothill 2023C,match,9,2024-02-04 10:50:00-08:00,White Table W1,15,False
22,61168,Foothill 2023C,match,20,2024-02-04 14:25:00-08:00,Red Table R2,15,False
22,61301,Fantastic Fource,match,4,2024-02-04 09:45:00-08:00,White Table W1,15,False
22,61301,Fantastic Fource,match,9,2024-02-04 10:50:00-08:00,Red Table R1,15,False
22,61301,Fantastic Fource,match,20,2024-02-04 14:25:00-08:00,Blue Table B2,15,False
22,61406,STEAM Bots,match,2,2024-02-04 09:15:00-08:00,Blue Table B2,15,False
22,61406,STEAM Bots,match,13,2024-02-04 11:50:00-08:00,Blue Table B1,15,False
22,61406,STEAM Bots,match,18,2024-02-04 14:00:00-08:00,White Table W2,15,False
22,62274,The Van Goes,match,1,2024-02-04 09:00:00-08:00,Blue Table B1,15,False
22,62274,The Van Goes,match,12,2024-02-04 11:35:00-08:00,Red Table R2,15,False
22,62274,The Van Goes,match,17,2024-02-04 13:50:00-08:00,Red Table R1,10,False
23,2848,S.H.R.E.K.,match,3,2024-03-31 09:30:00-07:00,Red Table R2,15,False
23,2848,S.H.R.E.K.,match,8,2024-03-31 10:35:00-07:00,Blue Table B2,15,False
23,2848,S.H.R.E.K.,match,19,2024-03-31 14:15:00-07:00,Blue Table B1,10,False
23,2848,S.H.R.E.K.,match,24,2024-03-31 15:25:00-07:00,White Table W2,10,False
23,4416,Techno Cougars,match,5,2024-03-31 10:00:00-07:00,White Table W1,15,False
23,4416,Techno Cougars,match,10,2024-03-31 11:05:00-07:00,Red Table R1,15,False
23,4416,Techno Cougars,match,15,2024-03-31 13:25:00-07:00,Blue Table B2,10,False
23,4416,Techno Cougars,match,26,2024-03-31 15:50:00-07:00,Blue Table B1,10,False
23,4979,Mighty Ducks,match,4,2024-03-31 09:45:00-07:00,Blue Table B2,15,False
23,4979,Mighty Ducks,match,9,2024-03-31 10:50:00-07:00,Blue Table B1,15,False
23,4979,Mighty Ducks,match,20,2024-03-31 14:25:00-07:00,White Table W2,15,False
23,4979,Mighty Ducks,match,25,2024-03-31 15:35:00-07:00,Red Table R2,15,False
23,17493,Krafty Kids,match,6,2024-03-31 10:15:00-07:00,Blue Table B1,15,False
23,17493,Krafty Kids,match,11,2024-03-31 11:20:00-07:00,Red Table R2,15,False
23,17493,Krafty Kids,match,16,2024-03-31 13:35:00-07:00,Red Table R1,15,False
23,17493,Krafty Kids,match,27,2024-03-31 16:00:00-07:00,White Table W1,15,False
23,18197,SCEME Team,match,5,2024-03-31 10:00:00-07:00,Blue Table B1,15,False
23,18197,SCEME Team,match,10,2024-03-31 11:05:00-07:00,Red Table R2,15,False
23,18197,SCEME Team,match,15,2024-03-31 13:25:00-07:00,Red Table R1,10,False
23,18197,SCEME Team,match,26,2024-03-31 15:50:00-07:00,White Table W1,10,False
23,25572,Ctrl+T,match,6,2024-03-31 10:15:00-07:00,White Table W1,15,False
23,25572,Ctrl+T,match,11,2024-03-31 11:20:00-07:00,Red Table R1,15,False
23,25572,Ctrl+T,match,16,2024-03-31 13:35:00-07:00,Blue Table B2,15,False
23,25572,Ctrl+T,match,27,2024-03-31 16:00:00-07:00,Blue Table B1,15,False
23,30515,Rockin Robos,match,5,2024-03-31 10:00:00-07:00,Blue Table B2,15,False
23,30515,Rockin Robos,match,10,2024-03-31 11:05:00-07:00,Blue Table B1,15,False
23,30515,Rockin Robos,match,15,2024-03-31 13:25:00-07:00,White Table W2,10,False
23,30515,Rockin Robos,match,26,2024-03-31 15:50:00-07:00,Red Table R2,10,False
23,44532,Razzle Dazzle Robotics,match,1,2024-03-31 09:00:00-07:00,Blue Table B1,15,False
23,44532,Razzle Dazzle Robotics,match,12,2024-03-31 11:35:00-07:00,Red Table R2,15,False
23,44532,Razzle Dazzle Robotics,match,17,2024-03-31 13:50:00-07:00,Red Table R1,10,False
23,44532,Razzle Dazzle Robotics,match,22,2024-03-31 15:00:00-07:00,White Table W1,10,False
23,46302,The Trampolines,match,3,2024-03-31 09:30:00-07:00,Blue Table B1,15,False
23,46302,The Trampolines,match,8,2024-03-31 10:35:00-07:00,Red Table R2,15,False
23,46302,The Trampolines,match,19,2024-03-31 14:15:00-07:00,Red Table R1,10,False
23,46302,The Trampolines,match,24,2024-03-31 15:25:00-07:00,White Table W1,10,False
23,51168,The Warriors,match,1,2024-03-31 09:00:00-07:00,Blue Table B2,15,False
23,51168,The Warriors,match,12,2024-03-31 11:35:00-07:00,Blue Table B1,15,False
23,51168,The Warriors,match,17,2024-03-31 13:50:00-07:00,White Table W2,10,False
23,51168,The Warriors,match,22,2024-03-31 15:00:00-07:00,Red Table R2,10,False
23,51196,BunnyBots,match,6,2024-03-31 10:15:00-07:00,White Table W2,15,False
23,51196,BunnyBots,match,11,2024-03-31 11:20:00-07:00,White Table W1,15,False
23,51196,BunnyBots,match,16,2024-03-31 13:35:00-07:00,Red Table R2,15,False
23,51196,BunnyBots,match,27,2024-03-31 16:00:00-07:00,Red Table R1,15,False
23,52070,Smilodon,match,2,2024-03-31 09:15:00-07:00,Blue Table B2,15,False
23,52070,Smilodon,match,13,2024-03-31 11:50:00-07:00,Blue Table B1,15,False
23,52070,Smilodon,match,18,2024-03-31 14:00:00-07:00,White Table W2,15,False
23,52070,Smilodon,match,23,2024-03-31 15:10:00-07:00,Red Table R2,15,False
23,52522,Coding-Arsenals,match,1,2024-03-31 09:00:00-07:00,White Table W2,15,False
23,52522,Coding-Arsenals,match,12,2024-03-31 11:35:00-07:00,White Table W1,15,False
23,52522,Coding-Arsenals,match,17,2024-03-31 13:50:00-07:00,Red Table R2,10,False
23,52522,Coding-Arsenals,match,22,2024-03-31 15:00:00-07:00,Red Table R1,10,False
23,52702,ArgoRobotics Team #3 - Argo-Haves,match,4,2024-03-31 09:45:00-07:00,Red Table R1,15,False
23,52702,ArgoRobotics Team #3 - Argo-Haves,match,9,2024-03-31 10:50:00-07:00,White Table W2,15,False
23,52702,ArgoRobotics Team #3 - Argo-Haves,match,20,2024-03-31 14:25:00-07:00,White Table W1,15,False
23,52702,ArgoRobotics Team #3 - Argo-Haves,match,25,2024-03-31 15:35:00-07:00,Blue Table B2,15,False
23,52943,Digital Dolphins,match,6,2024-03-31 10:15:00-07:00,Blue Table B2,15,False
23,52943,Digital Dolphins,match,11,2024-03-31 11:20:00-07:00,Blue Table B1,15,False
23,52943,Digital Dolphins,match,16,2024-03-31 13:35:00-07:00,White Table W2,15,False
23,52943,Digital Dolphins,match,27,2024-03-31 16:00:00-07:00,Red Table R2,15,False
23,53893,Roaring Lions,match,6,2024-03-31 10:15:00-07:00,Red Table R2,15,False
23,53893,Roaring Lions,match,11,2024-03-31 11:20:00-07:00,Blue Table B2,15,False
23,53893,Roaring Lions,match,16,2024-03-31 13:35:00-07:00,Blue Table B1,15,False
23,53893,Roaring Lions,match,27,2024-03-31 16:00:00-07:00,White Table W2,15,False
23,54977,Menlo Park Narleaotters,match,1,2024-03-31 09:00:00-07:00,Red Table R2,15,False
23,54977,Menlo Park Narleaotters,match,12,2024-03-31 11:35:00-07:00,Blue Table B2,15,False
23,54977,Menlo Park Narleaotters,match,17,2024-03-31 13:50:00-07:00,Blue Table B1,10,False
23,54977,Menlo Park Narleaotters,match,22,2024-03-31 15:00:00-07:00,White Table W2,10,False
23,55513,Marvelous Moochis,match,1,2024-03-31 09:00:00-07:00,Red Table R1,15,False
23,55513,Marvelous Moochis,match,12,2024-03-31 11:35:00-07:00,White Table W2,15,False
23,55513,Marvelous Moochis,match,17,2024-03-31 13:50:00-07:00,White Table W1,10,False
23,55513,Marvelous Moochis,match,22,2024-03-31 15:00:00-07:00,Blue Table B2,10,False
23,56339,Electric Sources,match,3,2024-03-31 09:30:00-07:00,Red Table R1,15,False
23,56339,Electric Sources,match,8,2024-03-31 10:35:00-07:00,White Table W2,15,False
23,56339,Electric Sources,match,19,2024-03-31 14:15:00-07:00,White Table W1,10,False
23,56339,Electric Sources,match,24,2024-03-31 15:25:00-07:00,Blue Table B2,10,False
23,57125,Incredibuilders,match,5,2024-03-31 10:00:00-07:00,Red Table R2,15,False
23,57125,Incredibuilders,match,10,2024-03-31 11:05:00-07:00,Blue Table B2,15,False
23,57125,Incredibuilders,match,15,2024-03-31 13:25:00-07:00,Blue Table B1,10,False
23,57125,Incredibuilders,match,26,2024-03-31 15:50:00-07:00,White Table W2,10,False
23,57600,Delta Rovers,match,5,2024-03-31 10:00:00-07:00,White Table W2,15,False
23,57600,Delta Rovers,match,10,2024-03-31 11:05:00-07:00,White Table W1,15,False
23,57600,Delta Rovers,match,15,2024-03-31 13:25:00-07:00,Red Table R2,10,False
23,57600,Delta Rovers,match,26,2024-03-31 15:50:00-07:00,Red Table R1,10,False
23,57977,Rockhead Robotics,match,2,2024-03-31 09:15:00-07:00,Red Table R1,15,False
23,57977,Rockhead Robotics,match,13,2024-03-31 11:50:00-07:00,White Table W2,15,False
23,57977,Rockhead Robotics,match,18,2024-03-31 14:00:00-07:00,White Table W1,15,False
23,57977,Rockhead Robotics,match,23,2024-03-31 15:10:00-07:00,Blue Table B2,15,False
23,58665,Wildcats Allstars,match,5,2024-03-31 10:00:00-07:00,Red Table R1,15,False
23,58665,Wildcats Allstars,match,10,2024-03-31 11:05:00-07:00,White Table W2,15,False
23,58665,Wildcats Allstars,match,15,2024-03-31 13:25:00-07:00,White Table W1,10,False
23,58665,Wildcats Allstars,match,26,2024-03-31 15:50:00-07:00,Blue Table B2,10,False
23,60100,Cobras,match,4,2024-03-31 09:45:00-07:00,White Table W2,15,False
23,60100,Cobras,match,9,2024-03-31 10:50:00-07:00,White Table W1,15,False
23,60100,Cobras,match,20,2024-03-31 14:25:00-07:00,Red Table R2,15,False
23,60100,Cobras,match,25,2024-03-31 15:35:00-07:00,Red Table R1,15,False
23,60152,Masterpiecers,match,3,2024-03-31 09:30:00-07:00,White Table W1,15,False
23,60152,Masterpiecers,match,8,2024-03-31 10:35:00-07:00,Red Table R1,15,False
23,60152,Masterpiecers,match,19,2024-03-31 14:15:00-07:00,Blue Table B2,10,False
23,60152,Masterpiecers,match,24,2024-03-31 15:25:00-07:00,Blue Table B1,10,False
23,60215,Robotmakers,match,4,2024-03-31 09:45:00-07:00,White Table W1,15,False
23,60215,Robotmakers,match,9,2024-03-31 10:50:00-07:00,Red Table R1,15,False
23,60215,Robotmakers,match,20,2024-03-31 14:25:00-07:00,Blue Table B2,15,False
23,60215,Robotmakers,match,25,2024-03-31 15:35:00-07:00,Blue Table B1,15,False
23,60320,Hepha,match,2,2024-03-31 09:15:00-07:00,Blue Table B1,15,False
23,60320,Hepha,match,13,2024-03-31 11:50:00-07:00,Red Table R2,15,False
23,60320,Hepha,match,18,2024-03-31 14:00:00-07:00,Red Table R1,15,False
23,60320,Hepha,match,23,2024-03-31 15:10:00-07:00,White Table W1,15,False
23,60362,Master  Droids,match,3,2024-03-31 09:30:00-07:00,Blue Table B2,15,False
23,60362,Master  Droids,match,8,2024-03-31 10:35:00-07:00,Blue Table B1,15,False
23,60362,Master  Droids,match,19,2024-03-31 14:15:00-07:00,White Table W2,10,False
23,60362,Master  Droids,match,24,2024-03-31 15:25:00-07:00,Red Table R2,10,False
23,60502,Codebreakerz,match,2,2024-03-31 09:15:00-07:00,White Table W2,15,False
23,60502,Codebreakerz,match,13,2024-03-31 11:50:00-07:00,White Table W1,15,False
23,60502,Codebreakerz,match,18,2024-03-31 14:00:00-07:00,Red Table R2,15,False
23,60502,Codebreakerz,match,23,2024-03-31 15:10:00-07:00,Red Table R1,15,False
23,60623,Double Trouble Masterminds,match,4,2024-03-31 09:45:00-07:00,Blue Table B1,15,False
23,60623,Double Trouble Masterminds,match,9,2024-03-31 10:50:00-07:00,Red Table R2,15,False
23,60623,Double Trouble Masterminds,match,20,2024-03-31 14:25:00-07:00,Red Table R1,15,False
23,60623,Double Trouble Masterminds,match,25,2024-03-31 15:35:00-07:00,White Table W1,15,False
23,60762,Legotronics,match,6,2024-03-31 10:15:00-07:00,Red Table R1,15,False
23,60762,Legotronics,match,11,2024-03-31 11:20:00-07:00,White Table W2,15,False
23,60762,Legotronics,match,16,2024-03-31 13:35:00-07:00,White Table W1,15,False
23,60762,Legotronics,match,27,2024-03-31 16:00:00-07:00,Blue Table B2,15,False
23,61093,LEGO Nerds,match,1,2024-03-31 09:00:00-07:00,White Table W1,15,False
23,61093,LEGO Nerds,match,12,2024-03-31 11:35:00-07:00,Red Table R1,15,False
23,61093,LEGO Nerds,match,17,2024-03-31 13:50:00-07:00,Blue Table B2,10,False
23,61093,LEGO Nerds,match,22,2024-03-31 15:00:00-07:00,Blue Table B1,10,False
23,61119,Futuristic Felines,match,2,2024-03-31 09:15:00-07:00,Red Table R2,15,False
23,61119,Futuristic Felines,match,13,2024-03-31 11:50:00-07:00,Blue Table B2,15,False
23,61119,Futuristic Felines,match,18,2024-03-31 14:00:00-07:00,Blue Table B1,15,False
23,61119,Futuristic Felines,match,23,2024-03-31 15:10:00-07:00,White Table W2,15,False
23,61138,Golden Musicians,match,2,2024-03-31 09:15:00-07:00,White Table W1,15,False
23,61138,Golden Musicians,match,13,2024-03-31 11:50:00-07:00,Red Table R1,15,False
23,61138,Golden Musicians,match,18,2024-03-31 14:00:00-07:00,Blue Table B2,15,False
23,61138,Golden Musicians,match,23,2024-03-31 15:10:00-07:00,Blue Table B1,15,False
23,61205,Woodland Robotics,match,4,2024-03-31 09:45:00-07:00,Red Table R2,15,False
23,61205,Woodland Robotics,match,9,2024-03-31 10:50:00-07:00,Blue Table B2,15,False
23,61205,Woodland Robotics,match,20,2024-03-31 14:25:00-07:00,Blue Table B1,15,False
23,61205,Woodland Robotics,match,25,2024-03-31 15:35:00-07:00,White Table W2,15,False
23,61856,Digital Dawgs,match,3,2024-03-31 09:30:00-07:00,White Table W2,15,False
23,61856,Digital Dawgs,match,8,2024-03-31 10:35:00-07:00,White Table W1,15,False
23,61856,Digital Dawgs,match,19,2024-03-31 14:15:00-07:00,Red Table R2,10,False
23,61856,Digital Dawgs,match,24,2024-03-31 15:25:00-07:00,Red Table R1,10,False
24,752,Lego Gagas,match,4,2024-03-17 09:35:00-07:00,Blue Table B1,15,False
24,752,Lego Gagas,match,9,2024-03-17 10:35:00-07:00,Red Table R2,10,False
24,752,Lego Gagas,match,22,2024-03-17 14:40:00-07:00,Red Table R1,15,False
24,752,Lego Gagas,match,28,2024-03-17 16:00:00-07:00,White Table W1,15,False
24,2847,Crescendo Coders,match,6,2024-03-17 10:00:00-07:00,Blue Table B1,15,False
24,2847,Crescendo Coders,match,11,2024-03-17 11:00:00-07:00,Red Table R2,10,False
24,2847,Crescendo Coders,match,17,2024-03-17 13:25:00-07:00,Red Table R1,15,False
24,2847,Crescendo Coders,match,30,2024-03-17 16:30:00-07:00,White Table W1,15,False
24,4978,Maroon Five,match,1,2024-03-17 09:00:00-07:00,White Table W1,10,False
24,4978,Maroon Five,match,13,2024-03-17 11:25:00-07:00,Red Table R1,10,False
24,4978,Maroon Five,match,19,2024-03-17 13:55:00-07:00,Blue Table B2,15,False
24,4978,Maroon Five,match,25,2024-03-17 15:30:00-07:00,Blue Table B1,10,False
24,17491,ADOREable Fivesome,match,5,2024-03-17 09:50:00-07:00,Blue Table B2,10,False
24,17491,ADOREable Fivesome,match,10,2024-03-17 10:45:00-07:00,Blue Table B1,15,False
24,17491,ADOREable Fivesome,match,23,2024-03-17 14:55:00-07:00,White Table W2,15,False
24,17491,ADOREable Fivesome,match,29,2024-03-17 16:15:00-07:00,Red Table R2,15,False
24,30497,FBI(Fascinating Bot Intelligence),match,7,2024-03-17 10:15:00-07:00,Red Table R2,10,False
24,30497,FBI(Fascinating Bot Intelligence),match,12,2024-03-17 11:10:00-07:00,Blue Table B2,15,False
24,30497,FBI(Fascinating Bot Intelligence),match,18,2024-03-17 13:40:00-07:00,Blue Table B1,15,False
24,30497,FBI(Fascinating Bot Intelligence),match,31,2024-03-17 16:45:00-07:00,White Table W2,10,False
24,50778,Technoblade,match,6,2024-03-17 10:00:00-07:00,White Table W1,15,False
24,50778,Technoblade,match,11,2024-03-17 11:00:00-07:00,Red Table R1,10,False
24,50778,Technoblade,match,17,2024-03-17 13:25:00-07:00,Blue Table B2,15,False
24,50778,Technoblade,match,30,2024-03-17 16:30:00-07:00,Blue Table B1,15,False
24,51006,H.E.R.,match,3,2024-03-17 09:25:00-07:00,White Table W1,10,False
24,51006,H.E.R.,match,16,2024-03-17 13:05:00-07:00,Red Table R1,20,False
24,51006,H.E.R.,match,21,2024-03-17 14:25:00-07:00,Blue Table B2,15,False
24,51006,H.E.R.,match,27,2024-03-17 15:50:00-07:00,Blue Table B1,10,False
24,51054,Techno Masters,match,7,2024-03-17 10:15:00-07:00,White Table W1,10,False
24,51054,Techno Masters,match,12,2024-03-17 11:10:00-07:00,Red Table R1,15,False
24,51054,Techno Masters,match,18,2024-03-17 13:40:00-07:00,Blue Table B2,15,False
24,51054,Techno Masters,match,31,2024-03-17 16:45:00-07:00,Blue Table B1,10,False
24,51095,CreaTech,match,7,2024-03-17 10:15:00-07:00,Blue Table B1,10,False
24,51095,CreaTech,match,12,2024-03-17 11:10:00-07:00,Red Table R2,15,False
24,51095,CreaTech,match,18,2024-03-17 13:40:00-07:00,Red Table R1,15,False
24,51095,CreaTech,match,31,2024-03-17 16:45:00-07:00,White Table W1,10,False
24,52481,Vision,match,3,2024-03-17 09:25:00-07:00,Red Table R1,10,False
24,52481,Vision,match,16,2024-03-17 13:05:00-07:00,White Table W2,20,False
24,52481,Vision,match,21,2024-03-17 14:25:00-07:00,White Table W1,15,False
24,52481,Vision,match,27,2024-03-17 15:50:00-07:00,Blue Table B2,10,False
24,52765,Dragonoids,match,4,2024-03-17 09:35:00-07:00,Blue Table B2,15,False
24,52765,Dragonoids,match,9,2024-03-17 10:35:00-07:00,Blue Table B1,10,False
24,52765,Dragonoids,match,22,2024-03-17 14:40:00-07:00,White Table W2,15,False
24,52765,Dragonoids,match,28,2024-03-17 16:00:00-07:00,Red Table R2,15,False
24,53140,Van Gophers,match,3,2024-03-17 09:25:00-07:00,Red Table R2,10,False
24,53140,Van Gophers,match,16,2024-03-17 13:05:00-07:00,Blue Table B2,20,False
24,53140,Van Gophers,match,21,2024-03-17 14:25:00-07:00,Blue Table B1,15,False
24,53140,Van Gophers,match,27,2024-03-17 15:50:00-07:00,White Table W2,10,False
24,53854,RRAVENS,match,7,2024-03-17 10:15:00-07:00,Blue Table B2,10,False
24,53854,RRAVENS,match,12,2024-03-17 11:10:00-07:00,Blue Table B1,15,False
24,53854,RRAVENS,match,18,2024-03-17 13:40:00-07:00,White Table W2,15,False
24,53854,RRAVENS,match,31,2024-03-17 16:45:00-07:00,Red Table R2,10,False
24,53890,Autorun,match,1,2024-03-17 09:00:00-07:00,Blue Table B2,10,False
24,53890,Autorun,match,13,2024-03-17 11:25:00-07:00,Blue Table B1,10,False
24,53890,Autorun,match,19,2024-03-17 13:55:00-07:00,White Table W2,15,False
24,53890,Autorun,match,25,2024-03-17 15:30:00-07:00,Red Table R2,10,False
24,54970,Blaze,match,4,2024-03-17 09:35:00-07:00,Red Table R1,15,False
24,54970,Blaze,match,9,2024-03-17 10:35:00-07:00,White Table W2,10,False
24,54970,Blaze,match,22,2024-03-17 14:40:00-07:00,White Table W1,15,False
24,54970,Blaze,match,28,2024-03-17 16:00:00-07:00,Blue Table B2,15,False
24,55494,Robo Brain,match,2,2024-03-17 09:10:00-07:00,Blue Table B2,15,False
24,55494,Robo Brain,match,14,2024-03-17 11:35:00-07:00,Blue Table B1,15,False
24,55494,Robo Brain,match,20,2024-03-17 14:10:00-07:00,White Table W2,15,False
24,55494,Robo Brain,match,26,2024-03-17 15:40:00-07:00,Red Table R2,10,False
24,55496,Tierra Bots,match,4,2024-03-17 09:35:00-07:00,White Table W1,15,False
24,55496,Tierra Bots,match,9,2024-03-17 10:35:00-07:00,Red Table R1,10,False
24,55496,Tierra Bots,match,22,2024-03-17 14:40:00-07:00,Blue Table B2,15,False
24,55496,Tierra Bots,match,28,2024-03-17 16:00:00-07:00,Blue Table B1,15,False
24,55669,Robot Dolphin,match,4,2024-03-17 09:35:00-07:00,Red Table R2,15,False
24,55669,Robot Dolphin,match,9,2024-03-17 10:35:00-07:00,Blue Table B2,10,False
24,55669,Robot Dolphin,match,22,2024-03-17 14:40:00-07:00,Blue Table B1,15,False
24,55669,Robot Dolphin,match,28,2024-03-17 16:00:00-07:00,White Table W2,15,False
24,55726,D()lphinS,match,3,2024-03-17 09:25:00-07:00,Blue Table B2,10,False
24,55726,D()lphinS,match,16,2024-03-17 13:05:00-07:00,Blue Table B1,20,False
24,55726,D()lphinS,match,21,2024-03-17 14:25:00-07:00,White Table W2,15,False
24,55726,D()lphinS,match,27,2024-03-17 15:50:00-07:00,Red Table R2,10,False
24,55739,Tech_Bears,match,5,2024-03-17 09:50:00-07:00,White Table W1,10,False
24,55739,Tech_Bears,match,10,2024-03-17 10:45:00-07:00,Red Table R1,15,False
24,55739,Tech_Bears,match,23,2024-03-17 14:55:00-07:00,Blue Table B2,15,False
24,55739,Tech_Bears,match,29,2024-03-17 16:15:00-07:00,Blue Table B1,15,False
24,55779,PowerGirls,match,5,2024-03-17 09:50:00-07:00,Red Table R1,10,False
24,55779,PowerGirls,match,10,2024-03-17 10:45:00-07:00,White Table W2,15,False
24,55779,PowerGirls,match,23,2024-03-17 14:55:00-07:00,White Table W1,15,False
24,55779,PowerGirls,match,29,2024-03-17 16:15:00-07:00,Blue Table B2,15,False
24,56459,Code Warriors,match,1,2024-03-17 09:00:00-07:00,Red Table R2,10,False
24,56459,Code Warriors,match,13,2024-03-17 11:25:00-07:00,Blue Table B2,10,False
24,56459,Code Warriors,match,19,2024-03-17 13:55:00-07:00,Blue Table B1,15,False
24,56459,Code Warriors,match,25,2024-03-17 15:30:00-07:00,White Table W2,10,False
24,56649,Innovative Energizers,match,6,2024-03-17 10:00:00-07:00,Red Table R2,15,False
24,56649,Innovative Energizers,match,11,2024-03-17 11:00:00-07:00,Blue Table B2,10,False
24,56649,Innovative Energizers,match,17,2024-03-17 13:25:00-07:00,Blue Table B1,15,False
24,56649,Innovative Energizers,match,30,2024-03-17 16:30:00-07:00,White Table W2,15,False
24,59366,Robo-JOKKIS,match,7,2024-03-17 10:15:00-07:00,White Table W2,10,False
24,59366,Robo-JOKKIS,match,12,2024-03-17 11:10:00-07:00,White Table W1,15,False
24,59366,Robo-JOKKIS,match,18,2024-03-17 13:40:00-07:00,Red Table R2,15,False
24,59366,Robo-JOKKIS,match,31,2024-03-17 16:45:00-07:00,Red Table R1,10,False
24,59926,TechnoDragonz,match,6,2024-03-17 10:00:00-07:00,White Table W2,15,False
24,59926,TechnoDragonz,match,11,2024-03-17 11:00:00-07:00,White Table W1,10,False
24,59926,TechnoDragonz,match,17,2024-03-17 13:25:00-07:00,Red Table R2,15,False
24,59926,TechnoDragonz,match,30,2024-03-17 16:30:00-07:00,Red Table R1,15,False
24,60151,Best Bees,match,2,2024-03-17 09:10:00-07:00,Blue Table B1,15,False
24,60151,Best Bees,match,14,2024-03-17 11:35:00-07:00,Red Table R2,15,False
24,60151,Best Bees,match,20,2024-03-17 14:10:00-07:00,Red Table R1,15,False
24,60151,Best Bees,match,26,2024-03-17 15:40:00-07:00,White Table W1,10,False
24,60496,Alternative Force,match,1,2024-03-17 09:00:00-07:00,Red Table R1,10,False
24,60496,Alternative Force,match,13,2024-03-17 11:25:00-07:00,White Table W2,10,False
24,60496,Alternative Force,match,19,2024-03-17 13:55:00-07:00,White Table W1,15,False
24,60496,Alternative Force,match,25,2024-03-17 15:30:00-07:00,Blue Table B2,10,False
24,60537,Mecha Masters,match,3,2024-03-17 09:25:00-07:00,White Table W2,10,False
24,60537,Mecha Masters,match,16,2024-03-17 13:05:00-07:00,White Table W1,20,False
24,60537,Mecha Masters,match,21,2024-03-17 14:25:00-07:00,Red Table R2,15,False
24,60537,Mecha Masters,match,27,2024-03-17 15:50:00-07:00,Red Table R1,10,False
24,60642,Code CrasherZ,match,6,2024-03-17 10:00:00-07:00,Blue Table B2,15,False
24,60642,Code CrasherZ,match,11,2024-03-17 11:00:00-07:00,Blue Table B1,10,False
24,60642,Code CrasherZ,match,17,2024-03-17 13:25:00-07:00,White Table W2,15,False
24,60642,Code CrasherZ,match,30,2024-03-17 16:30:00-07:00,Red Table R2,15,False
24,60727,Cyber Soldiers,match,2,2024-03-17 09:10:00-07:00,White Table W2,15,False
24,60727,Cyber Soldiers,match,14,2024-03-17 11:35:00-07:00,White Table W1,15,False
24,60727,Cyber Soldiers,match,20,2024-03-17 14:10:00-07:00,Red Table R2,15,False
24,60727,Cyber Soldiers,match,26,2024-03-17 15:40:00-07:00,Red Table R1,10,False
24,60734,Gopher Botz,match,5,2024-03-17 09:50:00-07:00,Blue Table B1,10,False
24,60734,Gopher Botz,match,10,2024-03-17 10:45:00-07:00,Red Table R2,15,False
24,60734,Gopher Botz,match,23,2024-03-17 14:55:00-07:00,Red Table R1,15,False
24,60734,Gopher Botz,match,29,2024-03-17 16:15:00-07:00,White Table W1,15,False
24,60855,Gearshift,match,4,2024-03-17 09:35:00-07:00,White Table W2,15,False
24,60855,Gearshift,match,9,2024-03-17 10:35:00-07:00,White Table W1,10,False
24,60855,Gearshift,match,22,2024-03-17 14:40:00-07:00,Red Table R2,15,False
24,60855,Gearshift,match,28,2024-03-17 16:00:00-07:00,Red Table R1,15,False
24,60868,iBots,match,3,2024-03-17 09:25:00-07:00,Blue Table B1,10,False
24,60868,iBots,match,16,2024-03-17 13:05:00-07:00,Red Table R2,20,False
24,60868,iBots,match,21,2024-03-17 14:25:00-07:00,Red Table R1,15,False
24,60868,iBots,match,27,2024-03-17 15:50:00-07:00,White Table W1,10,False
24,60914,TechnoMasters,match,1,2024-03-17 09:00:00-07:00,Blue Table B1,10,False
24,60914,TechnoMasters,match,13,2024-03-17 11:25:00-07:00,Red Table R2,10,False
24,60914,TechnoMasters,match,19,2024-03-17 13:55:00-07:00,Red Table R1,15,False
24,60914,TechnoMasters,match,25,2024-03-17 15:30:00-07:00,White Table W1,10,False
24,60929,Chips 'n' Bots,match,6,2024-03-17 10:00:00-07:00,Red Table R1,15,False
24,60929,Chips 'n' Bots,match,11,2024-03-17 11:00:00-07:00,White Table W2,10,False
24,60929,Chips 'n' Bots,match,17,2024-03-17 13:25:00-07:00,White Table W1,15,False
24,60929,Chips 'n' Bots,match,30,2024-03-17 16:30:00-07:00,Blue Table B2,15,False
24,61016,Mecha-lions FLL A,match,7,2024-03-17 10:15:00-07:00,Red Table R1,10,False
24,61016,Mecha-lions FLL A,match,12,2024-03-17 11:10:00-07:00,White Table W2,15,False
24,61016,Mecha-lions FLL A,match,18,2024-03-17 13:40:00-07:00,White Table W1,15,False
24,61016,Mecha-lions FLL A,match,31,2024-03-17 16:45:00-07:00,Blue Table B2,10,False
24,61055,Silent Builders,match,2,2024-03-17 09:10:00-07:00,Red Table R2,15,False
24,61055,Silent Builders,match,14,2024-03-17 11:35:00-07:00,Blue Table B2,15,False
24,61055,Silent Builders,match,20,2024-03-17 14:10:00-07:00,Blue Table B1,15,False
24,61055,Silent Builders,match,26,2024-03-17 15:40:00-07:00,White Table W2,10,False
24,61251,RoBosses,match,1,2024-03-17 09:00:00-07:00,White Table W2,10,False
24,61251,RoBosses,match,13,2024-03-17 11:25:00-07:00,White Table W1,10,False
24,61251,RoBosses,match,19,2024-03-17 13:55:00-07:00,Red Table R2,15,False
24,61251,RoBosses,match,25,2024-03-17 15:30:00-07:00,Red Table R1,10,False
24,61990,Mighty Minds,match,5,2024-03-17 09:50:00-07:00,Red Table R2,10,False
24,61990,Mighty Minds,match,10,2024-03-17 10:45:00-07:00,Blue Table B2,15,False
24,61990,Mighty Minds,match,23,2024-03-17 14:55:00-07:00,Blue Table B1,15,False
24,61990,Mighty Minds,match,29,2024-03-17 16:15:00-07:00,White Table W2,15,False
24,62005,Lego Legends,match,5,2024-03-17 09:50:00-07:00,White Table W2,10,False
24,62005,Lego Legends,match,10,2024-03-17 10:45:00-07:00,White Table W1,15,False
24,62005,Lego Legends,match,23,2024-03-17 14:55:00-07:00,Red Table R2,15,False
24,62005,Lego Legends,match,29,2024-03-17 16:15:00-07:00,Red Table R1,15,False
24,62296,In-Vinci-Bots,match,2,2024-03-17 09:10:00-07:00,Red Table R1,15,False
24,62296,In-Vinci-Bots,match,14,2024-03-17 11:35:00-07:00,White Table W2,15,False
24,62296,In-Vinci-Bots,match,20,2024-03-17 14:10:00-07:00,White Table W1,15,False
24,62296,In-Vinci-Bots,match,26,2024-03-17 15:40:00-07:00,Blue Table B2,10,False
24,62681,Golden Eagles,match,2,2024-03-17 09:10:00-07:00,White Table W1,15,False
24,62681,Golden Eagles,match,14,2024-03-17 11:35:00-07:00,Red Table R1,15,False
24,62681,Golden Eagles,match,20,2024-03-17 14:10:00-07:00,Blue Table B2,15,False
24,62681,Golden Eagles,match,26,2024-03-17 15:40:00-07:00,Blue Table B1,10,False
29,193,1. Team Logo,match,3,2024-03-17 09:20:00-07:00,Blue Table,10,True
29,193,1. Team Logo,match,16,2024-03-17 11:35:00-07:00,Blue Table,10,False
29,193,1. Team Logo,match,24,2024-03-17 13:30:00-07:00,Red Table,10,False
29,193,1. Team Logo,match,32,2024-03-17 14:55:00-07:00,Red Table,10,False
29,45629,Dragon Bots,match,2,2024-03-17 09:10:00-07:00,Blue Table,10,True
29,45629,Dragon Bots,match,15,2024-03-17 11:25:00-07:00,Red Table,10,False
29,45629,Dragon Bots,match,25,2024-03-17 13:40:00-07:00,Blue Table,10,False
29,45629,Dragon Bots,match,33,2024-03-17 15:05:00-07:00,Red Table,10,False
29,54960,RoboCavs,match,4,2024-03-17 09:30:00-07:00,Blue Table,10,True
29,54960,RoboCavs,match,12,2024-03-17 10:55:00-07:00,Red Table,10,False
29,54960,RoboCavs,match,23,2024-03-17 13:20:00-07:00,Red Table,10,False
29,54960,RoboCavs,match,40,2024-03-17 16:05:00-07:00,Blue Table,10,False
29,56026,RoboKids,match,6,2024-03-17 09:50:00-07:00,Red Table,10,True
29,56026,RoboKids,match,13,2024-03-17 11:05:00-07:00,Blue Table,10,False
29,56026,RoboKids,match,22,2024-03-17 13:10:00-07:00,Red Table,10,False
29,56026,RoboKids,match,37,2024-03-17 15:45:00-07:00,Blue Table,10,False
29,56308,Dr. Rofrostnik,match,4,2024-03-17 09:30:00-07:00,Red Table,10,True
29,56308,Dr. Rofrostnik,match,11,2024-03-17 10:45:00-07:00,Blue Table,10,False
29,56308,Dr. Rofrostnik,match,21,2024-03-17 13:00:00-07:00,Blue Table,10,False
29,56308,Dr. Rofrostnik,match,37,2024-03-17 15:45:00-07:00,Red Table,10,False
29,56463,AArtIntel,match,5,2024-03-17 09:40:00-07:00,Red Table,10,True
29,56463,AArtIntel,match,13,2024-03-17 11:05:00-07:00,Red Table,10,False
29,56463,AArtIntel,match,23,2024-03-17 13:20:00-07:00,Blue Table,10,False
29,56463,AArtIntel,match,38,2024-03-17 15:55:00-07:00,Blue Table,10,False
29,57420,ChickenBachBachs,match,7,2024-03-17 10:00:00-07:00,Blue Table,10,True
29,57420,ChickenBachBachs,match,18,2024-03-17 11:55:00-07:00,Red Table,10,False
29,57420,ChickenBachBachs,match,29,2024-03-17 14:20:00-07:00,Red Table,10,False
29,57420,ChickenBachBachs,match,36,2024-03-17 15:35:00-07:00,Blue Table,10,False
29,60756,Folsom Thunderbots,match,5,2024-03-17 09:40:00-07:00,Blue Table,10,True
29,60756,Folsom Thunderbots,match,11,2024-03-17 10:45:00-07:00,Red Table,10,False
29,60756,Folsom Thunderbots,match,22,2024-03-17 13:10:00-07:00,Blue Table,10,False
29,60756,Folsom Thunderbots,match,40,2024-03-17 16:05:00-07:00,Red Table,10,False
29,61139,Lightning Squad,match,6,2024-03-17 09:50:00-07:00,Blue Table,10,True
29,61139,Lightning Squad,match,12,2024-03-17 10:55:00-07:00,Blue Table,10,False
29,61139,Lightning Squad,match,21,2024-03-17 13:00:00-07:00,Red Table,10,False
29,61139,Lightning Squad,match,38,2024-03-17 15:55:00-07:00,Red Table,10,False
29,61510,4RoboGurus,match,9,2024-03-17 10:20:00-07:00,Red Table,10,True
29,61510,4RoboGurus,match,14,2024-03-17 11:15:00-07:00,Blue Table,10,False
29,61510,4RoboGurus,match,28,2024-03-17 14:10:00-07:00,Red Table,10,False
29,61510,4RoboGurus,match,34,2024-03-17 15:15:00-07:00,Blue Table,10,False
29,61950,FemBots,match,9,2024-03-17 10:20:00-07:00,Blue Table,10,True
29,61950,FemBots,match,18,2024-03-17 11:55:00-07:00,Blue Table,10,False
29,61950,FemBots,match,27,2024-03-17 14:00:00-07:00,Red Table,10,False
29,61950,FemBots,match,35,2024-03-17 15:25:00-07:00,Red Table,10,False
29,61951,Lords of the Legos,match,7,2024-03-17 10:00:00-07:00,Red Table,10,True
29,61951,Lords of the Legos,match,19,2024-03-17 12:05:00-07:00,Blue Table,10,False
29,61951,Lords of the Legos,match,27,2024-03-17 14:00:00-07:00,Blue Table,10,False
29,61951,Lords of the Legos,match,34,2024-03-17 15:15:00-07:00,Red Table,10,False
29,62984,Eagle Bots,match,8,2024-03-17 10:10:00-07:00,Blue Table,10,True
29,62984,Eagle Bots,match,19,2024-03-17 12:05:00-07:00,Red Table,10,False
29,62984,Eagle Bots,match,28,2024-03-17 14:10:00-07:00,Blue Table,10,False
29,62984,Eagle Bots,match,36,2024-03-17 15:35:00-07:00,Red Table,10,False
29,63333,Jaguars,match,3,2024-03-17 09:20:00-07:00,Red Table,10,True
29,63333,Jaguars,match,17,2024-03-17 11:45:00-07:00,Blue Table,10,False
29,63333,Jaguars,match,25,2024-03-17 13:40:00-07:00,Red Table,10,False
29,63333,Jaguars,match,31,2024-03-17 14:45:00-07:00,Blue Table,10,False
29,63410,Robots En Fuego,match,1,2024-03-17 09:00:00-07:00,Red Table,10,True
29,63410,Robots En Fuego,match,15,2024-03-17 11:25:00-07:00,Blue Table,10,False
29,63410,Robots En Fuego,match,24,2024-03-17 13:30:00-07:00,Blue Table,10,False
29,63410,Robots En Fuego,match,31,2024-03-17 14:45:00-07:00,Red Table,10,False
29,63865,EBTCC Youth Group,match,1,2024-03-17 09:00:00-07:00,Blue Table,10,True
29,63865,EBTCC Youth Group,match,16,2024-03-17 11:35:00-07:00,Red Table,10,False
29,63865,EBTCC Youth Group,match,26,2024-03-17 13:50:00-07:00,Red Table,10,False
29,63865,EBTCC Youth Group,match,33,2024-03-17 15:05:00-07:00,Blue Table,10,False
29,64052,Newbies,match,2,2024-03-17 09:10:00-07:00,Red Table,10,True
29,64052,Newbies,match,17,2024-03-17 11:45:00-07:00,Red Table,10,False
29,64052,Newbies,match,26,2024-03-17 13:50:00-07:00,Blue Table,10,False
29,64052,Newbies,match,32,2024-03-17 14:55:00-07:00,Blue Table,10,False
30,5983,Foothill Rec Team,match,5,2024-04-13 09:40:00-07:00,Blue Table,10,True
30,5983,Foothill Rec Team,match,11,2024-04-13 10:45:00-07:00,Red Table,10,False
30,5983,Foothill Rec Team,match,22,2024-04-13 13:10:00-07:00,Blue Table,10,False
30,5983,Foothill Rec Team,match,40,2024-04-13 16:05:00-07:00,Red Table,10,False
30,20975,Foothill Recreational Team,match,6,2024-04-13 09:50:00-07:00,Red Table,10,True
30,20975,Foothill Recreational Team,match,13,2024-04-13 11:05:00-07:00,Blue Table,10,False
30,20975,Foothill Recreational Team,match,22,2024-04-13 13:10:00-07:00,Red Table,10,False
30,20975,Foothill Recreational Team,match,37,2024-04-13 15:45:00-07:00,Blue Table,10,False
30,58043,Bulldog Bots,match,3,2024-04-13 09:20:00-07:00,Blue Table,10,True
30,58043,Bulldog Bots,match,16,2024-04-13 11:35:00-07:00,Blue Table,10,False
30,58043,Bulldog Bots,match,24,2024-04-13 13:30:00-07:00,Red Table,10,False
30,58043,Bulldog Bots,match,32,2024-04-13 14:55:00-07:00,Red Table,10,False
30,59696,Energizers,match,4,2024-04-13 09:30:00-07:00,Blue Table,10,True
30,59696,Energizers,match,12,2024-04-13 10:55:00-07:00,Red Table,10,False
30,59696,Energizers,match,23,2024-04-13 13:20:00-07:00,Red Table,10,False
30,59696,Energizers,match,40,2024-04-13 16:05:00-07:00,Blue Table,10,False
30,59923,Botatoes,match,7,2024-04-13 10:00:00-07:00,Blue Table,10,True
30,59923,Botatoes,match,18,2024-04-13 11:55:00-07:00,Red Table,10,False
30,59923,Botatoes,match,29,2024-04-13 14:20:00-07:00,Red Table,10,False
30,59923,Botatoes,match,36,2024-04-13 15:35:00-07:00,Blue Table,10,False
30,60069,NINDROIDS,match,3,2024-04-13 09:20:00-07:00,Red Table,10,True
30,60069,NINDROIDS,match,17,2024-04-13 11:45:00-07:00,Blue Table,10,False
30,60069,NINDROIDS,match,25,2024-04-13 13:40:00-07:00,Red Table,10,False
30,60069,NINDROIDS,match,31,2024-04-13 14:45:00-07:00,Blue Table,10,False
30,60141,Ginger Seals,match,6,2024-04-13 09:50:00-07:00,Blue Table,10,True
30,60141,Ginger Seals,match,12,2024-04-13 10:55:00-07:00,Blue Table,10,False
30,60141,Ginger Seals,match,21,2024-04-13 13:00:00-07:00,Red Table,10,False
30,60141,Ginger Seals,match,38,2024-04-13 15:55:00-07:00,Red Table,10,False
30,60451,Galactic Marshmallows,match,1,2024-04-13 09:00:00-07:00,Red Table,10,True
30,60451,Galactic Marshmallows,match,15,2024-04-13 11:25:00-07:00,Blue Table,10,False
30,60451,Galactic Marshmallows,match,24,2024-04-13 13:30:00-07:00,Blue Table,10,False
30,60451,Galactic Marshmallows,match,31,2024-04-13 14:45:00-07:00,Red Table,10,False
30,60497,Apollo 6,match,2,2024-04-13 09:10:00-07:00,Red Table,10,True
30,60497,Apollo 6,match,17,2024-04-13 11:45:00-07:00,Red Table,10,False
30,60497,Apollo 6,match,26,2024-04-13 13:50:00-07:00,Blue Table,10,False
30,60497,Apollo 6,match,32,2024-04-13 14:55:00-07:00,Blue Table,10,False
30,60786,Vornadoes,match,8,2024-04-13 10:10:00-07:00,Red Table,10,True
30,60786,Vornadoes,match,14,2024-04-13 11:15:00-07:00,Red Table,10,False
30,60786,Vornadoes,match,29,2024-04-13 14:20:00-07:00,Blue Table,10,False
30,60786,Vornadoes,match,35,2024-04-13 15:25:00-07:00,Blue Table,10,False
30,61489,Guinius,match,4,2024-04-13 09:30:00-07:00,Red Table,10,True
30,61489,Guinius,match,11,2024-04-13 10:45:00-07:00,Blue Table,10,False
30,61489,Guinius,match,21,2024-04-13 13:00:00-07:00,Blue Table,10,False
30,61489,Guinius,match,37,2024-04-13 15:45:00-07:00,Red Table,10,False
30,61719,Emeralds,match,2,2024-04-13 09:10:00-07:00,Blue Table,10,True
30,61719,Emeralds,match,15,2024-04-13 11:25:00-07:00,Red Table,10,False
30,61719,Emeralds,match,25,2024-04-13 13:40:00-07:00,Blue Table,10,False
30,61719,Emeralds,match,33,2024-04-13 15:05:00-07:00,Red Table,10,False
30,61997,Clueless Mechanics,match,5,2024-04-13 09:40:00-07:00,Red Table,10,True
30,61997,Clueless Mechanics,match,13,2024-04-13 11:05:00-07:00,Red Table,10,False
30,61997,Clueless Mechanics,match,23,2024-04-13 13:20:00-07:00,Blue Table,10,False
30,61997,Clueless Mechanics,match,38,2024-04-13 15:55:00-07:00,Blue Table,10,False
30,63308,QLS 5G,match,7,2024-04-13 10:00:00-07:00,Red Table,10,True
30,63308,QLS 5G,match,19,2024-04-13 12:05:00-07:00,Blue Table,10,False
30,63308,QLS 5G,match,27,2024-04-13 14:00:00-07:00,Blue Table,10,False
30,63308,QLS 5G,match,34,2024-04-13 15:15:00-07:00,Red Table,10,False
30,63583,QLS HopperBots,match,1,2024-04-13 09:00:00-07:00,Blue Table,10,True
30,63583,QLS HopperBots,match,16,2024-04-13 11:35:00-07:00,Red Table,10,False
30,63583,QLS HopperBots,match,26,2024-04-13 13:50:00-07:00,Red Table,10,False
30,63583,QLS HopperBots,match,33,2024-04-13 15:05:00-07:00,Blue Table,10,False
30,63874,MasterBuilder3,match,8,2024-04-13 10:10:00-07:00,Blue Table,10,True
30,63874,MasterBuilder3,match,19,2024-04-13 12:05:00-07:00,Red Table,10,False
30,63874,MasterBuilder3,match,28,2024-04-13 14:10:00-07:00,Blue Table,10,False
30,63874,MasterBuilder3,match,36,2024-04-13 15:35:00-07:00,Red Table,10,False
30,64480,@Anakin Piewalkers,match,9,2024-04-13 10:20:00-07:00,Red Table,10,True
30,64480,@Anakin Piewalkers,match,14,2024-04-13 11:15:00-07:00,Blue Table,10,False
30,64480,@Anakin Piewalkers,match,28,2024-04-13 14:10:00-07:00,Red Table,10,False
30,64480,@Anakin Piewalkers,match,34,2024-04-13 15:15:00-07:00,Blue Table,10,False
30,64490,Legonauts,match,9,2024-04-13 10:20:00-07:00,Blue Table,10,True
30,64490,Legonauts,match,18,2024-04-13 11:55:00-07:00,Blue Table,10,False
30,64490,Legonauts,match,27,2024-04-13 14:00:00-07:00,Red Table,10,False
30,64490,Legonauts,match,35,2024-04-13 15:25:00-07:00,Red Table,10,False
34,20710,Our Savior Lions,match,2,2024-03-02 09:25:00-08:00,Blue Table,20,True
34,20710,Our Savior Lions,match,9,2024-03-02 11:30:00-08:00,Red Table,15,False
34,20710,Our Savior Lions,match,15,2024-03-02 13:45:00-08:00,Blue Table,15,False
34,20710,Our Savior Lions,match,21,2024-03-02 15:05:00-08:00,Red Table,10,False
34,56549,SPAKE,match,3,2024-03-02 09:45:00-08:00,Red Table,20,True
34,56549,SPAKE,match,7,2024-03-02 11:00:00-08:00,Blue Table,15,False
34,56549,SPAKE,match,17,2024-03-02 14:15:00-08:00,Blue Table,15,False
34,56549,SPAKE,match,22,2024-03-02 15:15:00-08:00,Red Table,10,False
34,57290,Cyberspace Crusader,match,1,2024-03-02 09:05:00-08:00,Blue Table,20,True
34,57290,Cyberspace Crusader,match,10,2024-03-02 11:45:00-08:00,Blue Table,15,False
34,57290,Cyberspace Crusader,match,14,2024-03-02 13:30:00-08:00,Red Table,15,False
34,57290,Cyberspace Crusader,match,20,2024-03-02 14:55:00-08:00,Red Table,10,False
34,60037,BuilderBots,match,4,2024-03-02 10:05:00-08:00,Red Table,20,True
34,60037,BuilderBots,match,7,2024-03-02 11:00:00-08:00,Red Table,15,False
34,60037,BuilderBots,match,13,2024-03-02 13:15:00-08:00,Blue Table,15,False
34,60037,BuilderBots,match,19,2024-03-02 14:45:00-08:00,Blue Table,10,False
34,60381,Robotic Raptors,match,2,2024-03-02 09:25:00-08:00,Red Table,20,True
34,60381,Robotic Raptors,match,11,2024-03-02 12:00:00-08:00,Red Table,15,False
34,60381,Robotic Raptors,match,16,2024-03-02 14:00:00-08:00,Blue Table,15,False
34,60381,Robotic Raptors,match,23,2024-03-02 15:25:00-08:00,Blue Table,20,False
34,61353,BookWorms,match,1,2024-03-02 09:05:00-08:00,Red Table,20,True
34,61353,BookWorms,match,11,2024-03-02 12:00:00-08:00,Blue Table,15,False
34,61353,BookWorms,match,15,2024-03-02 13:45:00-08:00,Red Table,15,False
34,61353,BookWorms,match,22,2024-03-02 15:15:00-08:00,Blue Table,10,False
34,61685,Noddin Dynabots,match,4,2024-03-02 10:05:00-08:00,Blue Table,20,True
34,61685,Noddin Dynabots,match,8,2024-03-02 11:15:00-08:00,Blue Table,15,False
34,61685,Noddin Dynabots,match,17,2024-03-02 14:15:00-08:00,Red Table,15,False
34,61685,Noddin Dynabots,match,23,2024-03-02 15:25:00-08:00,Red Table,20,False
34,62969,Pineapple Dragons,match,5,2024-03-02 10:25:00-08:00,Blue Table,20,True
34,62969,Pineapple Dragons,match,10,2024-03-02 11:45:00-08:00,Red Table,15,False
34,62969,Pineapple Dragons,match,16,2024-03-02 14:00:00-08:00,Red Table,15,False
34,62969,Pineapple Dragons,match,21,2024-03-02 15:05:00-08:00,Blue Table,10,False
34,63265,Stratford Osgood Lionfish,match,3,2024-03-02 09:45:00-08:00,Blue Table,20,True
34,63265,Stratford Osgood Lionfish,match,8,2024-03-02 11:15:00-08:00,Red Table,15,False
34,63265,Stratford Osgood Lionfish,match,13,2024-03-02 13:15:00-08:00,Red Table,15,False
34,63265,Stratford Osgood Lionfish,match,20,2024-03-02 14:55:00-08:00,Blue Table,10,False
34,63820,Robo Rangers,match,5,2024-03-02 10:25:00-08:00,Red Table,20,True
34,63820,Robo Rangers,match,9,2024-03-02 11:30:00-08:00,Blue Table,15,False
34,63820,Robo Rangers,match,14,2024-03-02 13:30:00-08:00,Blue Table,15,False
34,63820,Robo Rangers,match,19,2024-03-02 14:45:00-08:00,Red Table,10,False
35,8560,ProGRAHAMers,match,9,2024-03-30 10:20:00-07:00,Red Table,10,True
35,8560,ProGRAHAMers,match,14,2024-03-30 11:15:00-07:00,Blue Table,10,False
35,8560,ProGRAHAMers,match,28,2024-03-30 14:10:00-07:00,Red Table,10,False
35,8560,ProGRAHAMers,match,34,2024-03-30 15:15:00-07:00,Blue Table,10,False
35,50914,STEALTHY PYTHON,match,2,2024-03-30 09:10:00-07:00,Red Table,10,True
35,50914,STEALTHY PYTHON,match,17,2024-03-30 11:45:00-07:00,Red Table,10,False
35,50914,STEALTHY PYTHON,match,26,2024-03-30 13:50:00-07:00,Blue Table,10,False
35,50914,STEALTHY PYTHON,match,32,2024-03-30 14:55:00-07:00,Blue Table,10,False
35,56313,The Demonics,match,1,2024-03-30 09:00:00-07:00,Red Table,10,True
35,56313,The Demonics,match,15,2024-03-30 11:25:00-07:00,Blue Table,10,False
35,56313,The Demonics,match,24,2024-03-30 13:30:00-07:00,Blue Table,10,False
35,56313,The Demonics,match,31,2024-03-30 14:45:00-07:00,Red Table,10,False
35,58230,Celestial Phoenix,match,8,2024-03-30 10:10:00-07:00,Red Table,10,True
35,58230,Celestial Phoenix,match,14,2024-03-30 11:15:00-07:00,Red Table,10,False
35,58230,Celestial Phoenix,match,29,2024-03-30 14:20:00-07:00,Blue Table,10,False
35,58230,Celestial Phoenix,match,35,2024-03-30 15:25:00-07:00,Blue Table,10,False
35,58632,Foxes Allstars,match,4,2024-03-30 09:30:00-07:00,Blue Table,10,True
35,58632,Foxes Allstars,match,12,2024-03-30 10:55:00-07:00,Red Table,10,False
35,58632,Foxes Allstars,match,23,2024-03-30 13:20:00-07:00,Red Table,10,False
35,58632,Foxes Allstars,match,40,2024-03-30 16:05:00-07:00,Blue Table,10,False
35,58663,Arctech Foxes Allstars,match,3,2024-03-30 09:20:00-07:00,Red Table,10,True
35,58663,Arctech Foxes Allstars,match,17,2024-03-30 11:45:00-07:00,Blue Table,10,False
35,58663,Arctech Foxes Allstars,match,25,2024-03-30 13:40:00-07:00,Red Table,10,False
35,58663,Arctech Foxes Allstars,match,31,2024-03-30 14:45:00-07:00,Blue Table,10,False
35,59907,Cheetahs Allstars ,match,7,2024-03-30 10:00:00-07:00,Blue Table,10,True
35,59907,Cheetahs Allstars ,match,18,2024-03-30 11:55:00-07:00,Red Table,10,False
35,59907,Cheetahs Allstars ,match,29,2024-03-30 14:20:00-07:00,Red Table,10,False
35,59907,Cheetahs Allstars ,match,36,2024-03-30 15:35:00-07:00,Blue Table,10,False
35,59995,Lego Lion Legends,match,8,2024-03-30 10:10:00-07:00,Blue Table,10,True
35,59995,Lego Lion Legends,match,19,2024-03-30 12:05:00-07:00,Red Table,10,False
35,59995,Lego Lion Legends,match,28,2024-03-30 14:10:00-07:00,Blue Table,10,False
35,59995,Lego Lion Legends,match,36,2024-03-30 15:35:00-07:00,Red Table,10,False
35,60028,Dublin Robotics Club Genesis,match,4,2024-03-30 09:30:00-07:00,Red Table,10,True
35,60028,Dublin Robotics Club Genesis,match,11,2024-03-30 10:45:00-07:00,Blue Table,10,False
35,60028,Dublin Robotics Club Genesis,match,21,2024-03-30 13:00:00-07:00,Blue Table,10,False
35,60028,Dublin Robotics Club Genesis,match,37,2024-03-30 15:45:00-07:00,Red Table,10,False
35,60382,DCS Robo Cubs,match,5,2024-03-30 09:40:00-07:00,Red Table,10,True
35,60382,DCS Robo Cubs,match,13,2024-03-30 11:05:00-07:00,Red Table,10,False
35,60382,DCS Robo Cubs,match,23,2024-03-30 13:20:00-07:00,Blue Table,10,False
35,60382,DCS Robo Cubs,match,38,2024-03-30 15:55:00-07:00,Blue Table,10,False
35,60658,Alphabots,match,2,2024-03-30 09:10:00-07:00,Blue Table,10,True
35,60658,Alphabots,match,15,2024-03-30 11:25:00-07:00,Red Table,10,False
35,60658,Alphabots,match,25,2024-03-30 13:40:00-07:00,Blue Table,10,False
35,60658,Alphabots,match,33,2024-03-30 15:05:00-07:00,Red Table,10,False
35,60845,Blue Kitties,match,6,2024-03-30 09:50:00-07:00,Blue Table,10,True
35,60845,Blue Kitties,match,12,2024-03-30 10:55:00-07:00,Blue Table,10,False
35,60845,Blue Kitties,match,21,2024-03-30 13:00:00-07:00,Red Table,10,False
35,60845,Blue Kitties,match,38,2024-03-30 15:55:00-07:00,Red Table,10,False
35,61718,MechMavericks,match,6,2024-03-30 09:50:00-07:00,Red Table,10,True
35,61718,MechMavericks,match,13,2024-03-30 11:05:00-07:00,Blue Table,10,False
35,61718,MechMavericks,match,22,2024-03-30 13:10:00-07:00,Red Table,10,False
35,61718,MechMavericks,match,37,2024-03-30 15:45:00-07:00,Blue Table,10,False
35,62819,Bobcat Bots,match,5,2024-03-30 09:40:00-07:00,Blue Table,10,True
35,62819,Bobcat Bots,match,11,2024-03-30 10:45:00-07:00,Red Table,10,False
35,62819,Bobcat Bots,match,22,2024-03-30 13:10:00-07:00,Blue Table,10,False
35,62819,Bobcat Bots,match,40,2024-03-30 16:05:00-07:00,Red Table,10,False
35,64638,Brain Bots,match,9,2024-03-30 10:20:00-07:00,Blue Table,10,True
35,64638,Brain Bots,match,18,2024-03-30 11:55:00-07:00,Blue Table,10,False
35,64638,Brain Bots,match,27,2024-03-30 14:00:00-07:00,Red Table,10,False
35,64638,Brain Bots,match,35,2024-03-30 15:25:00-07:00,Red Table,10,False
35,64644,The Axolotls,match,1,2024-03-30 09:00:00-07:00,Blue Table,10,True
35,64644,The Axolotls,match,16,2024-03-30 11:35:00-07:00,Red Table,10,False
35,64644,The Axolotls,match,26,2024-03-30 13:50:00-07:00,Red Table,10,False
35,64644,The Axolotls,match,33,2024-03-30 15:05:00-07:00,Blue Table,10,False
35,64698,ROAR,match,3,2024-03-30 09:20:00-07:00,Blue Table,10,True
35,64698,ROAR,match,16,2024-03-30 11:35:00-07:00,Blue Table,10,False
35,64698,ROAR,match,24,2024-03-30 13:30:00-07:00,Red Table,10,False
35,64698,ROAR,match,32,2024-03-30 14:55:00-07:00,Red Table,10,False
42,52561,Brilliant Beavers,match,5,2024-04-27 10:25:00-07:00,Blue Table B,20,True
42,52561,Brilliant Beavers,match,10,2024-04-27 11:45:00-07:00,Red Table A,15,False
42,52561,Brilliant Beavers,match,16,2024-04-27 14:00:00-07:00,Red Table A,15,False
42,52561,Brilliant Beavers,match,21,2024-04-27 15:05:00-07:00,Blue Table B,10,False
42,58828,ShortCircuit,match,1,2024-04-27 09:05:00-07:00,Red Table A,20,True
42,58828,ShortCircuit,match,11,2024-04-27 12:00:00-07:00,Blue Table B,15,False
42,58828,ShortCircuit,match,15,2024-04-27 13:45:00-07:00,Red Table A,15,False
42,58828,ShortCircuit,match,22,2024-04-27 15:15:00-07:00,Blue Table B,10,False
42,59559,The Masterminds,match,4,2024-04-27 10:05:00-07:00,Blue Table B,20,True
42,59559,The Masterminds,match,8,2024-04-27 11:15:00-07:00,Blue Table B,15,False
42,59559,The Masterminds,match,17,2024-04-27 14:15:00-07:00,Red Table A,15,False
42,59559,The Masterminds,match,23,2024-04-27 15:25:00-07:00,Red Table A,20,False
42,60383,DCS Astro Cubs,match,2,2024-04-27 09:25:00-07:00,Red Table A,20,True
42,60383,DCS Astro Cubs,match,11,2024-04-27 12:00:00-07:00,Red Table A,15,False
42,60383,DCS Astro Cubs,match,16,2024-04-27 14:00:00-07:00,Blue Table B,15,False
42,60383,DCS Astro Cubs,match,23,2024-04-27 15:25:00-07:00,Blue Table B,20,False
42,60787,Shelby,match,5,2024-04-27 10:25:00-07:00,Red Table A,20,True
42,60787,Shelby,match,9,2024-04-27 11:30:00-07:00,Blue Table B,15,False
42,60787,Shelby,match,14,2024-04-27 13:30:00-07:00,Blue Table B,15,False
42,60787,Shelby,match,19,2024-04-27 14:45:00-07:00,Red Table A,10,False
42,62720,The Golden Group,match,4,2024-04-27 10:05:00-07:00,Red Table A,20,True
42,62720,The Golden Group,match,7,2024-04-27 11:00:00-07:00,Red Table A,15,False
42,62720,The Golden Group,match,13,2024-04-27 13:15:00-07:00,Blue Table B,15,False
42,62720,The Golden Group,match,19,2024-04-27 14:45:00-07:00,Blue Table B,10,False
42,63993,HSS Robotics 63993,match,1,2024-04-27 09:05:00-07:00,Blue Table B,20,True
42,63993,HSS Robotics 63993,match,10,2024-04-27 11:45:00-07:00,Blue Table B,15,False
42,63993,HSS Robotics 63993,match,14,2024-04-27 13:30:00-07:00,Red Table A,15,False
42,63993,HSS Robotics 63993,match,20,2024-04-27 14:55:00-07:00,Red Table A,10,False
42,64724,Happy Banana,match,2,2024-04-27 09:25:00-07:00,Blue Table B,20,True
42,64724,Happy Banana,match,9,2024-04-27 11:30:00-07:00,Red Table A,15,False
42,64724,Happy Banana,match,15,2024-04-27 13:45:00-07:00,Blue Table B,15,False
42,64724,Happy Banana,match,21,2024-04-27 15:05:00-07:00,Red Table A,10,False
42,64757,Greater Than One,match,3,2024-04-27 09:45:00-07:00,Red Table A,20,True
42,64757,Greater Than One,match,7,2024-04-27 11:00:00-07:00,Blue Table B,15,False
42,64757,Greater Than One,match,17,2024-04-27 14:15:00-07:00,Blue Table B,15,False
42,64757,Greater Than One,match,22,2024-04-27 15:15:00-07:00,Red Table A,10,False
44,7434,Human Computers,match,1,2024-11-02 09:15:00-07:00,TABLE B,15,True
44,7434,Human Computers,match,12,2024-11-02 11:50:00-07:00,TABLE A,10,False
44,7434,Human Computers,match,19,2024-11-02 14:05:00-07:00,TABLE A,10,False
44,7434,Human Computers,match,24,2024-11-02 15:20:00-07:00,TABLE B,15,False
44,55976,Megamind Mechanics,match,5,2024-11-02 10:15:00-07:00,TABLE B,15,True
44,55976,Megamind Mechanics,match,9,2024-11-02 11:10:00-07:00,TABLE B,15,False
44,55976,Megamind Mechanics,match,20,2024-11-02 14:15:00-07:00,TABLE A,10,False
44,55976,Megamind Mechanics,match,26,2024-11-02 15:45:00-07:00,TABLE A,10,False
44,60433,Sigma Squad,match,2,2024-11-02 09:30:00-07:00,TABLE A,15,True
44,60433,Sigma Squad,match,13,2024-11-02 12:00:00-07:00,TABLE B,10,False
44,60433,Sigma Squad,match,18,2024-11-02 13:50:00-07:00,TABLE A,15,False
44,60433,Sigma Squad,match,22,2024-11-02 15:00:00-07:00,TABLE B,10,False
44,60956,The Stanlicorns,match,1,2024-11-02 09:15:00-07:00,TABLE A,15,True
44,60956,The Stanlicorns,match,11,2024-11-02 11:35:00-07:00,TABLE B,15,False
44,60956,The Stanlicorns,match,17,2024-11-02 13:40:00-07:00,TABLE B,10,False
44,60956,The Stanlicorns,match,22,2024-11-02 15:00:00-07:00,TABLE A,10,False
44,60987,The fighting Pickles,match,2,2024-11-02 09:30:00-07:00,TABLE B,15,True
44,60987,The fighting Pickles,match,12,2024-11-02 11:50:00-07:00,TABLE B,10,False
44,60987,The fighting Pickles,match,17,2024-11-02 13:40:00-07:00,TABLE A,10,False
44,60987,The fighting Pickles,match,23,2024-11-02 15:10:00-07:00,TABLE A,10,False
44,61166,R2-D2,match,3,2024-11-02 09:45:00-07:00,TABLE B,15,True
44,61166,R2-D2,match,11,2024-11-02 11:35:00-07:00,TABLE A,15,False
44,61166,R2-D2,match,18,2024-11-02 13:50:00-07:00,TABLE B,15,False
44,61166,R2-D2,match,24,2024-11-02 15:20:00-07:00,TABLE A,15,False
44,61769,Omegas,match,6,2024-11-02 10:30:00-07:00,TABLE A,10,True
44,61769,Omegas,match,10,2024-11-02 11:25:00-07:00,TABLE A,10,False
44,61769,Omegas,match,16,2024-11-02 13:25:00-07:00,TABLE B,15,False
44,61769,Omegas,match,26,2024-11-02 15:45:00-07:00,TABLE B,10,False
44,66452,TeamRuana,match,5,2024-11-02 10:15:00-07:00,TABLE A,15,True
44,66452,TeamRuana,match,10,2024-11-02 11:25:00-07:00,TABLE B,10,False
44,66452,TeamRuana,match,15,2024-11-02 13:15:00-07:00,TABLE A,10,False
44,66452,TeamRuana,match,25,2024-11-02 15:35:00-07:00,TABLE B,10,False
44,67148,Snowboard Seals,match,4,2024-11-02 10:00:00-07:00,TABLE B,15,True
44,67148,Snowboard Seals,match,9,2024-11-02 11:10:00-07:00,TABLE A,15,False
44,67148,Snowboard Seals,match,16,2024-11-02 13:25:00-07:00,TABLE A,15,False
44,67148,Snowboard Seals,match,27,2024-11-02 15:55:00-07:00,TABLE B,10,False
44,67232,Terminators,match,3,2024-11-02 09:45:00-07:00,TABLE A,15,True
44,67232,Terminators,match,13,2024-11-02 12:00:00-07:00,TABLE A,10,False
44,67232,Terminators,match,19,2024-11-02 14:05:00-07:00,TABLE B,10,False
44,67232,Terminators,match,23,2024-11-02 15:10:00-07:00,TABLE B,10,False
44,67473,Krazy Krillionaires,match,4,2024-11-02 10:00:00-07:00,TABLE A,15,True
44,67473,Krazy Krillionaires,match,8,2024-11-02 11:00:00-07:00,TABLE B,10,False
44,67473,Krazy Krillionaires,match,20,2024-11-02 14:15:00-07:00,TABLE B,10,False
44,67473,Krazy Krillionaires,match,25,2024-11-02 15:35:00-07:00,TABLE A,10,False
44,68707,HF Bears,match,6,2024-11-02 10:30:00-07:00,TABLE B,10,True
44,68707,HF Bears,match,8,2024-11-02 11:00:00-07:00,TABLE A,10,False
44,68707,HF Bears,match,15,2024-11-02 13:15:00-07:00,TABLE B,10,False
44,68707,HF Bears,match,27,2024-11-02 15:55:00-07:00,TABLE A,10,False
46,53086,Discovery Eagles,match,4,2024-11-09 10:00:00-08:00,TABLE A,15,True
46,53086,Discovery Eagles,match,9,2024-11-09 11:00:00-08:00,TABLE B,15,False
46,53086,Discovery Eagles,match,20,2024-11-09 14:30:00-08:00,TABLE B,10,False
46,53086,Discovery Eagles,match,25,2024-11-09 15:45:00-08:00,TABLE A,10,False
46,57125,Incredibuilders,match,4,2024-11-09 10:00:00-08:00,TABLE B,15,True
46,57125,Incredibuilders,match,11,2024-11-09 11:30:00-08:00,TABLE A,15,False
46,57125,Incredibuilders,match,18,2024-11-09 14:00:00-08:00,TABLE A,15,False
46,57125,Incredibuilders,match,27,2024-11-09 16:05:00-08:00,TABLE B,10,False
46,57236,Electric Bricks,match,6,2024-11-09 10:30:00-08:00,TABLE B,10,True
46,57236,Electric Bricks,match,10,2024-11-09 11:15:00-08:00,TABLE B,15,False
46,57236,Electric Bricks,match,20,2024-11-09 14:30:00-08:00,TABLE A,10,False
46,57236,Electric Bricks,match,27,2024-11-09 16:05:00-08:00,TABLE A,10,False
46,60070,Robo-Sapiens,match,3,2024-11-09 09:45:00-08:00,TABLE B,15,True
46,60070,Robo-Sapiens,match,13,2024-11-09 12:00:00-08:00,TABLE B,10,False
46,60070,Robo-Sapiens,match,16,2024-11-09 13:30:00-08:00,TABLE A,15,False
46,60070,Robo-Sapiens,match,24,2024-11-09 15:30:00-08:00,TABLE A,15,False
46,60981,WinsLab,match,5,2024-11-09 10:15:00-08:00,TABLE A,15,True
46,60981,WinsLab,match,10,2024-11-09 11:15:00-08:00,TABLE A,15,False
46,60981,WinsLab,match,15,2024-11-09 13:15:00-08:00,TABLE B,15,False
46,60981,WinsLab,match,25,2024-11-09 15:45:00-08:00,TABLE B,10,False
46,61016,Mecha Lions FLL A,match,5,2024-11-09 10:15:00-08:00,TABLE B,15,True
46,61016,Mecha Lions FLL A,match,9,2024-11-09 11:00:00-08:00,TABLE A,15,False
46,61016,Mecha Lions FLL A,match,18,2024-11-09 14:00:00-08:00,TABLE B,15,False
46,61016,Mecha Lions FLL A,match,26,2024-11-09 15:55:00-08:00,TABLE A,10,False
46,61017,Mecha Lions FLL B,match,2,2024-11-09 09:30:00-08:00,TABLE A,15,True
46,61017,Mecha Lions FLL B,match,13,2024-11-09 12:00:00-08:00,TABLE A,10,False
46,61017,Mecha Lions FLL B,match,19,2024-11-09 14:15:00-08:00,TABLE B,15,False
46,61017,Mecha Lions FLL B,match,22,2024-11-09 15:10:00-08:00,TABLE B,10,False
46,61018,Mecha Lions FLL C,match,2,2024-11-09 09:30:00-08:00,TABLE B,15,True
46,61018,Mecha Lions FLL C,match,12,2024-11-09 11:45:00-08:00,TABLE A,15,False
46,61018,Mecha Lions FLL C,match,17,2024-11-09 13:45:00-08:00,TABLE B,15,False
46,61018,Mecha Lions FLL C,match,23,2024-11-09 15:20:00-08:00,TABLE A,10,False
46,65065,INNO BOTS,match,3,2024-11-09 09:45:00-08:00,TABLE A,15,True
46,65065,INNO BOTS,match,8,2024-11-09 10:45:00-08:00,TABLE B,15,False
46,65065,INNO BOTS,match,19,2024-11-09 14:15:00-08:00,TABLE A,15,False
46,65065,INNO BOTS,match,23,2024-11-09 15:20:00-08:00,TABLE B,10,False
46,66285,Alpha Zeta,match,6,2024-11-09 10:30:00-08:00,TABLE A,10,True
46,66285,Alpha Zeta,match,11,2024-11-09 11:30:00-08:00,TABLE B,15,False
46,66285,Alpha Zeta,match,15,2024-11-09 13:15:00-08:00,TABLE A,15,False
46,66285,Alpha Zeta,match,26,2024-11-09 15:55:00-08:00,TABLE B,10,False
46,67058,Coral Keepers,match,1,2024-11-09 09:15:00-08:00,TABLE A,15,True
46,67058,Coral Keepers,match,12,2024-11-09 11:45:00-08:00,TABLE B,15,False
46,67058,Coral Keepers,match,16,2024-11-09 13:30:00-08:00,TABLE B,15,False
46,67058,Coral Keepers,match,22,2024-11-09 15:10:00-08:00,TABLE A,10,False
46,68216,Circuit Breakers,match,1,2024-11-09 09:15:00-08:00,TABLE B,15,True
46,68216,Circuit Breakers,match,8,2024-11-09 10:45:00-08:00,TABLE A,15,False
46,68216,Circuit Breakers,match,17,2024-11-09 13:45:00-08:00,TABLE A,15,False
46,68216,Circuit Breakers,match,24,2024-11-09 15:30:00-08:00,TABLE B,15,False
47,5983,GOATed Griffins (5983),match,2,2024-11-09 09:30:00-08:00,TABLE B,15,True
47,5983,GOATed Griffins (5983),match,12,2024-11-09 11:45:00-08:00,TABLE A,15,False
47,5983,GOATed Griffins (5983),match,17,2024-11-09 13:45:00-08:00,TABLE B,15,False
47,5983,GOATed Griffins (5983),match,23,2024-11-09 15:20:00-08:00,TABLE A,10,False
47,7052,OP Octopi,match,4,2024-11-09 10:00:00-08:00,TABLE B,15,True
47,7052,OP Octopi,match,11,2024-11-09 11:30:00-08:00,TABLE A,15,False
47,7052,OP Octopi,match,18,2024-11-09 14:00:00-08:00,TABLE A,15,False
47,7052,OP Octopi,match,27,2024-11-09 16:05:00-08:00,TABLE B,10,False
47,7453,Political Penguins,match,2,2024-11-09 09:30:00-08:00,TABLE A,15,True
47,7453,Political Penguins,match,13,2024-11-09 12:00:00-08:00,TABLE A,10,False
47,7453,Political Penguins,match,19,2024-11-09 14:15:00-08:00,TABLE B,15,False
47,7453,Political Penguins,match,22,2024-11-09 15:10:00-08:00,TABLE B,10,False
47,61685,Noddin Dynabots,match,5,2024-11-09 10:15:00-08:00,TABLE B,15,True
47,61685,Noddin Dynabots,match,9,2024-11-09 11:00:00-08:00,TABLE A,15,False
47,61685,Noddin Dynabots,match,18,2024-11-09 14:00:00-08:00,TABLE B,15,False
47,61685,Noddin Dynabots,match,26,2024-11-09 15:55:00-08:00,TABLE A,10,False
47,61708,Squirtle,match,1,2024-11-09 09:15:00-08:00,TABLE B,15,True
47,61708,Squirtle,match,8,2024-11-09 10:45:00-08:00,TABLE A,15,False
47,61708,Squirtle,match,17,2024-11-09 13:45:00-08:00,TABLE A,15,False
47,61708,Squirtle,match,24,2024-11-09 15:30:00-08:00,TABLE B,15,False
47,62140,Team St.Anne,match,4,2024-11-09 10:00:00-08:00,TABLE A,15,True
47,62140,Team St.Anne,match,9,2024-11-09 11:00:00-08:00,TABLE B,15,False
47,62140,Team St.Anne,match,20,2024-11-09 14:30:00-08:00,TABLE B,10,False
47,62140,Team St.Anne,match,25,2024-11-09 15:45:00-08:00,TABLE A,10,False
47,66342,KiloNuggets,match,6,2024-11-09 10:30:00-08:00,TABLE A,10,True
47,66342,KiloNuggets,match,11,2024-11-09 11:30:00-08:00,TABLE B,15,False
47,66342,KiloNuggets,match,15,2024-11-09 13:15:00-08:00,TABLE A,15,False
47,66342,KiloNuggets,match,26,2024-11-09 15:55:00-08:00,TABLE B,10,False
47,66715,Oceanic Champs,match,3,2024-11-09 09:45:00-08:00,TABLE B,15,True
47,66715,Oceanic Champs,match,13,2024-11-09 12:00:00-08:00,TABLE B,10,False
47,66715,Oceanic Champs,match,16,2024-11-09 13:30:00-08:00,TABLE A,15,False
47,66715,Oceanic Champs,match,24,2024-11-09 15:30:00-08:00,TABLE A,15,False
47,66764,Celsius and Beyond ,match,1,2024-11-09 09:15:00-08:00,TABLE A,15,True
47,66764,Celsius and Beyond ,match,12,2024-11-09 11:45:00-08:00,TABLE B,15,False
47,66764,Celsius and Beyond ,match,16,2024-11-09 13:30:00-08:00,TABLE B,15,False
47,66764,Celsius and Beyond ,match,22,2024-11-09 15:10:00-08:00,TABLE A,10,False
47,67854,Superstars,match,3,2024-11-09 09:45:00-08:00,TABLE A,15,True
47,67854,Superstars,match,8,2024-11-09 10:45:00-08:00,TABLE B,15,False
47,67854,Superstars,match,19,2024-11-09 14:15:00-08:00,TABLE A,15,False
47,67854,Superstars,match,23,2024-11-09 15:20:00-08:00,TABLE B,10,False
47,68652,Cowculators,match,5,2024-11-09 10:15:00-08:00,TABLE A,15,True
47,68652,Cowculators,match,10,2024-11-09 11:15:00-08:00,TABLE A,15,False
47,68652,Cowculators,match,15,2024-11-09 13:15:00-08:00,TABLE B,15,False
47,68652,Cowculators,match,25,2024-11-09 15:45:00-08:00,TABLE B,10,False
47,68847,St.Anne Stars,match,6,2024-11-09 10:30:00-08:00,TABLE B,10,True
47,68847,St.Anne Stars,match,10,2024-11-09 11:15:00-08:00,TABLE B,15,False
47,68847,St.Anne Stars,match,20,2024-11-09 14:30:00-08:00,TABLE A,10,False
47,68847,St.Anne Stars,match,27,2024-11-09 16:05:00-08:00,TABLE A,10,False
48,461,Terminatorz,match,5,2024-11-09 10:15:00-08:00,TABLE B,15,True
48,461,Terminatorz,match,9,2024-11-09 11:00:00-08:00,TABLE A,15,False
48,461,Terminatorz,match,18,2024-11-09 14:00:00-08:00,TABLE B,15,False
48,461,Terminatorz,match,26,2024-11-09 15:55:00-08:00,TABLE A,10,False
48,52305,Master Oogway,match,2,2024-11-09 09:30:00-08:00,TABLE B,15,True
48,52305,Master Oogway,match,12,2024-11-09 11:45:00-08:00,TABLE A,15,False
48,52305,Master Oogway,match,17,2024-11-09 13:45:00-08:00,TABLE B,15,False
48,52305,Master Oogway,match,23,2024-11-09 15:20:00-08:00,TABLE A,10,False
48,60069,NINDROIDS,match,1,2024-11-09 09:15:00-08:00,TABLE A,15,True
48,60069,NINDROIDS,match,12,2024-11-09 11:45:00-08:00,TABLE B,15,False
48,60069,NINDROIDS,match,16,2024-11-09 13:30:00-08:00,TABLE B,15,False
48,60069,NINDROIDS,match,22,2024-11-09 15:10:00-08:00,TABLE A,10,False
48,60868,iBots,match,3,2024-11-09 09:45:00-08:00,TABLE B,15,True
48,60868,iBots,match,13,2024-11-09 12:00:00-08:00,TABLE B,10,False
48,60868,iBots,match,16,2024-11-09 13:30:00-08:00,TABLE A,15,False
48,60868,iBots,match,24,2024-11-09 15:30:00-08:00,TABLE A,15,False
48,61951,Lords of the Legos,match,4,2024-11-09 10:00:00-08:00,TABLE B,15,True
48,61951,Lords of the Legos,match,11,2024-11-09 11:30:00-08:00,TABLE A,15,False
48,61951,Lords of the Legos,match,18,2024-11-09 14:00:00-08:00,TABLE A,15,False
48,61951,Lords of the Legos,match,27,2024-11-09 16:05:00-08:00,TABLE B,10,False
48,62005,Lego Legends,match,3,2024-11-09 09:45:00-08:00,TABLE A,15,True
48,62005,Lego Legends,match,8,2024-11-09 10:45:00-08:00,TABLE B,15,False
48,62005,Lego Legends,match,19,2024-11-09 14:15:00-08:00,TABLE A,15,False
48,62005,Lego Legends,match,23,2024-11-09 15:20:00-08:00,TABLE B,10,False
48,64757,Greater Than One,match,4,2024-11-09 10:00:00-08:00,TABLE A,15,True
48,64757,Greater Than One,match,9,2024-11-09 11:00:00-08:00,TABLE B,15,False
48,64757,Greater Than One,match,20,2024-11-09 14:30:00-08:00,TABLE B,10,False
48,64757,Greater Than One,match,25,2024-11-09 15:45:00-08:00,TABLE A,10,False
48,65018,Brickbots,match,2,2024-11-09 09:30:00-08:00,TABLE A,15,True
48,65018,Brickbots,match,13,2024-11-09 12:00:00-08:00,TABLE A,10,False
48,65018,Brickbots,match,19,2024-11-09 14:15:00-08:00,TABLE B,15,False
48,65018,Brickbots,match,22,2024-11-09 15:10:00-08:00,TABLE B,10,False
48,66759,BA Tigers,match,1,2024-11-09 09:15:00-08:00,TABLE B,15,True
48,66759,BA Tigers,match,8,2024-11-09 10:45:00-08:00,TABLE A,15,False
48,66759,BA Tigers,match,17,2024-11-09 13:45:00-08:00,TABLE A,15,False
48,66759,BA Tigers,match,24,2024-11-09 15:30:00-08:00,TABLE B,15,False
48,66827,CircuitBreakers,match,6,2024-11-09 10:30:00-08:00,TABLE B,10,True
48,66827,CircuitBreakers,match,10,2024-11-09 11:15:00-08:00,TABLE B,15,False
48,66827,CircuitBreakers,match,20,2024-11-09 14:30:00-08:00,TABLE A,10,False
48,66827,CircuitBreakers,match,27,2024-11-09 16:05:00-08:00,TABLE A,10,False
48,66894,Oceanic Explorers,match,5,2024-11-09 10:15:00-08:00,TABLE A,15,True
48,66894,Oceanic Explorers,match,10,2024-11-09 11:15:00-08:00,TABLE A,15,False
48,66894,Oceanic Explorers,match,15,2024-11-09 13:15:00-08:00,TABLE B,15,False
48,66894,Oceanic Explorers,match,25,2024-11-09 15:45:00-08:00,TABLE B,10,False
48,66965,QuestBots,match,6,2024-11-09 10:30:00-08:00,TABLE A,10,True
48,66965,QuestBots,match,11,2024-11-09 11:30:00-08:00,TABLE B,15,False
48,66965,QuestBots,match,15,2024-11-09 13:15:00-08:00,TABLE A,15,False
48,66965,QuestBots,match,26,2024-11-09 15:55:00-08:00,TABLE B,10,False
49,5254,Golden Surfers,match,3,2024-11-09 09:45:00-08:00,TABLE B,15,True
49,5254,Golden Surfers,match,13,2024-11-09 12:00:00-08:00,TABLE B,10,False
49,5254,Golden Surfers,match,16,2024-11-09 13:30:00-08:00,TABLE A,15,False
49,5254,Golden Surfers,match,24,2024-11-09 15:30:00-08:00,TABLE A,15,False
49,18197,The Nudibranchs,match,5,2024-11-09 10:15:00-08:00,TABLE B,15,True
49,18197,The Nudibranchs,match,9,2024-11-09 11:00:00-08:00,TABLE A,15,False
49,18197,The Nudibranchs,match,18,2024-11-09 14:00:00-08:00,TABLE B,15,False
49,18197,The Nudibranchs,match,26,2024-11-09 15:55:00-08:00,TABLE A,10,False
49,60496,Alternative Force,match,1,2024-11-09 09:15:00-08:00,TABLE A,15,True
49,60496,Alternative Force,match,12,2024-11-09 11:45:00-08:00,TABLE B,15,False
49,60496,Alternative Force,match,16,2024-11-09 13:30:00-08:00,TABLE B,15,False
49,60496,Alternative Force,match,22,2024-11-09 15:10:00-08:00,TABLE A,10,False
49,61188,Cyber Titans@,match,1,2024-11-09 09:15:00-08:00,TABLE B,15,True
49,61188,Cyber Titans@,match,8,2024-11-09 10:45:00-08:00,TABLE A,15,False
49,61188,Cyber Titans@,match,17,2024-11-09 13:45:00-08:00,TABLE A,15,False
49,61188,Cyber Titans@,match,24,2024-11-09 15:30:00-08:00,TABLE B,15,False
49,61205,Snacktopus,match,2,2024-11-09 09:30:00-08:00,TABLE B,15,True
49,61205,Snacktopus,match,12,2024-11-09 11:45:00-08:00,TABLE A,15,False
49,61205,Snacktopus,match,17,2024-11-09 13:45:00-08:00,TABLE B,15,False
49,61205,Snacktopus,match,23,2024-11-09 15:20:00-08:00,TABLE A,10,False
49,61281,Mustang Rockets,match,2,2024-11-09 09:30:00-08:00,TABLE A,15,True
49,61281,Mustang Rockets,match,13,2024-11-09 12:00:00-08:00,TABLE A,10,False
49,61281,Mustang Rockets,match,19,2024-11-09 14:15:00-08:00,TABLE B,15,False
49,61281,Mustang Rockets,match,22,2024-11-09 15:10:00-08:00,TABLE B,10,False
49,66111,Byte Bots,match,5,2024-11-09 10:15:00-08:00,TABLE A,15,True
49,66111,Byte Bots,match,10,2024-11-09 11:15:00-08:00,TABLE A,15,False
49,66111,Byte Bots,match,15,2024-11-09 13:15:00-08:00,TABLE B,15,False
49,66111,Byte Bots,match,25,2024-11-09 15:45:00-08:00,TABLE B,10,False
49,66292,CookieBots,match,3,2024-11-09 09:45:00-08:00,TABLE A,15,True
49,66292,CookieBots,match,8,2024-11-09 10:45:00-08:00,TABLE B,15,False
49,66292,CookieBots,match,19,2024-11-09 14:15:00-08:00,TABLE A,15,False
49,66292,CookieBots,match,23,2024-11-09 15:20:00-08:00,TABLE B,10,False
49,66961,PreposterousPlatypus,match,6,2024-11-09 10:30:00-08:00,TABLE A,10,True
49,66961,PreposterousPlatypus,match,11,2024-11-09 11:30:00-08:00,TABLE B,15,False
49,66961,PreposterousPlatypus,match,15,2024-11-09 13:15:00-08:00,TABLE A,15,False
49,66961,PreposterousPlatypus,match,26,2024-11-09 15:55:00-08:00,TABLE B,10,False
49,68442,Argo Team 242,match,6,2024-11-09 10:30:00-08:00,TABLE B,10,True
49,68442,Argo Team 242,match,10,2024-11-09 11:15:00-08:00,TABLE B,15,False
49,68442,Argo Team 242,match,20,2024-11-09 14:30:00-08:00,TABLE A,10,False
49,68442,Argo Team 242,match,27,2024-11-09 16:05:00-08:00,TABLE A,10,False
49,68454,Argo Skibidi Bots,match,4,2024-11-09 10:00:00-08:00,TABLE B,15,True
49,68454,Argo Skibidi Bots,match,11,2024-11-09 11:30:00-08:00,TABLE A,15,False
49,68454,Argo Skibidi Bots,match,18,2024-11-09 14:00:00-08:00,TABLE A,15,False
49,68454,Argo Skibidi Bots,match,27,2024-11-09 16:05:00-08:00,TABLE B,10,False
49,69343,Ustar Ocean,match,4,2024-11-09 10:00:00-08:00,TABLE A,15,True
49,69343,Ustar Ocean,match,9,2024-11-09 11:00:00-08:00,TABLE B,15,False
49,69343,Ustar Ocean,match,20,2024-11-09 14:30:00-08:00,TABLE B,10,False
49,69343,Ustar Ocean,match,25,2024-11-09 15:45:00-08:00,TABLE A,10,False
50,52142,Surfing Chickens,match,4,2024-11-10 09:45:00-08:00,Table B,10,True
50,52142,Surfing Chickens,match,15,2024-11-10 11:40:00-08:00,Table A,10,False
50,52142,Surfing Chickens,match,26,2024-11-10 14:05:00-08:00,Table B,10,False
50,52142,Surfing Chickens,match,32,2024-11-10 15:35:00-08:00,Table A,10,False
50,56339,Electric Sources,match,8,2024-11-10 10:25:00-08:00,Table B,10,True
50,56339,Electric Sources,match,13,2024-11-10 11:20:00-08:00,Table A,10,False
50,56339,Electric Sources,match,20,2024-11-10 13:05:00-08:00,Table B,10,False
50,56339,Electric Sources,match,35,2024-11-10 15:55:00-08:00,Table A,10,False
50,56940,RoboMasters,match,2,2024-11-10 09:25:00-08:00,Table B,10,True
50,56940,RoboMasters,match,17,2024-11-10 12:00:00-08:00,Table A,10,False
50,56940,RoboMasters,match,24,2024-11-10 13:45:00-08:00,Table B,10,False
50,56940,RoboMasters,match,30,2024-11-10 15:15:00-08:00,Table A,10,False
50,60215,Robotmakers,match,7,2024-11-10 10:15:00-08:00,Table B,10,True
50,60215,Robotmakers,match,11,2024-11-10 11:00:00-08:00,Table A,10,False
50,60215,Robotmakers,match,22,2024-11-10 13:25:00-08:00,Table B,10,False
50,60215,Robotmakers,match,28,2024-11-10 14:55:00-08:00,Table A,10,False
50,60337,Circuit united,match,2,2024-11-10 09:25:00-08:00,Table A,10,True
50,60337,Circuit united,match,11,2024-11-10 11:00:00-08:00,Table B,10,False
50,60337,Circuit united,match,21,2024-11-10 13:15:00-08:00,Table A,10,False
50,60337,Circuit united,match,31,2024-11-10 15:25:00-08:00,Table B,10,False
50,60684,Hyper Technics,match,6,2024-11-10 10:05:00-08:00,Table B,10,True
50,60684,Hyper Technics,match,10,2024-11-10 10:50:00-08:00,Table A,10,False
50,60684,Hyper Technics,match,21,2024-11-10 13:15:00-08:00,Table B,10,False
50,60684,Hyper Technics,match,29,2024-11-10 15:05:00-08:00,Table A,10,False
50,60786,Vornadoes,match,5,2024-11-10 09:55:00-08:00,Table A,10,True
50,60786,Vornadoes,match,14,2024-11-10 11:30:00-08:00,Table B,10,False
50,60786,Vornadoes,match,26,2024-11-10 14:05:00-08:00,Table A,10,False
50,60786,Vornadoes,match,35,2024-11-10 15:55:00-08:00,Table B,10,False
50,60967,Lightning Bots,match,7,2024-11-10 10:15:00-08:00,Table A,10,True
50,60967,Lightning Bots,match,17,2024-11-10 12:00:00-08:00,Table B,10,False
50,60967,Lightning Bots,match,23,2024-11-10 13:35:00-08:00,Table A,10,False
50,60967,Lightning Bots,match,29,2024-11-10 15:05:00-08:00,Table B,10,False
50,61611,Electro-Phoenix,match,8,2024-11-10 10:25:00-08:00,Table A,10,True
50,61611,Electro-Phoenix,match,15,2024-11-10 11:40:00-08:00,Table B,10,False
50,61611,Electro-Phoenix,match,25,2024-11-10 13:55:00-08:00,Table A,10,False
50,61611,Electro-Phoenix,match,36,2024-11-10 16:05:00-08:00,Table B,10,False
50,61990,MIGHTY MINDS,match,5,2024-11-10 09:55:00-08:00,Table B,10,True
50,61990,MIGHTY MINDS,match,12,2024-11-10 11:10:00-08:00,Table A,10,False
50,61990,MIGHTY MINDS,match,19,2024-11-10 12:55:00-08:00,Table B,10,False
50,61990,MIGHTY MINDS,match,36,2024-11-10 16:05:00-08:00,Table A,10,False
50,64898,The Brick By Brick Builders,match,3,2024-11-10 09:35:00-08:00,Table B,10,True
50,64898,The Brick By Brick Builders,match,14,2024-11-10 11:30:00-08:00,Table A,10,False
50,64898,The Brick By Brick Builders,match,25,2024-11-10 13:55:00-08:00,Table B,10,False
50,64898,The Brick By Brick Builders,match,33,2024-11-10 15:45:00-08:00,Table A,10,False
50,65350,Pioneering Pantheon,match,3,2024-11-10 09:35:00-08:00,Table A,10,True
50,65350,Pioneering Pantheon,match,12,2024-11-10 11:10:00-08:00,Table B,10,False
50,65350,Pioneering Pantheon,match,20,2024-11-10 13:05:00-08:00,Table A,10,False
50,65350,Pioneering Pantheon,match,32,2024-11-10 15:35:00-08:00,Table B,10,False
50,65800,The Tech Titans,match,1,2024-11-10 09:15:00-08:00,Table A,10,True
50,65800,The Tech Titans,match,10,2024-11-10 10:50:00-08:00,Table B,10,False
50,65800,The Tech Titans,match,22,2024-11-10 13:25:00-08:00,Table A,10,False
50,65800,The Tech Titans,match,30,2024-11-10 15:15:00-08:00,Table B,10,False
50,66110,Bot-of-Water,match,4,2024-11-10 09:45:00-08:00,Table A,10,True
50,66110,Bot-of-Water,match,13,2024-11-10 11:20:00-08:00,Table B,10,False
50,66110,Bot-of-Water,match,19,2024-11-10 12:55:00-08:00,Table A,10,False
50,66110,Bot-of-Water,match,33,2024-11-10 15:45:00-08:00,Table B,10,False
50,66280,DELTABOTS,match,6,2024-11-10 10:05:00-08:00,Table A,10,True
50,66280,DELTABOTS,match,16,2024-11-10 11:50:00-08:00,Table B,10,False
50,66280,DELTABOTS,match,24,2024-11-10 13:45:00-08:00,Table A,10,False
50,66280,DELTABOTS,match,28,2024-11-10 14:55:00-08:00,Table B,10,False
50,67092,Flame Bots,match,1,2024-11-10 09:15:00-08:00,Table B,10,True
50,67092,Flame Bots,match,16,2024-11-10 11:50:00-08:00,Table A,10,False
50,67092,Flame Bots,match,23,2024-11-10 13:35:00-08:00,Table B,10,False
50,67092,Flame Bots,match,31,2024-11-10 15:25:00-08:00,Table A,10,False
51,10585,Code Crackers,match,2,2024-11-10 09:20:00-08:00,TABLE A,10,True
51,10585,Code Crackers,match,19,2024-11-10 12:05:00-08:00,TABLE A,10,False
51,10585,Code Crackers,match,26,2024-11-10 13:50:00-08:00,TABLE B,10,False
51,10585,Code Crackers,match,32,2024-11-10 14:55:00-08:00,TABLE B,10,False
51,51168,The Warriors,match,6,2024-11-10 10:00:00-08:00,TABLE A,10,True
51,51168,The Warriors,match,13,2024-11-10 11:05:00-08:00,TABLE B,10,False
51,51168,The Warriors,match,28,2024-11-10 14:10:00-08:00,TABLE A,10,False
51,51168,The Warriors,match,34,2024-11-10 15:15:00-08:00,TABLE B,10,False
51,57382,RoboRise,match,7,2024-11-10 10:10:00-08:00,TABLE B,10,True
51,57382,RoboRise,match,15,2024-11-10 11:25:00-08:00,TABLE A,10,False
51,57382,RoboRise,match,23,2024-11-10 13:20:00-08:00,TABLE A,10,False
51,57382,RoboRise,match,40,2024-11-10 16:05:00-08:00,TABLE B,10,False
51,58015,Spirit Robotics,match,3,2024-11-10 09:30:00-08:00,TABLE B,10,True
51,58015,Spirit Robotics,match,18,2024-11-10 11:55:00-08:00,TABLE B,10,False
51,58015,Spirit Robotics,match,24,2024-11-10 13:30:00-08:00,TABLE A,10,False
51,58015,Spirit Robotics,match,32,2024-11-10 14:55:00-08:00,TABLE A,10,False
51,60033,Pokémon,match,8,2024-11-10 10:20:00-08:00,TABLE A,10,True
51,60033,Pokémon,match,16,2024-11-10 11:35:00-08:00,TABLE A,10,False
51,60033,Pokémon,match,23,2024-11-10 13:20:00-08:00,TABLE B,10,False
51,60033,Pokémon,match,38,2024-11-10 15:55:00-08:00,TABLE B,10,False
51,60152,The Game Changers,match,5,2024-11-10 09:50:00-08:00,TABLE A,10,True
51,60152,The Game Changers,match,13,2024-11-10 11:05:00-08:00,TABLE A,10,False
51,60152,The Game Changers,match,29,2024-11-10 14:20:00-08:00,TABLE B,10,False
51,60152,The Game Changers,match,35,2024-11-10 15:25:00-08:00,TABLE B,10,False
51,60514,Staz,match,4,2024-11-10 09:40:00-08:00,TABLE B,10,True
51,60514,Staz,match,12,2024-11-10 10:55:00-08:00,TABLE A,10,False
51,60514,Staz,match,29,2024-11-10 14:20:00-08:00,TABLE A,10,False
51,60514,Staz,match,36,2024-11-10 15:35:00-08:00,TABLE B,10,False
51,60537,Mecha Masters,match,1,2024-11-10 09:10:00-08:00,TABLE A,10,True
51,60537,Mecha Masters,match,17,2024-11-10 11:45:00-08:00,TABLE B,10,False
51,60537,Mecha Masters,match,24,2024-11-10 13:30:00-08:00,TABLE B,10,False
51,60537,Mecha Masters,match,31,2024-11-10 14:45:00-08:00,TABLE A,10,False
51,61998,TechTitans,match,3,2024-11-10 09:30:00-08:00,TABLE A,10,True
51,61998,TechTitans,match,19,2024-11-10 12:05:00-08:00,TABLE B,10,False
51,61998,TechTitans,match,25,2024-11-10 13:40:00-08:00,TABLE A,10,False
51,61998,TechTitans,match,31,2024-11-10 14:45:00-08:00,TABLE B,10,False
51,65125,Baybots,match,1,2024-11-10 09:10:00-08:00,TABLE B,10,True
51,65125,Baybots,match,18,2024-11-10 11:55:00-08:00,TABLE A,10,False
51,65125,Baybots,match,26,2024-11-10 13:50:00-08:00,TABLE A,10,False
51,65125,Baybots,match,33,2024-11-10 15:05:00-08:00,TABLE B,10,False
51,66233,Galaxy Guardians,match,9,2024-11-10 10:30:00-08:00,TABLE A,10,True
51,66233,Galaxy Guardians,match,16,2024-11-10 11:35:00-08:00,TABLE B,10,False
51,66233,Galaxy Guardians,match,22,2024-11-10 13:10:00-08:00,TABLE A,10,False
51,66233,Galaxy Guardians,match,37,2024-11-10 15:45:00-08:00,TABLE B,10,False
51,66286,MasterDroids,match,7,2024-11-10 10:10:00-08:00,TABLE A,10,True
51,66286,MasterDroids,match,14,2024-11-10 11:15:00-08:00,TABLE B,10,False
51,66286,MasterDroids,match,21,2024-11-10 13:00:00-08:00,TABLE B,10,False
51,66286,MasterDroids,match,37,2024-11-10 15:45:00-08:00,TABLE A,10,False
51,66699,Techno Turtles,match,9,2024-11-10 10:30:00-08:00,TABLE B,10,True
51,66699,Techno Turtles,match,15,2024-11-10 11:25:00-08:00,TABLE B,10,False
51,66699,Techno Turtles,match,21,2024-11-10 13:00:00-08:00,TABLE A,10,False
51,66699,Techno Turtles,match,38,2024-11-10 15:55:00-08:00,TABLE A,10,False
51,67837,Submarine Surferz,match,6,2024-11-10 10:00:00-08:00,TABLE B,10,True
51,67837,Submarine Surferz,match,12,2024-11-10 10:55:00-08:00,TABLE B,10,False
51,67837,Submarine Surferz,match,27,2024-11-10 14:00:00-08:00,TABLE A,10,False
51,67837,Submarine Surferz,match,35,2024-11-10 15:25:00-08:00,TABLE A,10,False
51,68557,M-A Cubs 1,match,8,2024-11-10 10:20:00-08:00,TABLE B,10,True
51,68557,M-A Cubs 1,match,14,2024-11-10 11:15:00-08:00,TABLE A,10,False
51,68557,M-A Cubs 1,match,22,2024-11-10 13:10:00-08:00,TABLE B,10,False
51,68557,M-A Cubs 1,match,40,2024-11-10 16:05:00-08:00,TABLE A,10,False
51,68558,M-A Cubs 2,match,5,2024-11-10 09:50:00-08:00,TABLE B,10,True
51,68558,M-A Cubs 2,match,11,2024-11-10 10:45:00-08:00,TABLE A,10,False
51,68558,M-A Cubs 2,match,28,2024-11-10 14:10:00-08:00,TABLE B,10,False
51,68558,M-A Cubs 2,match,36,2024-11-10 15:35:00-08:00,TABLE A,10,False
51,68559,M-A Cubs 3,match,2,2024-11-10 09:20:00-08:00,TABLE B,10,True
51,68559,M-A Cubs 3,match,17,2024-11-10 11:45:00-08:00,TABLE A,10,False
51,68559,M-A Cubs 3,match,25,2024-11-10 13:40:00-08:00,TABLE B,10,False
51,68559,M-A Cubs 3,match,33,2024-11-10 15:05:00-08:00,TABLE A,10,False
52,38159,Otterly Awesome,match,7,2024-11-10 10:15:00-08:00,Table A,10,True
52,38159,Otterly Awesome,match,17,2024-11-10 12:00:00-08:00,Table B,10,False
52,38159,Otterly Awesome,match,23,2024-11-10 13:35:00-08:00,Table A,10,False
52,38159,Otterly Awesome,match,29,2024-11-10 15:05:00-08:00,Table B,10,False
52,52489,Flaming Jalapenos,match,6,2024-11-10 10:05:00-08:00,Table A,10,True
52,52489,Flaming Jalapenos,match,16,2024-11-10 11:50:00-08:00,Table B,10,False
52,52489,Flaming Jalapenos,match,24,2024-11-10 13:45:00-08:00,Table A,10,False
52,52489,Flaming Jalapenos,match,28,2024-11-10 14:55:00-08:00,Table B,10,False
52,55971,Electroid Marines,match,5,2024-11-10 09:55:00-08:00,Table B,10,True
52,55971,Electroid Marines,match,12,2024-11-10 11:10:00-08:00,Table A,10,False
52,55971,Electroid Marines,match,19,2024-11-10 12:55:00-08:00,Table B,10,False
52,55971,Electroid Marines,match,36,2024-11-10 16:05:00-08:00,Table A,10,False
52,60100,Cobras,match,8,2024-11-10 10:25:00-08:00,Table B,10,True
52,60100,Cobras,match,13,2024-11-10 11:20:00-08:00,Table A,10,False
52,60100,Cobras,match,20,2024-11-10 13:05:00-08:00,Table B,10,False
52,60100,Cobras,match,35,2024-11-10 15:55:00-08:00,Table A,10,False
52,61055,Robotic Athletes,match,8,2024-11-10 10:25:00-08:00,Table A,10,True
52,61055,Robotic Athletes,match,15,2024-11-10 11:40:00-08:00,Table B,10,False
52,61055,Robotic Athletes,match,25,2024-11-10 13:55:00-08:00,Table A,10,False
52,61055,Robotic Athletes,match,36,2024-11-10 16:05:00-08:00,Table B,10,False
52,61185,Electrolyte Stingers,match,4,2024-11-10 09:45:00-08:00,Table B,10,True
52,61185,Electrolyte Stingers,match,15,2024-11-10 11:40:00-08:00,Table A,10,False
52,61185,Electrolyte Stingers,match,26,2024-11-10 14:05:00-08:00,Table B,10,False
52,61185,Electrolyte Stingers,match,32,2024-11-10 15:35:00-08:00,Table A,10,False
52,61778,Crab Surfers,match,1,2024-11-10 09:15:00-08:00,Table B,10,True
52,61778,Crab Surfers,match,16,2024-11-10 11:50:00-08:00,Table A,10,False
52,61778,Crab Surfers,match,23,2024-11-10 13:35:00-08:00,Table B,10,False
52,61778,Crab Surfers,match,31,2024-11-10 15:25:00-08:00,Table A,10,False
52,61950,Codettes,match,3,2024-11-10 09:35:00-08:00,Table A,10,True
52,61950,Codettes,match,12,2024-11-10 11:10:00-08:00,Table B,10,False
52,61950,Codettes,match,20,2024-11-10 13:05:00-08:00,Table A,10,False
52,61950,Codettes,match,32,2024-11-10 15:35:00-08:00,Table B,10,False
52,65258,CrypticButterflies,match,2,2024-11-10 09:25:00-08:00,Table B,10,True
52,65258,CrypticButterflies,match,17,2024-11-10 12:00:00-08:00,Table A,10,False
52,65258,CrypticButterflies,match,24,2024-11-10 13:45:00-08:00,Table B,10,False
52,65258,CrypticButterflies,match,30,2024-11-10 15:15:00-08:00,Table A,10,False
52,65770,CoralCrew,match,2,2024-11-10 09:25:00-08:00,Table A,10,True
52,65770,CoralCrew,match,11,2024-11-10 11:00:00-08:00,Table B,10,False
52,65770,CoralCrew,match,21,2024-11-10 13:15:00-08:00,Table A,10,False
52,65770,CoralCrew,match,31,2024-11-10 15:25:00-08:00,Table B,10,False
52,65848,Cougars Techwiz,match,1,2024-11-10 09:15:00-08:00,Table A,10,True
52,65848,Cougars Techwiz,match,10,2024-11-10 10:50:00-08:00,Table B,10,False
52,65848,Cougars Techwiz,match,22,2024-11-10 13:25:00-08:00,Table A,10,False
52,65848,Cougars Techwiz,match,30,2024-11-10 15:15:00-08:00,Table B,10,False
52,66795,Dilworth-Dragons,match,6,2024-11-10 10:05:00-08:00,Table B,10,True
52,66795,Dilworth-Dragons,match,10,2024-11-10 10:50:00-08:00,Table A,10,False
52,66795,Dilworth-Dragons,match,21,2024-11-10 13:15:00-08:00,Table B,10,False
52,66795,Dilworth-Dragons,match,29,2024-11-10 15:05:00-08:00,Table A,10,False
52,67213,Naji M Abdulla,match,3,2024-11-10 09:35:00-08:00,Table B,10,True
52,67213,Naji M Abdulla,match,14,2024-11-10 11:30:00-08:00,Table A,10,False
52,67213,Naji M Abdulla,match,25,2024-11-10 13:55:00-08:00,Table B,10,False
52,67213,Naji M Abdulla,match,33,2024-11-10 15:45:00-08:00,Table A,10,False
52,67395,Marine Mavericks,match,4,2024-11-10 09:45:00-08:00,Table A,10,True
52,67395,Marine Mavericks,match,13,2024-11-10 11:20:00-08:00,Table B,10,False
52,67395,Marine Mavericks,match,19,2024-11-10 12:55:00-08:00,Table A,10,False
52,67395,Marine Mavericks,match,33,2024-11-10 15:45:00-08:00,Table B,10,False
52,67736,Robo Pro Max,match,7,2024-11-10 10:15:00-08:00,Table B,10,True
52,67736,Robo Pro Max,match,11,2024-11-10 11:00:00-08:00,Table A,10,False
52,67736,Robo Pro Max,match,22,2024-11-10 13:25:00-08:00,Table B,10,False
52,67736,Robo Pro Max,match,28,2024-11-10 14:55:00-08:00,Table A,10,False
52,67865,HydroHackers,match,5,2024-11-10 09:55:00-08:00,Table A,10,True
52,67865,HydroHackers,match,14,2024-11-10 11:30:00-08:00,Table B,10,False
52,67865,HydroHackers,match,26,2024-11-10 14:05:00-08:00,Table A,10,False
52,67865,HydroHackers,match,35,2024-11-10 15:55:00-08:00,Table B,10,False
53,20915,TroBots,match,1,2024-11-10 09:15:00-08:00,Table A,10,True
53,20915,TroBots,match,10,2024-11-10 10:50:00-08:00,Table B,10,False
53,20915,TroBots,match,22,2024-11-10 13:25:00-08:00,Table A,10,False
53,20915,TroBots,match,30,2024-11-10 15:15:00-08:00,Table B,10,False
53,30516,Cheerios FLL-C 30516,match,2,2024-11-10 09:25:00-08:00,Table A,10,True
53,30516,Cheerios FLL-C 30516,match,11,2024-11-10 11:00:00-08:00,Table B,10,False
53,30516,Cheerios FLL-C 30516,match,21,2024-11-10 13:15:00-08:00,Table A,10,False
53,30516,Cheerios FLL-C 30516,match,31,2024-11-10 15:25:00-08:00,Table B,10,False
53,52508,Oakland Short Circuits,match,4,2024-11-10 09:45:00-08:00,Table B,10,True
53,52508,Oakland Short Circuits,match,15,2024-11-10 11:40:00-08:00,Table A,10,False
53,52508,Oakland Short Circuits,match,26,2024-11-10 14:05:00-08:00,Table B,10,False
53,52508,Oakland Short Circuits,match,32,2024-11-10 15:35:00-08:00,Table A,10,False
53,59703,brick-o-brainiacs pioneers,match,5,2024-11-10 09:55:00-08:00,Table B,10,True
53,59703,brick-o-brainiacs pioneers,match,12,2024-11-10 11:10:00-08:00,Table A,10,False
53,59703,brick-o-brainiacs pioneers,match,19,2024-11-10 12:55:00-08:00,Table B,10,False
53,59703,brick-o-brainiacs pioneers,match,36,2024-11-10 16:05:00-08:00,Table A,10,False
53,60388,Cosmic Motor,match,2,2024-11-10 09:25:00-08:00,Table B,10,True
53,60388,Cosmic Motor,match,17,2024-11-10 12:00:00-08:00,Table A,10,False
53,60388,Cosmic Motor,match,24,2024-11-10 13:45:00-08:00,Table B,10,False
53,60388,Cosmic Motor,match,30,2024-11-10 15:15:00-08:00,Table A,10,False
53,60702,Robochickens,match,6,2024-11-10 10:05:00-08:00,Table A,10,True
53,60702,Robochickens,match,16,2024-11-10 11:50:00-08:00,Table B,10,False
53,60702,Robochickens,match,24,2024-11-10 13:45:00-08:00,Table A,10,False
53,60702,Robochickens,match,28,2024-11-10 14:55:00-08:00,Table B,10,False
53,60913,Basement Bots,match,7,2024-11-10 10:15:00-08:00,Table B,10,True
53,60913,Basement Bots,match,11,2024-11-10 11:00:00-08:00,Table A,10,False
53,60913,Basement Bots,match,22,2024-11-10 13:25:00-08:00,Table B,10,False
53,60913,Basement Bots,match,28,2024-11-10 14:55:00-08:00,Table A,10,False
53,61139,Lightning Squad,match,8,2024-11-10 10:25:00-08:00,Table A,10,True
53,61139,Lightning Squad,match,15,2024-11-10 11:40:00-08:00,Table B,10,False
53,61139,Lightning Squad,match,25,2024-11-10 13:55:00-08:00,Table A,10,False
53,61139,Lightning Squad,match,36,2024-11-10 16:05:00-08:00,Table B,10,False
53,61776,Tech Ninja,match,5,2024-11-10 09:55:00-08:00,Table A,10,True
53,61776,Tech Ninja,match,14,2024-11-10 11:30:00-08:00,Table B,10,False
53,61776,Tech Ninja,match,26,2024-11-10 14:05:00-08:00,Table A,10,False
53,61776,Tech Ninja,match,35,2024-11-10 15:55:00-08:00,Table B,10,False
53,65839,Aquastellar Innovators,match,1,2024-11-10 09:15:00-08:00,Table B,10,True
53,65839,Aquastellar Innovators,match,16,2024-11-10 11:50:00-08:00,Table A,10,False
53,65839,Aquastellar Innovators,match,23,2024-11-10 13:35:00-08:00,Table B,10,False
53,65839,Aquastellar Innovators,match,31,2024-11-10 15:25:00-08:00,Table A,10,False
53,66202,Win-crafters,match,8,2024-11-10 10:25:00-08:00,Table B,10,True
53,66202,Win-crafters,match,13,2024-11-10 11:20:00-08:00,Table A,10,False
53,66202,Win-crafters,match,20,2024-11-10 13:05:00-08:00,Table B,10,False
53,66202,Win-crafters,match,35,2024-11-10 15:55:00-08:00,Table A,10,False
53,66235,R0B0PE0PLE,match,7,2024-11-10 10:15:00-08:00,Table A,10,True
53,66235,R0B0PE0PLE,match,17,2024-11-10 12:00:00-08:00,Table B,10,False
53,66235,R0B0PE0PLE,match,23,2024-11-10 13:35:00-08:00,Table A,10,False
53,66235,R0B0PE0PLE,match,29,2024-11-10 15:05:00-08:00,Table B,10,False
53,66923,H2O Warriors,match,6,2024-11-10 10:05:00-08:00,Table B,10,True
53,66923,H2O Warriors,match,10,2024-11-10 10:50:00-08:00,Table A,10,False
53,66923,H2O Warriors,match,21,2024-11-10 13:15:00-08:00,Table B,10,False
53,66923,H2O Warriors,match,29,2024-11-10 15:05:00-08:00,Table A,10,False
53,67290,VXL,match,4,2024-11-10 09:45:00-08:00,Table A,10,True
53,67290,VXL,match,13,2024-11-10 11:20:00-08:00,Table B,10,False
53,67290,VXL,match,19,2024-11-10 12:55:00-08:00,Table A,10,False
53,67290,VXL,match,33,2024-11-10 15:45:00-08:00,Table B,10,False
53,69118,ZiwiKiwi.Co,match,3,2024-11-10 09:35:00-08:00,Table B,10,True
53,69118,ZiwiKiwi.Co,match,14,2024-11-10 11:30:00-08:00,Table A,10,False
53,69118,ZiwiKiwi.Co,match,25,2024-11-10 13:55:00-08:00,Table B,10,False
53,69118,ZiwiKiwi.Co,match,33,2024-11-10 15:45:00-08:00,Table A,10,False
53,69281,Spicy Mango Apple Generators (S.M.A.G.),match,3,2024-11-10 09:35:00-08:00,Table A,10,True
53,69281,Spicy Mango Apple Generators (S.M.A.G.),match,12,2024-11-10 11:10:00-08:00,Table B,10,False
53,69281,Spicy Mango Apple Generators (S.M.A.G.),match,20,2024-11-10 13:05:00-08:00,Table A,10,False
53,69281,Spicy Mango Apple Generators (S.M.A.G.),match,32,2024-11-10 15:35:00-08:00,Table B,10,False
54,4416,O.R.C.A,match,7,2024-11-16 10:05:00-08:00,Blue B2,10,True
54,4416,O.R.C.A,match,13,2024-11-16 11:05:00-08:00,Red R1,10,False
54,4416,O.R.C.A,match,20,2024-11-16 13:15:00-08:00,Red R2,10,False
54,4416,O.R.C.A,match,32,2024-11-16 15:15:00-08:00,Blue B1,10,False
54,4978,Otter Bots,match,2,2024-11-16 09:25:00-08:00,Blue B1,10,True
54,4978,Otter Bots,match,17,2024-11-16 11:40:00-08:00,Blue B2,10,False
54,4978,Otter Bots,match,23,2024-11-16 13:40:00-08:00,Red R1,10,False
54,4978,Otter Bots,match,29,2024-11-16 14:45:00-08:00,Red R2,10,False
54,10586,Master Builders,match,8,2024-11-16 10:15:00-08:00,Red R1,10,True
54,10586,Master Builders,match,14,2024-11-16 11:15:00-08:00,Red R2,10,False
54,10586,Master Builders,match,19,2024-11-16 13:05:00-08:00,Blue B1,10,False
54,10586,Master Builders,match,32,2024-11-16 15:15:00-08:00,Blue B2,10,False
54,10589,Turtle Tech,match,1,2024-11-16 09:15:00-08:00,Blue B2,10,True
54,10589,Turtle Tech,match,16,2024-11-16 11:30:00-08:00,Red R1,10,False
54,10589,Turtle Tech,match,23,2024-11-16 13:40:00-08:00,Red R2,10,False
54,10589,Turtle Tech,match,28,2024-11-16 14:35:00-08:00,Blue B1,10,False
54,25572,Octonauts,match,5,2024-11-16 09:50:00-08:00,Red R2,10,True
54,25572,Octonauts,match,10,2024-11-16 10:40:00-08:00,Blue B1,10,False
54,25572,Octonauts,match,26,2024-11-16 14:05:00-08:00,Blue B2,10,False
54,25572,Octonauts,match,31,2024-11-16 15:05:00-08:00,Red R1,10,False
54,44532,Razzle Dazzle Robotics FLL-C 44532,match,7,2024-11-16 10:05:00-08:00,Red R2,10,True
54,44532,Razzle Dazzle Robotics FLL-C 44532,match,14,2024-11-16 11:15:00-08:00,Blue B1,10,False
54,44532,Razzle Dazzle Robotics FLL-C 44532,match,19,2024-11-16 13:05:00-08:00,Blue B2,10,False
54,44532,Razzle Dazzle Robotics FLL-C 44532,match,32,2024-11-16 15:15:00-08:00,Red R1,10,False
54,52306,Infinite AI,match,5,2024-11-16 09:50:00-08:00,Red R1,10,True
54,52306,Infinite AI,match,11,2024-11-16 10:50:00-08:00,Red R2,10,False
54,52306,Infinite AI,match,25,2024-11-16 13:55:00-08:00,Blue B1,10,False
54,52306,Infinite AI,match,30,2024-11-16 14:55:00-08:00,Blue B2,10,False
54,56487,The Sea Syrens,match,4,2024-11-16 09:40:00-08:00,Red R1,10,True
54,56487,The Sea Syrens,match,10,2024-11-16 10:40:00-08:00,Red R2,10,False
54,56487,The Sea Syrens,match,26,2024-11-16 14:05:00-08:00,Blue B1,10,False
54,56487,The Sea Syrens,match,31,2024-11-16 15:05:00-08:00,Blue B2,10,False
54,57285,Mighty Minds,match,8,2024-11-16 10:15:00-08:00,Red R2,10,True
54,57285,Mighty Minds,match,13,2024-11-16 11:05:00-08:00,Blue B1,10,False
54,57285,Mighty Minds,match,20,2024-11-16 13:15:00-08:00,Blue B2,10,False
54,57285,Mighty Minds,match,33,2024-11-16 15:25:00-08:00,Red R1,10,False
54,60050,Ustar Tech Lightning,match,1,2024-11-16 09:15:00-08:00,Blue B1,10,True
54,60050,Ustar Tech Lightning,match,16,2024-11-16 11:30:00-08:00,Blue B2,10,False
54,60050,Ustar Tech Lightning,match,22,2024-11-16 13:30:00-08:00,Red R1,10,False
54,60050,Ustar Tech Lightning,match,28,2024-11-16 14:35:00-08:00,Red R2,10,False
54,60085,Lego Artisans,match,8,2024-11-16 10:15:00-08:00,Blue B1,10,True
54,60085,Lego Artisans,match,14,2024-11-16 11:15:00-08:00,Blue B2,10,False
54,60085,Lego Artisans,match,20,2024-11-16 13:15:00-08:00,Red R1,10,False
54,60085,Lego Artisans,match,33,2024-11-16 15:25:00-08:00,Red R2,10,False
54,60291,Fusion Vortex,match,1,2024-11-16 09:15:00-08:00,Red R1,10,True
54,60291,Fusion Vortex,match,16,2024-11-16 11:30:00-08:00,Red R2,10,False
54,60291,Fusion Vortex,match,23,2024-11-16 13:40:00-08:00,Blue B1,10,False
54,60291,Fusion Vortex,match,29,2024-11-16 14:45:00-08:00,Blue B2,10,False
54,60502,CodeBreakerz,match,8,2024-11-16 10:15:00-08:00,Blue B2,10,True
54,60502,CodeBreakerz,match,14,2024-11-16 11:15:00-08:00,Red R1,10,False
54,60502,CodeBreakerz,match,19,2024-11-16 13:05:00-08:00,Red R2,10,False
54,60502,CodeBreakerz,match,33,2024-11-16 15:25:00-08:00,Blue B1,10,False
54,60533,Human Microphones,match,4,2024-11-16 09:40:00-08:00,Blue B2,10,True
54,60533,Human Microphones,match,10,2024-11-16 10:40:00-08:00,Red R1,10,False
54,60533,Human Microphones,match,26,2024-11-16 14:05:00-08:00,Red R2,10,False
54,60533,Human Microphones,match,30,2024-11-16 14:55:00-08:00,Blue B1,10,False
54,61167,Hydrostorm,match,2,2024-11-16 09:25:00-08:00,Red R2,10,True
54,61167,Hydrostorm,match,16,2024-11-16 11:30:00-08:00,Blue B1,10,False
54,61167,Hydrostorm,match,23,2024-11-16 13:40:00-08:00,Blue B2,10,False
54,61167,Hydrostorm,match,29,2024-11-16 14:45:00-08:00,Red R1,10,False
54,61334,Sparks Fly,match,7,2024-11-16 10:05:00-08:00,Blue B1,10,True
54,61334,Sparks Fly,match,13,2024-11-16 11:05:00-08:00,Blue B2,10,False
54,61334,Sparks Fly,match,19,2024-11-16 13:05:00-08:00,Red R1,10,False
54,61334,Sparks Fly,match,32,2024-11-16 15:15:00-08:00,Red R2,10,False
54,61717,Pixel Pirates,match,1,2024-11-16 09:15:00-08:00,Red R2,10,True
54,61717,Pixel Pirates,match,17,2024-11-16 11:40:00-08:00,Blue B1,10,False
54,61717,Pixel Pirates,match,22,2024-11-16 13:30:00-08:00,Blue B2,10,False
54,61717,Pixel Pirates,match,28,2024-11-16 14:35:00-08:00,Red R1,10,False
54,61949,Ultraviolet,match,5,2024-11-16 09:50:00-08:00,Blue B1,10,True
54,61949,Ultraviolet,match,11,2024-11-16 10:50:00-08:00,Blue B2,10,False
54,61949,Ultraviolet,match,26,2024-11-16 14:05:00-08:00,Red R1,10,False
54,61949,Ultraviolet,match,31,2024-11-16 15:05:00-08:00,Red R2,10,False
54,64698,ROAR,match,4,2024-11-16 09:40:00-08:00,Red R2,10,True
54,64698,ROAR,match,11,2024-11-16 10:50:00-08:00,Blue B1,10,False
54,64698,ROAR,match,25,2024-11-16 13:55:00-08:00,Blue B2,10,False
54,64698,ROAR,match,30,2024-11-16 14:55:00-08:00,Red R1,10,False
54,66444,CyberPirates,match,7,2024-11-16 10:05:00-08:00,Red R1,10,True
54,66444,CyberPirates,match,13,2024-11-16 11:05:00-08:00,Red R2,10,False
54,66444,CyberPirates,match,20,2024-11-16 13:15:00-08:00,Blue B1,10,False
54,66444,CyberPirates,match,33,2024-11-16 15:25:00-08:00,Blue B2,10,False
54,66817,Reid-Hillview Airport Robotics,match,2,2024-11-16 09:25:00-08:00,Blue B2,10,True
54,66817,Reid-Hillview Airport Robotics,match,17,2024-11-16 11:40:00-08:00,Red R1,10,False
54,66817,Reid-Hillview Airport Robotics,match,22,2024-11-16 13:30:00-08:00,Red R2,10,False
54,66817,Reid-Hillview Airport Robotics,match,29,2024-11-16 14:45:00-08:00,Blue B1,10,False
54,67056,Wavebots,match,5,2024-11-16 09:50:00-08:00,Blue B2,10,True
54,67056,Wavebots,match,11,2024-11-16 10:50:00-08:00,Red R1,10,False
54,67056,Wavebots,match,25,2024-11-16 13:55:00-08:00,Red R2,10,False
54,67056,Wavebots,match,31,2024-11-16 15:05:00-08:00,Blue B1,10,False
54,67459,MissionBots,match,4,2024-11-16 09:40:00-08:00,Blue B1,10,True
54,67459,MissionBots,match,10,2024-11-16 10:40:00-08:00,Blue B2,10,False
54,67459,MissionBots,match,25,2024-11-16 13:55:00-08:00,Red R1,10,False
54,67459,MissionBots,match,30,2024-11-16 14:55:00-08:00,Red R2,10,False
54,68499,Waqar B Hashim,match,2,2024-11-16 09:25:00-08:00,Red R1,10,True
54,68499,Waqar B Hashim,match,17,2024-11-16 11:40:00-08:00,Red R2,10,False
54,68499,Waqar B Hashim,match,22,2024-11-16 13:30:00-08:00,Blue B1,10,False
54,68499,Waqar B Hashim,match,28,2024-11-16 14:35:00-08:00,Blue B2,10,False
55,7460,Tiger Robotics 4,match,7,2024-11-16 10:10:00-08:00,Blue Table,10,True
55,7460,Tiger Robotics 4,match,15,2024-11-16 11:25:00-08:00,Red Table,10,False
55,7460,Tiger Robotics 4,match,23,2024-11-16 13:20:00-08:00,Red Table,10,False
55,7460,Tiger Robotics 4,match,40,2024-11-16 16:05:00-08:00,Blue Table,10,False
55,29151,Tiger Robotics 3,match,7,2024-11-16 10:10:00-08:00,Red Table,10,True
55,29151,Tiger Robotics 3,match,14,2024-11-16 11:15:00-08:00,Blue Table,10,False
55,29151,Tiger Robotics 3,match,21,2024-11-16 13:00:00-08:00,Blue Table,10,False
55,29151,Tiger Robotics 3,match,37,2024-11-16 15:45:00-08:00,Red Table,10,False
55,37482,Team Brick 3.0 - 37482,match,5,2024-11-16 09:50:00-08:00,Blue Table,10,True
55,37482,Team Brick 3.0 - 37482,match,11,2024-11-16 10:45:00-08:00,Red Table,10,False
55,37482,Team Brick 3.0 - 37482,match,28,2024-11-16 14:10:00-08:00,Blue Table,10,False
55,37482,Team Brick 3.0 - 37482,match,36,2024-11-16 15:35:00-08:00,Red Table,10,False
55,40997,Denman Robotics,match,6,2024-11-16 10:00:00-08:00,Red Table,10,True
55,40997,Denman Robotics,match,13,2024-11-16 11:05:00-08:00,Blue Table,10,False
55,40997,Denman Robotics,match,28,2024-11-16 14:10:00-08:00,Red Table,10,False
55,40997,Denman Robotics,match,34,2024-11-16 15:15:00-08:00,Blue Table,10,False
55,52090,Canary1,match,9,2024-11-16 10:30:00-08:00,Blue Table,10,True
55,52090,Canary1,match,15,2024-11-16 11:25:00-08:00,Blue Table,10,False
55,52090,Canary1,match,21,2024-11-16 13:00:00-08:00,Red Table,10,False
55,52090,Canary1,match,38,2024-11-16 15:55:00-08:00,Red Table,10,False
55,52943,Digital Dolphins GREEN TEAM,match,8,2024-11-16 10:20:00-08:00,Blue Table,10,True
55,52943,Digital Dolphins GREEN TEAM,match,14,2024-11-16 11:15:00-08:00,Red Table,10,False
55,52943,Digital Dolphins GREEN TEAM,match,22,2024-11-16 13:10:00-08:00,Blue Table,10,False
55,52943,Digital Dolphins GREEN TEAM,match,40,2024-11-16 16:05:00-08:00,Red Table,10,False
55,52944,Digital Dolphins BLUE TEAM,match,3,2024-11-16 09:30:00-08:00,Blue Table,10,True
55,52944,Digital Dolphins BLUE TEAM,match,18,2024-11-16 11:55:00-08:00,Blue Table,10,False
55,52944,Digital Dolphins BLUE TEAM,match,24,2024-11-16 13:30:00-08:00,Red Table,10,False
55,52944,Digital Dolphins BLUE TEAM,match,32,2024-11-16 14:55:00-08:00,Red Table,10,False
55,53591,Tiger Robotics 2,match,8,2024-11-16 10:20:00-08:00,Red Table,10,True
55,53591,Tiger Robotics 2,match,16,2024-11-16 11:35:00-08:00,Red Table,10,False
55,53591,Tiger Robotics 2,match,23,2024-11-16 13:20:00-08:00,Blue Table,10,False
55,53591,Tiger Robotics 2,match,38,2024-11-16 15:55:00-08:00,Blue Table,10,False
55,53592,Tiger Robotics 1,match,4,2024-11-16 09:40:00-08:00,Blue Table,10,True
55,53592,Tiger Robotics 1,match,12,2024-11-16 10:55:00-08:00,Red Table,10,False
55,53592,Tiger Robotics 1,match,29,2024-11-16 14:20:00-08:00,Red Table,10,False
55,53592,Tiger Robotics 1,match,36,2024-11-16 15:35:00-08:00,Blue Table,10,False
55,57759,Digital Dolphins GREY TEAM,match,2,2024-11-16 09:20:00-08:00,Blue Table,10,True
55,57759,Digital Dolphins GREY TEAM,match,17,2024-11-16 11:45:00-08:00,Red Table,10,False
55,57759,Digital Dolphins GREY TEAM,match,25,2024-11-16 13:40:00-08:00,Blue Table,10,False
55,57759,Digital Dolphins GREY TEAM,match,33,2024-11-16 15:05:00-08:00,Red Table,10,False
55,61168,DivingDolphins,match,3,2024-11-16 09:30:00-08:00,Red Table,10,True
55,61168,DivingDolphins,match,19,2024-11-16 12:05:00-08:00,Blue Table,10,False
55,61168,DivingDolphins,match,25,2024-11-16 13:40:00-08:00,Red Table,10,False
55,61168,DivingDolphins,match,31,2024-11-16 14:45:00-08:00,Blue Table,10,False
55,61610,Argoclucks,match,1,2024-11-16 09:10:00-08:00,Blue Table,10,True
55,61610,Argoclucks,match,18,2024-11-16 11:55:00-08:00,Red Table,10,False
55,61610,Argoclucks,match,26,2024-11-16 13:50:00-08:00,Red Table,10,False
55,61610,Argoclucks,match,33,2024-11-16 15:05:00-08:00,Blue Table,10,False
55,65690,Shady Sashimi 65690,match,5,2024-11-16 09:50:00-08:00,Red Table,10,True
55,65690,Shady Sashimi 65690,match,13,2024-11-16 11:05:00-08:00,Red Table,10,False
55,65690,Shady Sashimi 65690,match,29,2024-11-16 14:20:00-08:00,Blue Table,10,False
55,65690,Shady Sashimi 65690,match,35,2024-11-16 15:25:00-08:00,Blue Table,10,False
55,66219,CougarBots,match,1,2024-11-16 09:10:00-08:00,Red Table,10,True
55,66219,CougarBots,match,17,2024-11-16 11:45:00-08:00,Blue Table,10,False
55,66219,CougarBots,match,24,2024-11-16 13:30:00-08:00,Blue Table,10,False
55,66219,CougarBots,match,31,2024-11-16 14:45:00-08:00,Red Table,10,False
55,67216,Submersiwolves,match,6,2024-11-16 10:00:00-08:00,Blue Table,10,True
55,67216,Submersiwolves,match,12,2024-11-16 10:55:00-08:00,Blue Table,10,False
55,67216,Submersiwolves,match,27,2024-11-16 14:00:00-08:00,Red Table,10,False
55,67216,Submersiwolves,match,35,2024-11-16 15:25:00-08:00,Red Table,10,False
55,68218,Tiger Robotics 5,match,4,2024-11-16 09:40:00-08:00,Red Table,10,True
55,68218,Tiger Robotics 5,match,11,2024-11-16 10:45:00-08:00,Blue Table,10,False
55,68218,Tiger Robotics 5,match,27,2024-11-16 14:00:00-08:00,Blue Table,10,False
55,68218,Tiger Robotics 5,match,34,2024-11-16 15:15:00-08:00,Red Table,10,False
55,68910,Digital Dolphins - White Team,match,2,2024-11-16 09:20:00-08:00,Red Table,10,True
55,68910,Digital Dolphins - White Team,match,19,2024-11-16 12:05:00-08:00,Red Table,10,False
55,68910,Digital Dolphins - White Team,match,26,2024-11-16 13:50:00-08:00,Blue Table,10,False
55,68910,Digital Dolphins - White Team,match,32,2024-11-16 14:55:00-08:00,Blue Table,10,False
55,69000,King Bob Robotics,match,9,2024-11-16 10:30:00-08:00,Red Table,10,True
55,69000,King Bob Robotics,match,16,2024-11-16 11:35:00-08:00,Blue Table,10,False
55,69000,King Bob Robotics,match,22,2024-11-16 13:10:00-08:00,Red Table,10,False
55,69000,King Bob Robotics,match,37,2024-11-16 15:45:00-08:00,Blue Table,10,False
56,2847,Aquavengers,match,8,2024-11-16 10:20:00-08:00,Blue Table,10,True
56,2847,Aquavengers,match,14,2024-11-16 11:15:00-08:00,Red Table,10,False
56,2847,Aquavengers,match,22,2024-11-16 13:10:00-08:00,Blue Table,10,False
56,2847,Aquavengers,match,40,2024-11-16 16:05:00-08:00,Red Table,10,False
56,4979,Aquabots,match,3,2024-11-16 09:30:00-08:00,Red Table,10,True
56,4979,Aquabots,match,19,2024-11-16 12:05:00-08:00,Blue Table,10,False
56,4979,Aquabots,match,25,2024-11-16 13:40:00-08:00,Red Table,10,False
56,4979,Aquabots,match,31,2024-11-16 14:45:00-08:00,Blue Table,10,False
56,8278,Titanium Turtles,match,2,2024-11-16 09:20:00-08:00,Blue Table,10,True
56,8278,Titanium Turtles,match,17,2024-11-16 11:45:00-08:00,Red Table,10,False
56,8278,Titanium Turtles,match,25,2024-11-16 13:40:00-08:00,Blue Table,10,False
56,8278,Titanium Turtles,match,33,2024-11-16 15:05:00-08:00,Red Table,10,False
56,8445,Ultra Mega Technologies,match,9,2024-11-16 10:30:00-08:00,Red Table,10,True
56,8445,Ultra Mega Technologies,match,16,2024-11-16 11:35:00-08:00,Blue Table,10,False
56,8445,Ultra Mega Technologies,match,22,2024-11-16 13:10:00-08:00,Red Table,10,False
56,8445,Ultra Mega Technologies,match,37,2024-11-16 15:45:00-08:00,Blue Table,10,False
56,53140,Fin Finders,match,9,2024-11-16 10:30:00-08:00,Blue Table,10,True
56,53140,Fin Finders,match,15,2024-11-16 11:25:00-08:00,Blue Table,10,False
56,53140,Fin Finders,match,21,2024-11-16 13:00:00-08:00,Red Table,10,False
56,53140,Fin Finders,match,38,2024-11-16 15:55:00-08:00,Red Table,10,False
56,56993,SuperChargers ,match,7,2024-11-16 10:10:00-08:00,Blue Table,10,True
56,56993,SuperChargers ,match,15,2024-11-16 11:25:00-08:00,Red Table,10,False
56,56993,SuperChargers ,match,23,2024-11-16 13:20:00-08:00,Red Table,10,False
56,56993,SuperChargers ,match,40,2024-11-16 16:05:00-08:00,Blue Table,10,False
56,60338,Astrocubs,match,7,2024-11-16 10:10:00-08:00,Red Table,10,True
56,60338,Astrocubs,match,14,2024-11-16 11:15:00-08:00,Blue Table,10,False
56,60338,Astrocubs,match,21,2024-11-16 13:00:00-08:00,Blue Table,10,False
56,60338,Astrocubs,match,37,2024-11-16 15:45:00-08:00,Red Table,10,False
56,60642,Code CrasherZ,match,6,2024-11-16 10:00:00-08:00,Blue Table,10,True
56,60642,Code CrasherZ,match,12,2024-11-16 10:55:00-08:00,Blue Table,10,False
56,60642,Code CrasherZ,match,27,2024-11-16 14:00:00-08:00,Red Table,10,False
56,60642,Code CrasherZ,match,35,2024-11-16 15:25:00-08:00,Red Table,10,False
56,60787,Shelby,match,4,2024-11-16 09:40:00-08:00,Red Table,10,True
56,60787,Shelby,match,11,2024-11-16 10:45:00-08:00,Blue Table,10,False
56,60787,Shelby,match,27,2024-11-16 14:00:00-08:00,Blue Table,10,False
56,60787,Shelby,match,34,2024-11-16 15:15:00-08:00,Red Table,10,False
56,60869,Techno Troopers,match,4,2024-11-16 09:40:00-08:00,Blue Table,10,True
56,60869,Techno Troopers,match,12,2024-11-16 10:55:00-08:00,Red Table,10,False
56,60869,Techno Troopers,match,29,2024-11-16 14:20:00-08:00,Red Table,10,False
56,60869,Techno Troopers,match,36,2024-11-16 15:35:00-08:00,Blue Table,10,False
56,65885,Ocean Plate Explorers,match,3,2024-11-16 09:30:00-08:00,Blue Table,10,True
56,65885,Ocean Plate Explorers,match,18,2024-11-16 11:55:00-08:00,Blue Table,10,False
56,65885,Ocean Plate Explorers,match,24,2024-11-16 13:30:00-08:00,Red Table,10,False
56,65885,Ocean Plate Explorers,match,32,2024-11-16 14:55:00-08:00,Red Table,10,False
56,65896,Votel /Cook - 4th Grade,match,2,2024-11-16 09:20:00-08:00,Red Table,10,True
56,65896,Votel /Cook - 4th Grade,match,19,2024-11-16 12:05:00-08:00,Red Table,10,False
56,65896,Votel /Cook - 4th Grade,match,26,2024-11-16 13:50:00-08:00,Blue Table,10,False
56,65896,Votel /Cook - 4th Grade,match,32,2024-11-16 14:55:00-08:00,Blue Table,10,False
56,65897,Garcia / Lofft - 5th Grade,match,6,2024-11-16 10:00:00-08:00,Red Table,10,True
56,65897,Garcia / Lofft - 5th Grade,match,13,2024-11-16 11:05:00-08:00,Blue Table,10,False
56,65897,Garcia / Lofft - 5th Grade,match,28,2024-11-16 14:10:00-08:00,Red Table,10,False
56,65897,Garcia / Lofft - 5th Grade,match,34,2024-11-16 15:15:00-08:00,Blue Table,10,False
56,65978,Notre Dame Robotics - Blue Team,match,5,2024-11-16 09:50:00-08:00,Blue Table,10,True
56,65978,Notre Dame Robotics - Blue Team,match,11,2024-11-16 10:45:00-08:00,Red Table,10,False
56,65978,Notre Dame Robotics - Blue Team,match,28,2024-11-16 14:10:00-08:00,Blue Table,10,False
56,65978,Notre Dame Robotics - Blue Team,match,36,2024-11-16 15:35:00-08:00,Red Table,10,False
56,66785,"Orange,Peach",match,1,2024-11-16 09:10:00-08:00,Blue Table,10,True
56,66785,"Orange,Peach",match,18,2024-11-16 11:55:00-08:00,Red Table,10,False
56,66785,"Orange,Peach",match,26,2024-11-16 13:50:00-08:00,Red Table,10,False
56,66785,"Orange,Peach",match,33,2024-11-16 15:05:00-08:00,Blue Table,10,False
56,67117,Super Divers ,match,1,2024-11-16 09:10:00-08:00,Red Table,10,True
56,67117,Super Divers ,match,17,2024-11-16 11:45:00-08:00,Blue Table,10,False
56,67117,Super Divers ,match,24,2024-11-16 13:30:00-08:00,Blue Table,10,False
56,67117,Super Divers ,match,31,2024-11-16 14:45:00-08:00,Red Table,10,False
56,67352,BlockBuster18,match,8,2024-11-16 10:20:00-08:00,Red Table,10,True
56,67352,BlockBuster18,match,16,2024-11-16 11:35:00-08:00,Red Table,10,False
56,67352,BlockBuster18,match,23,2024-11-16 13:20:00-08:00,Blue Table,10,False
56,67352,BlockBuster18,match,38,2024-11-16 15:55:00-08:00,Blue Table,10,False
56,68452,Argo Bears,match,5,2024-11-16 09:50:00-08:00,Red Table,10,True
56,68452,Argo Bears,match,13,2024-11-16 11:05:00-08:00,Red Table,10,False
56,68452,Argo Bears,match,29,2024-11-16 14:20:00-08:00,Blue Table,10,False
56,68452,Argo Bears,match,35,2024-11-16 15:25:00-08:00,Blue Table,10,False
57,30518,Marine Manatees (#30518),match,6,2024-11-09 10:30:00-08:00,TABLE B,10,True
57,30518,Marine Manatees (#30518),match,10,2024-11-09 11:15:00-08:00,TABLE B,15,False
57,30518,Marine Manatees (#30518),match,20,2024-11-09 14:30:00-08:00,TABLE A,10,False
57,30518,Marine Manatees (#30518),match,27,2024-11-09 16:05:00-08:00,TABLE A,10,False
57,52363,Terrabytes,match,2,2024-11-09 09:30:00-08:00,TABLE B,15,True
57,52363,Terrabytes,match,12,2024-11-09 11:45:00-08:00,TABLE A,15,False
57,52363,Terrabytes,match,17,2024-11-09 13:45:00-08:00,TABLE B,15,False
57,52363,Terrabytes,match,23,2024-11-09 15:20:00-08:00,TABLE A,10,False
57,52522,Aqua Avatars,match,1,2024-11-09 09:15:00-08:00,TABLE B,15,True
57,52522,Aqua Avatars,match,8,2024-11-09 10:45:00-08:00,TABLE A,15,False
57,52522,Aqua Avatars,match,17,2024-11-09 13:45:00-08:00,TABLE A,15,False
57,52522,Aqua Avatars,match,24,2024-11-09 15:30:00-08:00,TABLE B,15,False
57,58711,Arctic Wolves,match,6,2024-11-09 10:30:00-08:00,TABLE A,10,True
57,58711,Arctic Wolves,match,11,2024-11-09 11:30:00-08:00,TABLE B,15,False
57,58711,Arctic Wolves,match,15,2024-11-09 13:15:00-08:00,TABLE A,15,False
57,58711,Arctic Wolves,match,26,2024-11-09 15:55:00-08:00,TABLE B,10,False
57,61282,The Krusty Crab,match,5,2024-11-09 10:15:00-08:00,TABLE A,15,True
57,61282,The Krusty Crab,match,10,2024-11-09 11:15:00-08:00,TABLE A,15,False
57,61282,The Krusty Crab,match,15,2024-11-09 13:15:00-08:00,TABLE B,15,False
57,61282,The Krusty Crab,match,25,2024-11-09 15:45:00-08:00,TABLE B,10,False
57,61803,Techeon,match,4,2024-11-09 10:00:00-08:00,TABLE B,15,True
57,61803,Techeon,match,11,2024-11-09 11:30:00-08:00,TABLE A,15,False
57,61803,Techeon,match,18,2024-11-09 14:00:00-08:00,TABLE A,15,False
57,61803,Techeon,match,27,2024-11-09 16:05:00-08:00,TABLE B,10,False
57,62681,Golden Eagles,match,1,2024-11-09 09:15:00-08:00,TABLE A,15,True
57,62681,Golden Eagles,match,12,2024-11-09 11:45:00-08:00,TABLE B,15,False
57,62681,Golden Eagles,match,16,2024-11-09 13:30:00-08:00,TABLE B,15,False
57,62681,Golden Eagles,match,22,2024-11-09 15:10:00-08:00,TABLE A,10,False
57,64706,Techactrons,match,3,2024-11-09 09:45:00-08:00,TABLE A,15,True
57,64706,Techactrons,match,8,2024-11-09 10:45:00-08:00,TABLE B,15,False
57,64706,Techactrons,match,19,2024-11-09 14:15:00-08:00,TABLE A,15,False
57,64706,Techactrons,match,23,2024-11-09 15:20:00-08:00,TABLE B,10,False
57,65020,The Golden Huskies,match,4,2024-11-09 10:00:00-08:00,TABLE A,15,True
57,65020,The Golden Huskies,match,9,2024-11-09 11:00:00-08:00,TABLE B,15,False
57,65020,The Golden Huskies,match,20,2024-11-09 14:30:00-08:00,TABLE B,10,False
57,65020,The Golden Huskies,match,25,2024-11-09 15:45:00-08:00,TABLE A,10,False
57,66078,Pleasanton Piranhas,match,2,2024-11-09 09:30:00-08:00,TABLE A,15,True
57,66078,Pleasanton Piranhas,match,13,2024-11-09 12:00:00-08:00,TABLE A,10,False
57,66078,Pleasanton Piranhas,match,19,2024-11-09 14:15:00-08:00,TABLE B,15,False
57,66078,Pleasanton Piranhas,match,22,2024-11-09 15:10:00-08:00,TABLE B,10,False
57,67287,Spark Squad,match,5,2024-11-09 10:15:00-08:00,TABLE B,15,True
57,67287,Spark Squad,match,9,2024-11-09 11:00:00-08:00,TABLE A,15,False
57,67287,Spark Squad,match,18,2024-11-09 14:00:00-08:00,TABLE B,15,False
57,67287,Spark Squad,match,26,2024-11-09 15:55:00-08:00,TABLE A,10,False
57,67840,The Submarine SharkBots,match,3,2024-11-09 09:45:00-08:00,TABLE B,15,True
57,67840,The Submarine SharkBots,match,13,2024-11-09 12:00:00-08:00,TABLE B,10,False
57,67840,The Submarine SharkBots,match,16,2024-11-09 13:30:00-08:00,TABLE A,15,False
57,67840,The Submarine SharkBots,match,24,2024-11-09 15:30:00-08:00,TABLE A,15,False
58,20710,Our Savior Lions,match,4,2024-11-16 09:40:00-08:00,Red Table,10,True
58,20710,Our Savior Lions,match,11,2024-11-16 10:45:00-08:00,Blue Table,10,False
58,20710,Our Savior Lions,match,27,2024-11-16 14:00:00-08:00,Blue Table,10,False
58,20710,Our Savior Lions,match,34,2024-11-16 15:15:00-08:00,Red Table,10,False
58,48793,Team Mountain House,match,5,2024-11-16 09:50:00-08:00,Blue Table,10,True
58,48793,Team Mountain House,match,11,2024-11-16 10:45:00-08:00,Red Table,10,False
58,48793,Team Mountain House,match,28,2024-11-16 14:10:00-08:00,Blue Table,10,False
58,48793,Team Mountain House,match,36,2024-11-16 15:35:00-08:00,Red Table,10,False
58,56860,RoboShockers,match,1,2024-11-16 09:10:00-08:00,Blue Table,10,True
58,56860,RoboShockers,match,18,2024-11-16 11:55:00-08:00,Red Table,10,False
58,56860,RoboShockers,match,26,2024-11-16 13:50:00-08:00,Red Table,10,False
58,56860,RoboShockers,match,33,2024-11-16 15:05:00-08:00,Blue Table,10,False
58,60377,RI Lego Warriors,match,2,2024-11-16 09:20:00-08:00,Red Table,10,True
58,60377,RI Lego Warriors,match,19,2024-11-16 12:05:00-08:00,Red Table,10,False
58,60377,RI Lego Warriors,match,26,2024-11-16 13:50:00-08:00,Blue Table,10,False
58,60377,RI Lego Warriors,match,32,2024-11-16 14:55:00-08:00,Blue Table,10,False
58,60447,Little Einstein,match,7,2024-11-16 10:10:00-08:00,Blue Table,10,True
58,60447,Little Einstein,match,15,2024-11-16 11:25:00-08:00,Red Table,10,False
58,60447,Little Einstein,match,23,2024-11-16 13:20:00-08:00,Red Table,10,False
58,60447,Little Einstein,match,40,2024-11-16 16:05:00-08:00,Blue Table,10,False
58,60753,DroidSharks,match,3,2024-11-16 09:30:00-08:00,Blue Table,10,True
58,60753,DroidSharks,match,18,2024-11-16 11:55:00-08:00,Blue Table,10,False
58,60753,DroidSharks,match,24,2024-11-16 13:30:00-08:00,Red Table,10,False
58,60753,DroidSharks,match,32,2024-11-16 14:55:00-08:00,Red Table,10,False
58,60855,GearShift,match,8,2024-11-16 10:20:00-08:00,Red Table,10,True
58,60855,GearShift,match,16,2024-11-16 11:35:00-08:00,Red Table,10,False
58,60855,GearShift,match,23,2024-11-16 13:20:00-08:00,Blue Table,10,False
58,60855,GearShift,match,38,2024-11-16 15:55:00-08:00,Blue Table,10,False
58,61718,MechMavericks,match,8,2024-11-16 10:20:00-08:00,Blue Table,10,True
58,61718,MechMavericks,match,14,2024-11-16 11:15:00-08:00,Red Table,10,False
58,61718,MechMavericks,match,22,2024-11-16 13:10:00-08:00,Blue Table,10,False
58,61718,MechMavericks,match,40,2024-11-16 16:05:00-08:00,Red Table,10,False
58,62079,Glitch Gang,match,6,2024-11-16 10:00:00-08:00,Blue Table,10,True
58,62079,Glitch Gang,match,12,2024-11-16 10:55:00-08:00,Blue Table,10,False
58,62079,Glitch Gang,match,27,2024-11-16 14:00:00-08:00,Red Table,10,False
58,62079,Glitch Gang,match,35,2024-11-16 15:25:00-08:00,Red Table,10,False
58,62984,Eagle Bots 2024,match,7,2024-11-16 10:10:00-08:00,Red Table,10,True
58,62984,Eagle Bots 2024,match,14,2024-11-16 11:15:00-08:00,Blue Table,10,False
58,62984,Eagle Bots 2024,match,21,2024-11-16 13:00:00-08:00,Blue Table,10,False
58,62984,Eagle Bots 2024,match,37,2024-11-16 15:45:00-08:00,Red Table,10,False
58,65523,TechnoTitans12,match,1,2024-11-16 09:10:00-08:00,Red Table,10,True
58,65523,TechnoTitans12,match,17,2024-11-16 11:45:00-08:00,Blue Table,10,False
58,65523,TechnoTitans12,match,24,2024-11-16 13:30:00-08:00,Blue Table,10,False
58,65523,TechnoTitans12,match,31,2024-11-16 14:45:00-08:00,Red Table,10,False
58,65569,Tassajara Bots,match,9,2024-11-16 10:30:00-08:00,Blue Table,10,True
58,65569,Tassajara Bots,match,15,2024-11-16 11:25:00-08:00,Blue Table,10,False
58,65569,Tassajara Bots,match,21,2024-11-16 13:00:00-08:00,Red Table,10,False
58,65569,Tassajara Bots,match,38,2024-11-16 15:55:00-08:00,Red Table,10,False
58,65830,MegaBots,match,5,2024-11-16 09:50:00-08:00,Red Table,10,True
58,65830,MegaBots,match,13,2024-11-16 11:05:00-08:00,Red Table,10,False
58,65830,MegaBots,match,29,2024-11-16 14:20:00-08:00,Blue Table,10,False
58,65830,MegaBots,match,35,2024-11-16 15:25:00-08:00,Blue Table,10,False
58,65849,4:12 Robots,match,3,2024-11-16 09:30:00-08:00,Red Table,10,True
58,65849,4:12 Robots,match,19,2024-11-16 12:05:00-08:00,Blue Table,10,False
58,65849,4:12 Robots,match,25,2024-11-16 13:40:00-08:00,Red Table,10,False
58,65849,4:12 Robots,match,31,2024-11-16 14:45:00-08:00,Blue Table,10,False
58,65953,Infinity E-Bots,match,9,2024-11-16 10:30:00-08:00,Red Table,10,True
58,65953,Infinity E-Bots,match,16,2024-11-16 11:35:00-08:00,Blue Table,10,False
58,65953,Infinity E-Bots,match,22,2024-11-16 13:10:00-08:00,Red Table,10,False
58,65953,Infinity E-Bots,match,37,2024-11-16 15:45:00-08:00,Blue Table,10,False
58,66355,Iron Dolphins,match,2,2024-11-16 09:20:00-08:00,Blue Table,10,True
58,66355,Iron Dolphins,match,17,2024-11-16 11:45:00-08:00,Red Table,10,False
58,66355,Iron Dolphins,match,25,2024-11-16 13:40:00-08:00,Blue Table,10,False
58,66355,Iron Dolphins,match,33,2024-11-16 15:05:00-08:00,Red Table,10,False
58,66490,In Lak'ech,match,6,2024-11-16 10:00:00-08:00,Red Table,10,True
58,66490,In Lak'ech,match,13,2024-11-16 11:05:00-08:00,Blue Table,10,False
58,66490,In Lak'ech,match,28,2024-11-16 14:10:00-08:00,Red Table,10,False
58,66490,In Lak'ech,match,34,2024-11-16 15:15:00-08:00,Blue Table,10,False
58,67114,MH Vanguards,match,4,2024-11-16 09:40:00-08:00,Blue Table,10,True
58,67114,MH Vanguards,match,12,2024-11-16 10:55:00-08:00,Red Table,10,False
58,67114,MH Vanguards,match,29,2024-11-16 14:20:00-08:00,Red Table,10,False
58,67114,MH Vanguards,match,36,2024-11-16 15:35:00-08:00,Blue Table,10,False
59,2848,H2LEGO,match,7,2024-11-16 10:05:00-08:00,Blue B1,10,True
59,2848,H2LEGO,match,13,2024-11-16 11:05:00-08:00,Blue B2,10,False
59,2848,H2LEGO,match,19,2024-11-16 13:05:00-08:00,Red R1,10,False
59,2848,H2LEGO,match,32,2024-11-16 15:15:00-08:00,Red R2,10,False
59,17492,Hydrospace,match,2,2024-11-16 09:25:00-08:00,Blue B1,10,True
59,17492,Hydrospace,match,17,2024-11-16 11:40:00-08:00,Blue B2,10,False
59,17492,Hydrospace,match,23,2024-11-16 13:40:00-08:00,Red R1,10,False
59,17492,Hydrospace,match,29,2024-11-16 14:45:00-08:00,Red R2,10,False
59,17494,Coral Crusaders,match,5,2024-11-16 09:50:00-08:00,Blue B2,10,True
59,17494,Coral Crusaders,match,11,2024-11-16 10:50:00-08:00,Red R1,10,False
59,17494,Coral Crusaders,match,25,2024-11-16 13:55:00-08:00,Red R2,10,False
59,17494,Coral Crusaders,match,31,2024-11-16 15:05:00-08:00,Blue B1,10,False
59,25571,The Innovative Inventors,match,4,2024-11-16 09:40:00-08:00,Blue B1,10,True
59,25571,The Innovative Inventors,match,10,2024-11-16 10:40:00-08:00,Blue B2,10,False
59,25571,The Innovative Inventors,match,25,2024-11-16 13:55:00-08:00,Red R1,10,False
59,25571,The Innovative Inventors,match,30,2024-11-16 14:55:00-08:00,Red R2,10,False
59,25573,Otter This World,match,1,2024-11-16 09:15:00-08:00,Blue B2,10,True
59,25573,Otter This World,match,16,2024-11-16 11:30:00-08:00,Red R1,10,False
59,25573,Otter This World,match,23,2024-11-16 13:40:00-08:00,Red R2,10,False
59,25573,Otter This World,match,28,2024-11-16 14:35:00-08:00,Blue B1,10,False
59,56026,RoboKids,match,8,2024-11-16 10:15:00-08:00,Red R2,10,True
59,56026,RoboKids,match,13,2024-11-16 11:05:00-08:00,Blue B1,10,False
59,56026,RoboKids,match,20,2024-11-16 13:15:00-08:00,Blue B2,10,False
59,56026,RoboKids,match,33,2024-11-16 15:25:00-08:00,Red R1,10,False
59,56459,Code Warriors,match,8,2024-11-16 10:15:00-08:00,Blue B1,10,True
59,56459,Code Warriors,match,14,2024-11-16 11:15:00-08:00,Blue B2,10,False
59,56459,Code Warriors,match,20,2024-11-16 13:15:00-08:00,Red R1,10,False
59,56459,Code Warriors,match,33,2024-11-16 15:25:00-08:00,Red R2,10,False
59,56489,Gear Girls,match,1,2024-11-16 09:15:00-08:00,Red R1,10,True
59,56489,Gear Girls,match,16,2024-11-16 11:30:00-08:00,Red R2,10,False
59,56489,Gear Girls,match,23,2024-11-16 13:40:00-08:00,Blue B1,10,False
59,56489,Gear Girls,match,29,2024-11-16 14:45:00-08:00,Blue B2,10,False
59,57600,Delta Rovers,match,4,2024-11-16 09:40:00-08:00,Red R2,10,True
59,57600,Delta Rovers,match,11,2024-11-16 10:50:00-08:00,Blue B1,10,False
59,57600,Delta Rovers,match,25,2024-11-16 13:55:00-08:00,Blue B2,10,False
59,57600,Delta Rovers,match,30,2024-11-16 14:55:00-08:00,Red R1,10,False
59,58666,Techno Bricks,match,5,2024-11-16 09:50:00-08:00,Blue B1,10,True
59,58666,Techno Bricks,match,11,2024-11-16 10:50:00-08:00,Blue B2,10,False
59,58666,Techno Bricks,match,26,2024-11-16 14:05:00-08:00,Red R1,10,False
59,58666,Techno Bricks,match,31,2024-11-16 15:05:00-08:00,Red R2,10,False
59,60115,Racing Robo,match,2,2024-11-16 09:25:00-08:00,Red R2,10,True
59,60115,Racing Robo,match,16,2024-11-16 11:30:00-08:00,Blue B1,10,False
59,60115,Racing Robo,match,23,2024-11-16 13:40:00-08:00,Blue B2,10,False
59,60115,Racing Robo,match,29,2024-11-16 14:45:00-08:00,Red R1,10,False
59,60296,Stormy Knights,match,5,2024-11-16 09:50:00-08:00,Red R1,10,True
59,60296,Stormy Knights,match,11,2024-11-16 10:50:00-08:00,Red R2,10,False
59,60296,Stormy Knights,match,25,2024-11-16 13:55:00-08:00,Blue B1,10,False
59,60296,Stormy Knights,match,30,2024-11-16 14:55:00-08:00,Blue B2,10,False
59,60497,Apollo 6,match,7,2024-11-16 10:05:00-08:00,Red R1,10,True
59,60497,Apollo 6,match,13,2024-11-16 11:05:00-08:00,Red R2,10,False
59,60497,Apollo 6,match,20,2024-11-16 13:15:00-08:00,Blue B1,10,False
59,60497,Apollo 6,match,33,2024-11-16 15:25:00-08:00,Blue B2,10,False
59,62268,Delta Cosmic coders,match,8,2024-11-16 10:15:00-08:00,Blue B2,10,True
59,62268,Delta Cosmic coders,match,14,2024-11-16 11:15:00-08:00,Red R1,10,False
59,62268,Delta Cosmic coders,match,19,2024-11-16 13:05:00-08:00,Red R2,10,False
59,62268,Delta Cosmic coders,match,33,2024-11-16 15:25:00-08:00,Blue B1,10,False
59,62314,Cyber Sharks,match,4,2024-11-16 09:40:00-08:00,Blue B2,10,True
59,62314,Cyber Sharks,match,10,2024-11-16 10:40:00-08:00,Red R1,10,False
59,62314,Cyber Sharks,match,26,2024-11-16 14:05:00-08:00,Red R2,10,False
59,62314,Cyber Sharks,match,30,2024-11-16 14:55:00-08:00,Blue B1,10,False
59,64638,Brain Bots,match,8,2024-11-16 10:15:00-08:00,Red R1,10,True
59,64638,Brain Bots,match,14,2024-11-16 11:15:00-08:00,Red R2,10,False
59,64638,Brain Bots,match,19,2024-11-16 13:05:00-08:00,Blue B1,10,False
59,64638,Brain Bots,match,32,2024-11-16 15:15:00-08:00,Blue B2,10,False
59,64902,TBT,match,2,2024-11-16 09:25:00-08:00,Red R1,10,True
59,64902,TBT,match,17,2024-11-16 11:40:00-08:00,Red R2,10,False
59,64902,TBT,match,22,2024-11-16 13:30:00-08:00,Blue B1,10,False
59,64902,TBT,match,28,2024-11-16 14:35:00-08:00,Blue B2,10,False
59,65169,Terrace TechTitans,match,5,2024-11-16 09:50:00-08:00,Red R2,10,True
59,65169,Terrace TechTitans,match,10,2024-11-16 10:40:00-08:00,Blue B1,10,False
59,65169,Terrace TechTitans,match,26,2024-11-16 14:05:00-08:00,Blue B2,10,False
59,65169,Terrace TechTitans,match,31,2024-11-16 15:05:00-08:00,Red R1,10,False
59,65840,Graystone Ninjas,match,4,2024-11-16 09:40:00-08:00,Red R1,10,True
59,65840,Graystone Ninjas,match,10,2024-11-16 10:40:00-08:00,Red R2,10,False
59,65840,Graystone Ninjas,match,26,2024-11-16 14:05:00-08:00,Blue B1,10,False
59,65840,Graystone Ninjas,match,31,2024-11-16 15:05:00-08:00,Blue B2,10,False
59,67205,Robots of Atlantis,match,1,2024-11-16 09:15:00-08:00,Blue B1,10,True
59,67205,Robots of Atlantis,match,16,2024-11-16 11:30:00-08:00,Blue B2,10,False
59,67205,Robots of Atlantis,match,22,2024-11-16 13:30:00-08:00,Red R1,10,False
59,67205,Robots of Atlantis,match,28,2024-11-16 14:35:00-08:00,Red R2,10,False
59,67280,Superstarz 3.0,match,7,2024-11-16 10:05:00-08:00,Red R2,10,True
59,67280,Superstarz 3.0,match,14,2024-11-16 11:15:00-08:00,Blue B1,10,False
59,67280,Superstarz 3.0,match,19,2024-11-16 13:05:00-08:00,Blue B2,10,False
59,67280,Superstarz 3.0,match,32,2024-11-16 15:15:00-08:00,Red R1,10,False
59,67447,Cool Thunderbolts!,match,2,2024-11-16 09:25:00-08:00,Blue B2,10,True
59,67447,Cool Thunderbolts!,match,17,2024-11-16 11:40:00-08:00,Red R1,10,False
59,67447,Cool Thunderbolts!,match,22,2024-11-16 13:30:00-08:00,Red R2,10,False
59,67447,Cool Thunderbolts!,match,29,2024-11-16 14:45:00-08:00,Blue B1,10,False
59,68440,Oceanic Overlords (Argo Team 241),match,1,2024-11-16 09:15:00-08:00,Red R2,10,True
59,68440,Oceanic Overlords (Argo Team 241),match,17,2024-11-16 11:40:00-08:00,Blue B1,10,False
59,68440,Oceanic Overlords (Argo Team 241),match,22,2024-11-16 13:30:00-08:00,Blue B2,10,False
59,68440,Oceanic Overlords (Argo Team 241),match,28,2024-11-16 14:35:00-08:00,Red R1,10,False
59,68453,Argo Team 245,match,7,2024-11-16 10:05:00-08:00,Blue B2,10,True
59,68453,Argo Team 245,match,13,2024-11-16 11:05:00-08:00,Red R1,10,False
59,68453,Argo Team 245,match,20,2024-11-16 13:15:00-08:00,Red R2,10,False
59,68453,Argo Team 245,match,32,2024-11-16 15:15:00-08:00,Blue B1,10,False
60,8560,ProGRAHAMers,match,9,2024-11-16 10:30:00-08:00,Blue Table,10,True
60,8560,ProGRAHAMers,match,15,2024-11-16 11:25:00-08:00,Blue Table,10,False
60,8560,ProGRAHAMers,match,21,2024-11-16 13:00:00-08:00,Red Table,10,False
60,8560,ProGRAHAMers,match,38,2024-11-16 15:55:00-08:00,Red Table,10,False
60,17491,H2Flow,match,9,2024-11-16 10:30:00-08:00,Red Table,10,True
60,17491,H2Flow,match,16,2024-11-16 11:35:00-08:00,Blue Table,10,False
60,17491,H2Flow,match,22,2024-11-16 13:10:00-08:00,Red Table,10,False
60,17491,H2Flow,match,37,2024-11-16 15:45:00-08:00,Blue Table,10,False
60,17493,Whale Whisperers,match,8,2024-11-16 10:20:00-08:00,Blue Table,10,True
60,17493,Whale Whisperers,match,14,2024-11-16 11:15:00-08:00,Red Table,10,False
60,17493,Whale Whisperers,match,22,2024-11-16 13:10:00-08:00,Blue Table,10,False
60,17493,Whale Whisperers,match,40,2024-11-16 16:05:00-08:00,Red Table,10,False
60,47206,Owlz,match,8,2024-11-16 10:20:00-08:00,Red Table,10,True
60,47206,Owlz,match,16,2024-11-16 11:35:00-08:00,Red Table,10,False
60,47206,Owlz,match,23,2024-11-16 13:20:00-08:00,Blue Table,10,False
60,47206,Owlz,match,38,2024-11-16 15:55:00-08:00,Blue Table,10,False
60,54977,Menlo Park Narleaotters,match,4,2024-11-16 09:40:00-08:00,Red Table,10,True
60,54977,Menlo Park Narleaotters,match,11,2024-11-16 10:45:00-08:00,Blue Table,10,False
60,54977,Menlo Park Narleaotters,match,27,2024-11-16 14:00:00-08:00,Blue Table,10,False
60,54977,Menlo Park Narleaotters,match,34,2024-11-16 15:15:00-08:00,Red Table,10,False
60,58043,Hacking Hornets,match,7,2024-11-16 10:10:00-08:00,Blue Table,10,True
60,58043,Hacking Hornets,match,15,2024-11-16 11:25:00-08:00,Red Table,10,False
60,58043,Hacking Hornets,match,23,2024-11-16 13:20:00-08:00,Red Table,10,False
60,58043,Hacking Hornets,match,40,2024-11-16 16:05:00-08:00,Blue Table,10,False
60,60759,Cat-a-Bots,match,3,2024-11-16 09:30:00-08:00,Red Table,10,True
60,60759,Cat-a-Bots,match,19,2024-11-16 12:05:00-08:00,Blue Table,10,False
60,60759,Cat-a-Bots,match,25,2024-11-16 13:40:00-08:00,Red Table,10,False
60,60759,Cat-a-Bots,match,31,2024-11-16 14:45:00-08:00,Blue Table,10,False
60,61932,BCS Golden Oceaneers,match,1,2024-11-16 09:10:00-08:00,Red Table,10,True
60,61932,BCS Golden Oceaneers,match,17,2024-11-16 11:45:00-08:00,Blue Table,10,False
60,61932,BCS Golden Oceaneers,match,24,2024-11-16 13:30:00-08:00,Blue Table,10,False
60,61932,BCS Golden Oceaneers,match,31,2024-11-16 14:45:00-08:00,Red Table,10,False
60,65278,Hydrobots,match,6,2024-11-16 10:00:00-08:00,Red Table,10,True
60,65278,Hydrobots,match,13,2024-11-16 11:05:00-08:00,Blue Table,10,False
60,65278,Hydrobots,match,28,2024-11-16 14:10:00-08:00,Red Table,10,False
60,65278,Hydrobots,match,34,2024-11-16 15:15:00-08:00,Blue Table,10,False
60,65319,DCADS Robo Cubs,match,5,2024-11-16 09:50:00-08:00,Red Table,10,True
60,65319,DCADS Robo Cubs,match,13,2024-11-16 11:05:00-08:00,Red Table,10,False
60,65319,DCADS Robo Cubs,match,29,2024-11-16 14:20:00-08:00,Blue Table,10,False
60,65319,DCADS Robo Cubs,match,35,2024-11-16 15:25:00-08:00,Blue Table,10,False
60,65595,Team Sigma,match,2,2024-11-16 09:20:00-08:00,Blue Table,10,True
60,65595,Team Sigma,match,17,2024-11-16 11:45:00-08:00,Red Table,10,False
60,65595,Team Sigma,match,25,2024-11-16 13:40:00-08:00,Blue Table,10,False
60,65595,Team Sigma,match,33,2024-11-16 15:05:00-08:00,Red Table,10,False
60,65685,Ocean Engineers,match,7,2024-11-16 10:10:00-08:00,Red Table,10,True
60,65685,Ocean Engineers,match,14,2024-11-16 11:15:00-08:00,Blue Table,10,False
60,65685,Ocean Engineers,match,21,2024-11-16 13:00:00-08:00,Blue Table,10,False
60,65685,Ocean Engineers,match,37,2024-11-16 15:45:00-08:00,Red Table,10,False
60,65979,Notre Dame Robotics - Red Team,match,1,2024-11-16 09:10:00-08:00,Blue Table,10,True
60,65979,Notre Dame Robotics - Red Team,match,18,2024-11-16 11:55:00-08:00,Red Table,10,False
60,65979,Notre Dame Robotics - Red Team,match,26,2024-11-16 13:50:00-08:00,Red Table,10,False
60,65979,Notre Dame Robotics - Red Team,match,33,2024-11-16 15:05:00-08:00,Blue Table,10,False
60,67149,URB Ultimate Robotic Builders,match,3,2024-11-16 09:30:00-08:00,Blue Table,10,True
60,67149,URB Ultimate Robotic Builders,match,18,2024-11-16 11:55:00-08:00,Blue Table,10,False
60,67149,URB Ultimate Robotic Builders,match,24,2024-11-16 13:30:00-08:00,Red Table,10,False
60,67149,URB Ultimate Robotic Builders,match,32,2024-11-16 14:55:00-08:00,Red Table,10,False
60,67150,Coding Ninjas,match,6,2024-11-16 10:00:00-08:00,Blue Table,10,True
60,67150,Coding Ninjas,match,12,2024-11-16 10:55:00-08:00,Blue Table,10,False
60,67150,Coding Ninjas,match,27,2024-11-16 14:00:00-08:00,Red Table,10,False
60,67150,Coding Ninjas,match,35,2024-11-16 15:25:00-08:00,Red Table,10,False
60,67289,Electric Eels,match,2,2024-11-16 09:20:00-08:00,Red Table,10,True
60,67289,Electric Eels,match,19,2024-11-16 12:05:00-08:00,Red Table,10,False
60,67289,Electric Eels,match,26,2024-11-16 13:50:00-08:00,Blue Table,10,False
60,67289,Electric Eels,match,32,2024-11-16 14:55:00-08:00,Blue Table,10,False
60,67342,Sharks,match,4,2024-11-16 09:40:00-08:00,Blue Table,10,True
60,67342,Sharks,match,12,2024-11-16 10:55:00-08:00,Red Table,10,False
60,67342,Sharks,match,29,2024-11-16 14:20:00-08:00,Red Table,10,False
60,67342,Sharks,match,36,2024-11-16 15:35:00-08:00,Blue Table,10,False
60,69277,Oceanic Operators,match,5,2024-11-16 09:50:00-08:00,Blue Table,10,True
60,69277,Oceanic Operators,match,11,2024-11-16 10:45:00-08:00,Red Table,10,False
60,69277,Oceanic Operators,match,28,2024-11-16 14:10:00-08:00,Blue Table,10,False
60,69277,Oceanic Operators,match,36,2024-11-16 15:35:00-08:00,Red Table,10,False
61,2713,Phat Seals,match,3,2024-11-17 09:30:00-08:00,Blue Table,10,True
61,2713,Phat Seals,match,18,2024-11-17 11:55:00-08:00,Blue Table,10,False
61,2713,Phat Seals,match,24,2024-11-17 13:30:00-08:00,Red Table,10,False
61,2713,Phat Seals,match,32,2024-11-17 14:55:00-08:00,Red Table,10,False
61,50422,DragonBots,match,2,2024-11-17 09:20:00-08:00,Red Table,10,True
61,50422,DragonBots,match,19,2024-11-17 12:05:00-08:00,Red Table,10,False
61,50422,DragonBots,match,26,2024-11-17 13:50:00-08:00,Blue Table,10,False
61,50422,DragonBots,match,32,2024-11-17 14:55:00-08:00,Blue Table,10,False
61,56793,BCS See Sea Blue,match,2,2024-11-17 09:20:00-08:00,Blue Table,10,True
61,56793,BCS See Sea Blue,match,17,2024-11-17 11:45:00-08:00,Red Table,10,False
61,56793,BCS See Sea Blue,match,25,2024-11-17 13:40:00-08:00,Blue Table,10,False
61,56793,BCS See Sea Blue,match,33,2024-11-17 15:05:00-08:00,Red Table,10,False
61,58664,Lunatics,match,5,2024-11-17 09:50:00-08:00,Red Table,10,True
61,58664,Lunatics,match,13,2024-11-17 11:05:00-08:00,Red Table,10,False
61,58664,Lunatics,match,29,2024-11-17 14:20:00-08:00,Blue Table,10,False
61,58664,Lunatics,match,35,2024-11-17 15:25:00-08:00,Blue Table,10,False
61,58828,Cupertino ShortCircuit,match,4,2024-11-17 09:40:00-08:00,Blue Table,10,True
61,58828,Cupertino ShortCircuit,match,12,2024-11-17 10:55:00-08:00,Red Table,10,False
61,58828,Cupertino ShortCircuit,match,29,2024-11-17 14:20:00-08:00,Red Table,10,False
61,58828,Cupertino ShortCircuit,match,36,2024-11-17 15:35:00-08:00,Blue Table,10,False
61,59937,Robo Mangal,match,8,2024-11-17 10:20:00-08:00,Blue Table,10,True
61,59937,Robo Mangal,match,14,2024-11-17 11:15:00-08:00,Red Table,10,False
61,59937,Robo Mangal,match,22,2024-11-17 13:10:00-08:00,Blue Table,10,False
61,59937,Robo Mangal,match,40,2024-11-17 16:05:00-08:00,Red Table,10,False
61,60297,Circuit Breakers,match,7,2024-11-17 10:10:00-08:00,Red Table,10,True
61,60297,Circuit Breakers,match,14,2024-11-17 11:15:00-08:00,Blue Table,10,False
61,60297,Circuit Breakers,match,21,2024-11-17 13:00:00-08:00,Blue Table,10,False
61,60297,Circuit Breakers,match,37,2024-11-17 15:45:00-08:00,Red Table,10,False
61,60354,Paradox,match,1,2024-11-17 09:10:00-08:00,Red Table,10,True
61,60354,Paradox,match,17,2024-11-17 11:45:00-08:00,Blue Table,10,False
61,60354,Paradox,match,24,2024-11-17 13:30:00-08:00,Blue Table,10,False
61,60354,Paradox,match,31,2024-11-17 14:45:00-08:00,Red Table,10,False
61,60942,Taco Shark,match,1,2024-11-17 09:10:00-08:00,Blue Table,10,True
61,60942,Taco Shark,match,18,2024-11-17 11:55:00-08:00,Red Table,10,False
61,60942,Taco Shark,match,26,2024-11-17 13:50:00-08:00,Red Table,10,False
61,60942,Taco Shark,match,33,2024-11-17 15:05:00-08:00,Blue Table,10,False
61,65285,Poki Bots,match,3,2024-11-17 09:30:00-08:00,Red Table,10,True
61,65285,Poki Bots,match,19,2024-11-17 12:05:00-08:00,Blue Table,10,False
61,65285,Poki Bots,match,25,2024-11-17 13:40:00-08:00,Red Table,10,False
61,65285,Poki Bots,match,31,2024-11-17 14:45:00-08:00,Blue Table,10,False
61,66069,CuriousDivers,match,8,2024-11-17 10:20:00-08:00,Red Table,10,True
61,66069,CuriousDivers,match,16,2024-11-17 11:35:00-08:00,Red Table,10,False
61,66069,CuriousDivers,match,23,2024-11-17 13:20:00-08:00,Blue Table,10,False
61,66069,CuriousDivers,match,38,2024-11-17 15:55:00-08:00,Blue Table,10,False
61,66598,Poseidon,match,9,2024-11-17 10:30:00-08:00,Red Table,10,True
61,66598,Poseidon,match,16,2024-11-17 11:35:00-08:00,Blue Table,10,False
61,66598,Poseidon,match,22,2024-11-17 13:10:00-08:00,Red Table,10,False
61,66598,Poseidon,match,37,2024-11-17 15:45:00-08:00,Blue Table,10,False
61,67107,Tech Titans,match,6,2024-11-17 10:00:00-08:00,Blue Table,10,True
61,67107,Tech Titans,match,12,2024-11-17 10:55:00-08:00,Blue Table,10,False
61,67107,Tech Titans,match,27,2024-11-17 14:00:00-08:00,Red Table,10,False
61,67107,Tech Titans,match,35,2024-11-17 15:25:00-08:00,Red Table,10,False
61,67186,Aquamarines,match,7,2024-11-17 10:10:00-08:00,Blue Table,10,True
61,67186,Aquamarines,match,15,2024-11-17 11:25:00-08:00,Red Table,10,False
61,67186,Aquamarines,match,23,2024-11-17 13:20:00-08:00,Red Table,10,False
61,67186,Aquamarines,match,40,2024-11-17 16:05:00-08:00,Blue Table,10,False
61,67635,Mission LEGO Legends,match,9,2024-11-17 10:30:00-08:00,Blue Table,10,True
61,67635,Mission LEGO Legends,match,15,2024-11-17 11:25:00-08:00,Blue Table,10,False
61,67635,Mission LEGO Legends,match,21,2024-11-17 13:00:00-08:00,Red Table,10,False
61,67635,Mission LEGO Legends,match,38,2024-11-17 15:55:00-08:00,Red Table,10,False
61,67897,Lego Legends Oak 2024,match,6,2024-11-17 10:00:00-08:00,Red Table,10,True
61,67897,Lego Legends Oak 2024,match,13,2024-11-17 11:05:00-08:00,Blue Table,10,False
61,67897,Lego Legends Oak 2024,match,28,2024-11-17 14:10:00-08:00,Red Table,10,False
61,67897,Lego Legends Oak 2024,match,34,2024-11-17 15:15:00-08:00,Blue Table,10,False
61,68191,Lego Lillies,match,5,2024-11-17 09:50:00-08:00,Blue Table,10,True
61,68191,Lego Lillies,match,11,2024-11-17 10:45:00-08:00,Red Table,10,False
61,68191,Lego Lillies,match,28,2024-11-17 14:10:00-08:00,Blue Table,10,False
61,68191,Lego Lillies,match,36,2024-11-17 15:35:00-08:00,Red Table,10,False
61,68582,HERricanes,match,4,2024-11-17 09:40:00-08:00,Red Table,10,True
61,68582,HERricanes,match,11,2024-11-17 10:45:00-08:00,Blue Table,10,False
61,68582,HERricanes,match,27,2024-11-17 14:00:00-08:00,Blue Table,10,False
61,68582,HERricanes,match,34,2024-11-17 15:15:00-08:00,Red Table,10,False
62,417,Notre Dame Fighting iBots,match,8,2024-11-17 10:15:00-08:00,Blue B2,10,True
62,417,Notre Dame Fighting iBots,match,14,2024-11-17 11:15:00-08:00,Red R1,10,False
62,417,Notre Dame Fighting iBots,match,19,2024-11-17 13:05:00-08:00,Red R2,10,False
62,417,Notre Dame Fighting iBots,match,33,2024-11-17 15:25:00-08:00,Blue B1,10,False
62,445,Matsuyama RoboPines,match,5,2024-11-17 09:50:00-08:00,Blue B2,10,True
62,445,Matsuyama RoboPines,match,11,2024-11-17 10:50:00-08:00,Red R1,10,False
62,445,Matsuyama RoboPines,match,25,2024-11-17 13:55:00-08:00,Red R2,10,False
62,445,Matsuyama RoboPines,match,31,2024-11-17 15:05:00-08:00,Blue B1,10,False
62,4506,Techno Cavs,match,4,2024-11-17 09:40:00-08:00,Blue B2,10,True
62,4506,Techno Cavs,match,10,2024-11-17 10:40:00-08:00,Red R1,10,False
62,4506,Techno Cavs,match,26,2024-11-17 14:05:00-08:00,Red R2,10,False
62,4506,Techno Cavs,match,30,2024-11-17 14:55:00-08:00,Blue B1,10,False
62,53150,DigiTech,match,7,2024-11-17 10:05:00-08:00,Blue B2,10,True
62,53150,DigiTech,match,13,2024-11-17 11:05:00-08:00,Red R1,10,False
62,53150,DigiTech,match,20,2024-11-17 13:15:00-08:00,Red R2,10,False
62,53150,DigiTech,match,32,2024-11-17 15:15:00-08:00,Blue B1,10,False
62,56453,Donut Powered,match,7,2024-11-17 10:05:00-08:00,Red R1,10,True
62,56453,Donut Powered,match,13,2024-11-17 11:05:00-08:00,Red R2,10,False
62,56453,Donut Powered,match,20,2024-11-17 13:15:00-08:00,Blue B1,10,False
62,56453,Donut Powered,match,33,2024-11-17 15:25:00-08:00,Blue B2,10,False
62,56511,Super Charged,match,1,2024-11-17 09:15:00-08:00,Red R1,10,True
62,56511,Super Charged,match,16,2024-11-17 11:30:00-08:00,Red R2,10,False
62,56511,Super Charged,match,23,2024-11-17 13:40:00-08:00,Blue B1,10,False
62,56511,Super Charged,match,29,2024-11-17 14:45:00-08:00,Blue B2,10,False
62,58380,Lego Masters1,match,4,2024-11-17 09:40:00-08:00,Red R2,10,True
62,58380,Lego Masters1,match,11,2024-11-17 10:50:00-08:00,Blue B1,10,False
62,58380,Lego Masters1,match,25,2024-11-17 13:55:00-08:00,Blue B2,10,False
62,58380,Lego Masters1,match,30,2024-11-17 14:55:00-08:00,Red R1,10,False
62,59922,Baxter's Builders,match,8,2024-11-17 10:15:00-08:00,Red R1,10,True
62,59922,Baxter's Builders,match,14,2024-11-17 11:15:00-08:00,Red R2,10,False
62,59922,Baxter's Builders,match,19,2024-11-17 13:05:00-08:00,Blue B1,10,False
62,59922,Baxter's Builders,match,32,2024-11-17 15:15:00-08:00,Blue B2,10,False
62,59943,Aqua Avengers,match,2,2024-11-17 09:25:00-08:00,Red R2,10,True
62,59943,Aqua Avengers,match,16,2024-11-17 11:30:00-08:00,Blue B1,10,False
62,59943,Aqua Avengers,match,23,2024-11-17 13:40:00-08:00,Blue B2,10,False
62,59943,Aqua Avengers,match,29,2024-11-17 14:45:00-08:00,Red R1,10,False
62,60507,Team Prime,match,1,2024-11-17 09:15:00-08:00,Blue B2,10,True
62,60507,Team Prime,match,16,2024-11-17 11:30:00-08:00,Red R1,10,False
62,60507,Team Prime,match,23,2024-11-17 13:40:00-08:00,Red R2,10,False
62,60507,Team Prime,match,28,2024-11-17 14:35:00-08:00,Blue B1,10,False
62,60718,Rockin Robos,match,4,2024-11-17 09:40:00-08:00,Red R1,10,True
62,60718,Rockin Robos,match,10,2024-11-17 10:40:00-08:00,Red R2,10,False
62,60718,Rockin Robos,match,26,2024-11-17 14:05:00-08:00,Blue B1,10,False
62,60718,Rockin Robos,match,31,2024-11-17 15:05:00-08:00,Blue B2,10,False
62,60756,Folsom Thunderbots,match,7,2024-11-17 10:05:00-08:00,Blue B1,10,True
62,60756,Folsom Thunderbots,match,13,2024-11-17 11:05:00-08:00,Blue B2,10,False
62,60756,Folsom Thunderbots,match,19,2024-11-17 13:05:00-08:00,Red R1,10,False
62,60756,Folsom Thunderbots,match,32,2024-11-17 15:15:00-08:00,Red R2,10,False
62,60923,Artesan,match,5,2024-11-17 09:50:00-08:00,Blue B1,10,True
62,60923,Artesan,match,11,2024-11-17 10:50:00-08:00,Blue B2,10,False
62,60923,Artesan,match,26,2024-11-17 14:05:00-08:00,Red R1,10,False
62,60923,Artesan,match,31,2024-11-17 15:05:00-08:00,Red R2,10,False
62,60996,VortexMasterminds,match,5,2024-11-17 09:50:00-08:00,Red R1,10,True
62,60996,VortexMasterminds,match,11,2024-11-17 10:50:00-08:00,Red R2,10,False
62,60996,VortexMasterminds,match,25,2024-11-17 13:55:00-08:00,Blue B1,10,False
62,60996,VortexMasterminds,match,30,2024-11-17 14:55:00-08:00,Blue B2,10,False
62,64889,Sea Monsters Squad,match,2,2024-11-17 09:25:00-08:00,Blue B1,10,True
62,64889,Sea Monsters Squad,match,17,2024-11-17 11:40:00-08:00,Blue B2,10,False
62,64889,Sea Monsters Squad,match,23,2024-11-17 13:40:00-08:00,Red R1,10,False
62,64889,Sea Monsters Squad,match,29,2024-11-17 14:45:00-08:00,Red R2,10,False
62,65287,RoboWizards7,match,4,2024-11-17 09:40:00-08:00,Blue B1,10,True
62,65287,RoboWizards7,match,10,2024-11-17 10:40:00-08:00,Blue B2,10,False
62,65287,RoboWizards7,match,25,2024-11-17 13:55:00-08:00,Red R1,10,False
62,65287,RoboWizards7,match,30,2024-11-17 14:55:00-08:00,Red R2,10,False
62,65902,Coding Mavs,match,5,2024-11-17 09:50:00-08:00,Red R2,10,True
62,65902,Coding Mavs,match,10,2024-11-17 10:40:00-08:00,Blue B1,10,False
62,65902,Coding Mavs,match,26,2024-11-17 14:05:00-08:00,Blue B2,10,False
62,65902,Coding Mavs,match,31,2024-11-17 15:05:00-08:00,Red R1,10,False
62,65980,Bugatti Bulldogs #65980,match,1,2024-11-17 09:15:00-08:00,Blue B1,10,True
62,65980,Bugatti Bulldogs #65980,match,16,2024-11-17 11:30:00-08:00,Blue B2,10,False
62,65980,Bugatti Bulldogs #65980,match,22,2024-11-17 13:30:00-08:00,Red R1,10,False
62,65980,Bugatti Bulldogs #65980,match,28,2024-11-17 14:35:00-08:00,Red R2,10,False
62,66034,Westpark Mech Warriors,match,7,2024-11-17 10:05:00-08:00,Red R2,10,True
62,66034,Westpark Mech Warriors,match,14,2024-11-17 11:15:00-08:00,Blue B1,10,False
62,66034,Westpark Mech Warriors,match,19,2024-11-17 13:05:00-08:00,Blue B2,10,False
62,66034,Westpark Mech Warriors,match,32,2024-11-17 15:15:00-08:00,Red R1,10,False
62,67074,Rad_Robos,match,8,2024-11-17 10:15:00-08:00,Red R2,10,True
62,67074,Rad_Robos,match,13,2024-11-17 11:05:00-08:00,Blue B1,10,False
62,67074,Rad_Robos,match,20,2024-11-17 13:15:00-08:00,Blue B2,10,False
62,67074,Rad_Robos,match,33,2024-11-17 15:25:00-08:00,Red R1,10,False
62,67461,Ocean Explorers,match,2,2024-11-17 09:25:00-08:00,Blue B2,10,True
62,67461,Ocean Explorers,match,17,2024-11-17 11:40:00-08:00,Red R1,10,False
62,67461,Ocean Explorers,match,22,2024-11-17 13:30:00-08:00,Red R2,10,False
62,67461,Ocean Explorers,match,29,2024-11-17 14:45:00-08:00,Blue B1,10,False
62,67585,Bob the builder,match,8,2024-11-17 10:15:00-08:00,Blue B1,10,True
62,67585,Bob the builder,match,14,2024-11-17 11:15:00-08:00,Blue B2,10,False
62,67585,Bob the builder,match,20,2024-11-17 13:15:00-08:00,Red R1,10,False
62,67585,Bob the builder,match,33,2024-11-17 15:25:00-08:00,Red R2,10,False
62,68040,MH Aqua Blue 9,match,1,2024-11-17 09:15:00-08:00,Red R2,10,True
62,68040,MH Aqua Blue 9,match,17,2024-11-17 11:40:00-08:00,Blue B1,10,False
62,68040,MH Aqua Blue 9,match,22,2024-11-17 13:30:00-08:00,Blue B2,10,False
62,68040,MH Aqua Blue 9,match,28,2024-11-17 14:35:00-08:00,Red R1,10,False
62,68202,Soaring Seastars,match,2,2024-11-17 09:25:00-08:00,Red R1,10,True
62,68202,Soaring Seastars,match,17,2024-11-17 11:40:00-08:00,Red R2,10,False
62,68202,Soaring Seastars,match,22,2024-11-17 13:30:00-08:00,Blue B1,10,False
62,68202,Soaring Seastars,match,28,2024-11-17 14:35:00-08:00,Blue B2,10,False
63,51095,CreaTech,match,7,2024-11-17 10:10:00-08:00,Blue Table,10,True
63,51095,CreaTech,match,15,2024-11-17 11:25:00-08:00,Red Table,10,False
63,51095,CreaTech,match,23,2024-11-17 13:20:00-08:00,Red Table,10,False
63,51095,CreaTech,match,40,2024-11-17 16:05:00-08:00,Blue Table,10,False
63,52765,warrior bot,match,7,2024-11-17 10:10:00-08:00,Red Table,10,True
63,52765,warrior bot,match,14,2024-11-17 11:15:00-08:00,Blue Table,10,False
63,52765,warrior bot,match,21,2024-11-17 13:00:00-08:00,Blue Table,10,False
63,52765,warrior bot,match,37,2024-11-17 15:45:00-08:00,Red Table,10,False
63,53595,Mechaminds,match,3,2024-11-17 09:30:00-08:00,Blue Table,10,True
63,53595,Mechaminds,match,18,2024-11-17 11:55:00-08:00,Blue Table,10,False
63,53595,Mechaminds,match,24,2024-11-17 13:30:00-08:00,Red Table,10,False
63,53595,Mechaminds,match,32,2024-11-17 14:55:00-08:00,Red Table,10,False
63,57344,Jiggy Guys,match,8,2024-11-17 10:20:00-08:00,Red Table,10,True
63,57344,Jiggy Guys,match,16,2024-11-17 11:35:00-08:00,Red Table,10,False
63,57344,Jiggy Guys,match,23,2024-11-17 13:20:00-08:00,Blue Table,10,False
63,57344,Jiggy Guys,match,38,2024-11-17 15:55:00-08:00,Blue Table,10,False
63,60037,BuilderBots,match,6,2024-11-17 10:00:00-08:00,Red Table,10,True
63,60037,BuilderBots,match,13,2024-11-17 11:05:00-08:00,Blue Table,10,False
63,60037,BuilderBots,match,28,2024-11-17 14:10:00-08:00,Red Table,10,False
63,60037,BuilderBots,match,34,2024-11-17 15:15:00-08:00,Blue Table,10,False
63,61397,PineappleBots,match,6,2024-11-17 10:00:00-08:00,Blue Table,10,True
63,61397,PineappleBots,match,12,2024-11-17 10:55:00-08:00,Blue Table,10,False
63,61397,PineappleBots,match,27,2024-11-17 14:00:00-08:00,Red Table,10,False
63,61397,PineappleBots,match,35,2024-11-17 15:25:00-08:00,Red Table,10,False
63,64052,ThunderBots,match,9,2024-11-17 10:30:00-08:00,Red Table,10,True
63,64052,ThunderBots,match,16,2024-11-17 11:35:00-08:00,Blue Table,10,False
63,64052,ThunderBots,match,22,2024-11-17 13:10:00-08:00,Red Table,10,False
63,64052,ThunderBots,match,37,2024-11-17 15:45:00-08:00,Blue Table,10,False
63,64672,MechaBotz,match,2,2024-11-17 09:20:00-08:00,Blue Table,10,True
63,64672,MechaBotz,match,17,2024-11-17 11:45:00-08:00,Red Table,10,False
63,64672,MechaBotz,match,25,2024-11-17 13:40:00-08:00,Blue Table,10,False
63,64672,MechaBotz,match,33,2024-11-17 15:05:00-08:00,Red Table,10,False
63,65691,FLL-C 65691 OCTOBOTS,match,2,2024-11-17 09:20:00-08:00,Red Table,10,True
63,65691,FLL-C 65691 OCTOBOTS,match,19,2024-11-17 12:05:00-08:00,Red Table,10,False
63,65691,FLL-C 65691 OCTOBOTS,match,26,2024-11-17 13:50:00-08:00,Blue Table,10,False
63,65691,FLL-C 65691 OCTOBOTS,match,32,2024-11-17 14:55:00-08:00,Blue Table,10,False
63,65841,Falcon X,match,1,2024-11-17 09:10:00-08:00,Blue Table,10,True
63,65841,Falcon X,match,18,2024-11-17 11:55:00-08:00,Red Table,10,False
63,65841,Falcon X,match,26,2024-11-17 13:50:00-08:00,Red Table,10,False
63,65841,Falcon X,match,33,2024-11-17 15:05:00-08:00,Blue Table,10,False
63,66075,TechTitans,match,5,2024-11-17 09:50:00-08:00,Red Table,10,True
63,66075,TechTitans,match,13,2024-11-17 11:05:00-08:00,Red Table,10,False
63,66075,TechTitans,match,29,2024-11-17 14:20:00-08:00,Blue Table,10,False
63,66075,TechTitans,match,35,2024-11-17 15:25:00-08:00,Blue Table,10,False
63,66439,Super Lego Builders,match,4,2024-11-17 09:40:00-08:00,Red Table,10,True
63,66439,Super Lego Builders,match,11,2024-11-17 10:45:00-08:00,Blue Table,10,False
63,66439,Super Lego Builders,match,27,2024-11-17 14:00:00-08:00,Blue Table,10,False
63,66439,Super Lego Builders,match,34,2024-11-17 15:15:00-08:00,Red Table,10,False
63,66956,RRR Vicious Voyagers,match,3,2024-11-17 09:30:00-08:00,Red Table,10,True
63,66956,RRR Vicious Voyagers,match,19,2024-11-17 12:05:00-08:00,Blue Table,10,False
63,66956,RRR Vicious Voyagers,match,25,2024-11-17 13:40:00-08:00,Red Table,10,False
63,66956,RRR Vicious Voyagers,match,31,2024-11-17 14:45:00-08:00,Blue Table,10,False
63,67102,The Goldfishies,match,9,2024-11-17 10:30:00-08:00,Blue Table,10,True
63,67102,The Goldfishies,match,15,2024-11-17 11:25:00-08:00,Blue Table,10,False
63,67102,The Goldfishies,match,21,2024-11-17 13:00:00-08:00,Red Table,10,False
63,67102,The Goldfishies,match,38,2024-11-17 15:55:00-08:00,Red Table,10,False
63,67422,The Alameda Wild Turkey Gang,match,5,2024-11-17 09:50:00-08:00,Blue Table,10,True
63,67422,The Alameda Wild Turkey Gang,match,11,2024-11-17 10:45:00-08:00,Red Table,10,False
63,67422,The Alameda Wild Turkey Gang,match,28,2024-11-17 14:10:00-08:00,Blue Table,10,False
63,67422,The Alameda Wild Turkey Gang,match,36,2024-11-17 15:35:00-08:00,Red Table,10,False
63,67669,Narahari Kotla,match,4,2024-11-17 09:40:00-08:00,Blue Table,10,True
63,67669,Narahari Kotla,match,12,2024-11-17 10:55:00-08:00,Red Table,10,False
63,67669,Narahari Kotla,match,29,2024-11-17 14:20:00-08:00,Red Table,10,False
63,67669,Narahari Kotla,match,36,2024-11-17 15:35:00-08:00,Blue Table,10,False
63,67722,TechnoSharks*,match,1,2024-11-17 09:10:00-08:00,Red Table,10,True
63,67722,TechnoSharks*,match,17,2024-11-17 11:45:00-08:00,Blue Table,10,False
63,67722,TechnoSharks*,match,24,2024-11-17 13:30:00-08:00,Blue Table,10,False
63,67722,TechnoSharks*,match,31,2024-11-17 14:45:00-08:00,Red Table,10,False
63,68231,Everest,match,8,2024-11-17 10:20:00-08:00,Blue Table,10,True
63,68231,Everest,match,14,2024-11-17 11:15:00-08:00,Red Table,10,False
63,68231,Everest,match,22,2024-11-17 13:10:00-08:00,Blue Table,10,False
63,68231,Everest,match,40,2024-11-17 16:05:00-08:00,Red Table,10,False
76,34265,Eagle Bots,match,3,2024-11-02 09:45:00-07:00,TABLE A,15,True
76,34265,Eagle Bots,match,13,2024-11-02 12:00:00-07:00,TABLE A,10,False
76,34265,Eagle Bots,match,19,2024-11-02 14:15:00-07:00,TABLE B,15,False
76,34265,Eagle Bots,match,23,2024-11-02 15:20:00-07:00,TABLE B,10,False
76,39190,Owls,match,1,2024-11-02 09:15:00-07:00,TABLE A,15,True
76,39190,Owls,match,11,2024-11-02 11:30:00-07:00,TABLE B,15,False
76,39190,Owls,match,17,2024-11-02 13:45:00-07:00,TABLE B,15,False
76,39190,Owls,match,22,2024-11-02 15:10:00-07:00,TABLE A,10,False
76,55794,Purple People Eaters FLL-C 55794,match,2,2024-11-02 09:30:00-07:00,TABLE B,15,True
76,55794,Purple People Eaters FLL-C 55794,match,12,2024-11-02 11:45:00-07:00,TABLE B,15,False
76,55794,Purple People Eaters FLL-C 55794,match,17,2024-11-02 13:45:00-07:00,TABLE A,15,False
76,55794,Purple People Eaters FLL-C 55794,match,23,2024-11-02 15:20:00-07:00,TABLE A,10,False
76,56768,Blue Brickbots,match,6,2024-11-02 10:30:00-07:00,TABLE B,10,True
76,56768,Blue Brickbots,match,8,2024-11-02 10:45:00-07:00,TABLE A,15,False
76,56768,Blue Brickbots,match,15,2024-11-02 13:15:00-07:00,TABLE B,15,False
76,56768,Blue Brickbots,match,27,2024-11-02 16:05:00-07:00,TABLE A,10,False
76,59992,Team Scylla,match,4,2024-11-02 10:00:00-07:00,TABLE B,15,True
76,59992,Team Scylla,match,9,2024-11-02 11:00:00-07:00,TABLE A,15,False
76,59992,Team Scylla,match,16,2024-11-02 13:30:00-07:00,TABLE A,15,False
76,59992,Team Scylla,match,27,2024-11-02 16:05:00-07:00,TABLE B,10,False
76,60198,Chronobot,match,3,2024-11-02 09:45:00-07:00,TABLE B,15,True
76,60198,Chronobot,match,11,2024-11-02 11:30:00-07:00,TABLE A,15,False
76,60198,Chronobot,match,18,2024-11-02 14:00:00-07:00,TABLE B,15,False
76,60198,Chronobot,match,24,2024-11-02 15:30:00-07:00,TABLE A,15,False
76,60958,FLL-C 60958 -- The Great White Sharks,match,1,2024-11-02 09:15:00-07:00,TABLE B,15,True
76,60958,FLL-C 60958 -- The Great White Sharks,match,12,2024-11-02 11:45:00-07:00,TABLE A,15,False
76,60958,FLL-C 60958 -- The Great White Sharks,match,19,2024-11-02 14:15:00-07:00,TABLE A,15,False
76,60958,FLL-C 60958 -- The Great White Sharks,match,24,2024-11-02 15:30:00-07:00,TABLE B,15,False
76,61699,The League of Lego Legends,match,2,2024-11-02 09:30:00-07:00,TABLE A,15,True
76,61699,The League of Lego Legends,match,13,2024-11-02 12:00:00-07:00,TABLE B,10,False
76,61699,The League of Lego Legends,match,18,2024-11-02 14:00:00-07:00,TABLE A,15,False
76,61699,The League of Lego Legends,match,22,2024-11-02 15:10:00-07:00,TABLE B,10,False
76,66163,Dino Nuggets,match,6,2024-11-02 10:30:00-07:00,TABLE A,10,True
76,66163,Dino Nuggets,match,10,2024-11-02 11:15:00-07:00,TABLE A,15,False
76,66163,Dino Nuggets,match,16,2024-11-02 13:30:00-07:00,TABLE B,15,False
76,66163,Dino Nuggets,match,26,2024-11-02 15:55:00-07:00,TABLE B,10,False
76,67458,MarineX,match,5,2024-11-02 10:15:00-07:00,TABLE B,15,True
76,67458,MarineX,match,9,2024-11-02 11:00:00-07:00,TABLE B,15,False
76,67458,MarineX,match,20,2024-11-02 14:30:00-07:00,TABLE A,10,False
76,67458,MarineX,match,26,2024-11-02 15:55:00-07:00,TABLE A,10,False
76,69218,Gale Wind,match,4,2024-11-02 10:00:00-07:00,TABLE A,15,True
76,69218,Gale Wind,match,8,2024-11-02 10:45:00-07:00,TABLE B,15,False
76,69218,Gale Wind,match,20,2024-11-02 14:30:00-07:00,TABLE B,10,False
76,69218,Gale Wind,match,25,2024-11-02 15:45:00-07:00,TABLE A,10,False
77,417,Notre Dame Fighting iBots,match,2,2025-01-19 09:30:00-08:00,Red Table R2,15,False
77,417,Notre Dame Fighting iBots,match,10,2025-01-19 11:35:00-08:00,Blue Table B2,15,False
77,417,Notre Dame Fighting iBots,match,13,2025-01-19 13:45:00-08:00,Blue Table B1,15,False
77,417,Notre Dame Fighting iBots,match,17,2025-01-19 15:15:00-08:00,White Table W2,15,False
77,445,Matsuyama RoboPines,match,1,2025-01-19 09:15:00-08:00,Red Table R2,15,False
77,445,Matsuyama RoboPines,match,9,2025-01-19 11:20:00-08:00,Blue Table B2,15,False
77,445,Matsuyama RoboPines,match,12,2025-01-19 13:30:00-08:00,Blue Table B1,10,False
77,445,Matsuyama RoboPines,match,16,2025-01-19 15:00:00-08:00,White Table W2,10,False
77,5983,GOATed Griffins (5983),match,5,2025-01-19 10:15:00-08:00,Blue Table B1,15,False
77,5983,GOATed Griffins (5983),match,8,2025-01-19 11:05:00-08:00,Red Table R2,15,False
77,5983,GOATed Griffins (5983),match,11,2025-01-19 13:15:00-08:00,Red Table R1,10,False
77,5983,GOATed Griffins (5983),match,20,2025-01-19 16:00:00-08:00,White Table W1,10,False
77,7052,OP Octopi,match,4,2025-01-19 10:00:00-08:00,Blue Table B2,15,False
77,7052,OP Octopi,match,7,2025-01-19 10:50:00-08:00,Blue Table B1,15,False
77,7052,OP Octopi,match,15,2025-01-19 14:15:00-08:00,White Table W2,15,False
77,7052,OP Octopi,match,19,2025-01-19 15:45:00-08:00,Red Table R2,15,False
77,51095,CreaTech,match,5,2025-01-19 10:15:00-08:00,Red Table R1,15,False
77,51095,CreaTech,match,8,2025-01-19 11:05:00-08:00,White Table W2,15,False
77,51095,CreaTech,match,11,2025-01-19 13:15:00-08:00,White Table W1,10,False
77,51095,CreaTech,match,20,2025-01-19 16:00:00-08:00,Blue Table B2,10,False
77,52090,Canary1,match,4,2025-01-19 10:00:00-08:00,Red Table R2,15,False
77,52090,Canary1,match,7,2025-01-19 10:50:00-08:00,Blue Table B2,15,False
77,52090,Canary1,match,15,2025-01-19 14:15:00-08:00,Blue Table B1,15,False
77,52090,Canary1,match,19,2025-01-19 15:45:00-08:00,White Table W2,15,False
77,53595,Mechaminds,match,3,2025-01-19 09:45:00-08:00,Blue Table B2,15,False
77,53595,Mechaminds,match,6,2025-01-19 10:35:00-08:00,Blue Table B1,15,False
77,53595,Mechaminds,match,14,2025-01-19 14:00:00-08:00,White Table W2,10,False
77,53595,Mechaminds,match,18,2025-01-19 15:30:00-08:00,Red Table R2,10,False
77,55794,Purple People Eaters FLL-C 55794,match,2,2025-01-19 09:30:00-08:00,White Table W1,15,False
77,55794,Purple People Eaters FLL-C 55794,match,10,2025-01-19 11:35:00-08:00,Red Table R1,15,False
77,55794,Purple People Eaters FLL-C 55794,match,13,2025-01-19 13:45:00-08:00,Blue Table B2,15,False
77,55794,Purple People Eaters FLL-C 55794,match,17,2025-01-19 15:15:00-08:00,Blue Table B1,15,False
77,55971,Electroid Marines,match,5,2025-01-19 10:15:00-08:00,Red Table R2,15,False
77,55971,Electroid Marines,match,8,2025-01-19 11:05:00-08:00,Blue Table B2,15,False
77,55971,Electroid Marines,match,11,2025-01-19 13:15:00-08:00,Blue Table B1,10,False
77,55971,Electroid Marines,match,20,2025-01-19 16:00:00-08:00,White Table W2,10,False
77,56768,Blue Brickbots,match,1,2025-01-19 09:15:00-08:00,White Table W1,15,False
77,56768,Blue Brickbots,match,9,2025-01-19 11:20:00-08:00,Red Table R1,15,False
77,56768,Blue Brickbots,match,12,2025-01-19 13:30:00-08:00,Blue Table B2,10,False
77,56768,Blue Brickbots,match,16,2025-01-19 15:00:00-08:00,Blue Table B1,10,False
77,56860,RoboShockers,match,3,2025-01-19 09:45:00-08:00,Blue Table B1,15,False
77,56860,RoboShockers,match,6,2025-01-19 10:35:00-08:00,Red Table R2,15,False
77,56860,RoboShockers,match,14,2025-01-19 14:00:00-08:00,Red Table R1,10,False
77,56860,RoboShockers,match,18,2025-01-19 15:30:00-08:00,White Table W1,10,False
77,59703,brick-o-brainiacs pioneers,match,1,2025-01-19 09:15:00-08:00,Red Table R1,15,False
77,59703,brick-o-brainiacs pioneers,match,9,2025-01-19 11:20:00-08:00,White Table W2,15,False
77,59703,brick-o-brainiacs pioneers,match,12,2025-01-19 13:30:00-08:00,White Table W1,10,False
77,59703,brick-o-brainiacs pioneers,match,16,2025-01-19 15:00:00-08:00,Blue Table B2,10,False
77,60037,BuilderBots,match,3,2025-01-19 09:45:00-08:00,Red Table R2,15,False
77,60037,BuilderBots,match,6,2025-01-19 10:35:00-08:00,Blue Table B2,15,False
77,60037,BuilderBots,match,14,2025-01-19 14:00:00-08:00,Blue Table B1,10,False
77,60037,BuilderBots,match,18,2025-01-19 15:30:00-08:00,White Table W2,10,False
77,60198,Chronobot,match,2,2025-01-19 09:30:00-08:00,Red Table R1,15,False
77,60198,Chronobot,match,10,2025-01-19 11:35:00-08:00,White Table W2,15,False
77,60198,Chronobot,match,13,2025-01-19 13:45:00-08:00,White Table W1,15,False
77,60198,Chronobot,match,17,2025-01-19 15:15:00-08:00,Blue Table B2,15,False
77,60377,RI Lego Warriors,match,1,2025-01-19 09:15:00-08:00,White Table W2,15,False
77,60377,RI Lego Warriors,match,9,2025-01-19 11:20:00-08:00,White Table W1,15,False
77,60377,RI Lego Warriors,match,12,2025-01-19 13:30:00-08:00,Red Table R2,10,False
77,60377,RI Lego Warriors,match,16,2025-01-19 15:00:00-08:00,Red Table R1,10,False
77,60388,Cosmic Motor,match,2,2025-01-19 09:30:00-08:00,White Table W2,15,False
77,60388,Cosmic Motor,match,10,2025-01-19 11:35:00-08:00,White Table W1,15,False
77,60388,Cosmic Motor,match,13,2025-01-19 13:45:00-08:00,Red Table R2,15,False
77,60388,Cosmic Motor,match,17,2025-01-19 15:15:00-08:00,Red Table R1,15,False
77,60507,Team Prime,match,4,2025-01-19 10:00:00-08:00,Red Table R1,15,False
77,60507,Team Prime,match,7,2025-01-19 10:50:00-08:00,White Table W2,15,False
77,60507,Team Prime,match,15,2025-01-19 14:15:00-08:00,White Table W1,15,False
77,60507,Team Prime,match,19,2025-01-19 15:45:00-08:00,Blue Table B2,15,False
77,60718,Rockin Robos,match,5,2025-01-19 10:15:00-08:00,Blue Table B2,15,False
77,60718,Rockin Robos,match,8,2025-01-19 11:05:00-08:00,Blue Table B1,15,False
77,60718,Rockin Robos,match,11,2025-01-19 13:15:00-08:00,White Table W2,10,False
77,60718,Rockin Robos,match,20,2025-01-19 16:00:00-08:00,Red Table R2,10,False
77,60855,GearShift,match,5,2025-01-19 10:15:00-08:00,White Table W2,15,False
77,60855,GearShift,match,8,2025-01-19 11:05:00-08:00,White Table W1,15,False
77,60855,GearShift,match,11,2025-01-19 13:15:00-08:00,Red Table R2,10,False
77,60855,GearShift,match,20,2025-01-19 16:00:00-08:00,Red Table R1,10,False
77,60923,Artesan,match,5,2025-01-19 10:15:00-08:00,White Table W1,15,False
77,60923,Artesan,match,8,2025-01-19 11:05:00-08:00,Red Table R1,15,False
77,60923,Artesan,match,11,2025-01-19 13:15:00-08:00,Blue Table B2,10,False
77,60923,Artesan,match,20,2025-01-19 16:00:00-08:00,Blue Table B1,10,False
77,61139,Lightning Squad,match,4,2025-01-19 10:00:00-08:00,Blue Table B1,15,False
77,61139,Lightning Squad,match,7,2025-01-19 10:50:00-08:00,Red Table R2,15,False
77,61139,Lightning Squad,match,15,2025-01-19 14:15:00-08:00,Red Table R1,15,False
77,61139,Lightning Squad,match,19,2025-01-19 15:45:00-08:00,White Table W1,15,False
77,61610,Argoclucks,match,3,2025-01-19 09:45:00-08:00,White Table W2,15,False
77,61610,Argoclucks,match,6,2025-01-19 10:35:00-08:00,White Table W1,15,False
77,61610,Argoclucks,match,14,2025-01-19 14:00:00-08:00,Red Table R2,10,False
77,61610,Argoclucks,match,18,2025-01-19 15:30:00-08:00,Red Table R1,10,False
77,61708,Squirtle,match,2,2025-01-19 09:30:00-08:00,Blue Table B1,15,False
77,61708,Squirtle,match,10,2025-01-19 11:35:00-08:00,Red Table R2,15,False
77,61708,Squirtle,match,13,2025-01-19 13:45:00-08:00,Red Table R1,15,False
77,61708,Squirtle,match,17,2025-01-19 15:15:00-08:00,White Table W1,15,False
77,64052,ThunderBots,match,1,2025-01-19 09:15:00-08:00,Blue Table B2,15,False
77,64052,ThunderBots,match,9,2025-01-19 11:20:00-08:00,Blue Table B1,15,False
77,64052,ThunderBots,match,12,2025-01-19 13:30:00-08:00,White Table W2,10,False
77,64052,ThunderBots,match,16,2025-01-19 15:00:00-08:00,Red Table R2,10,False
77,65287,RoboWizards7,match,3,2025-01-19 09:45:00-08:00,Red Table R1,15,False
77,65287,RoboWizards7,match,6,2025-01-19 10:35:00-08:00,White Table W2,15,False
77,65287,RoboWizards7,match,14,2025-01-19 14:00:00-08:00,White Table W1,10,False
77,65287,RoboWizards7,match,18,2025-01-19 15:30:00-08:00,Blue Table B2,10,False
77,65953,Infinity E-Bots,match,3,2025-01-19 09:45:00-08:00,White Table W1,15,False
77,65953,Infinity E-Bots,match,6,2025-01-19 10:35:00-08:00,Red Table R1,15,False
77,65953,Infinity E-Bots,match,14,2025-01-19 14:00:00-08:00,Blue Table B2,10,False
77,65953,Infinity E-Bots,match,18,2025-01-19 15:30:00-08:00,Blue Table B1,10,False
77,66439,Super Lego Builders,match,4,2025-01-19 10:00:00-08:00,White Table W2,15,False
77,66439,Super Lego Builders,match,7,2025-01-19 10:50:00-08:00,White Table W1,15,False
77,66439,Super Lego Builders,match,15,2025-01-19 14:15:00-08:00,Red Table R2,15,False
77,66439,Super Lego Builders,match,19,2025-01-19 15:45:00-08:00,Red Table R1,15,False
77,67216,Submersiwolves,match,4,2025-01-19 10:00:00-08:00,White Table W1,15,False
77,67216,Submersiwolves,match,7,2025-01-19 10:50:00-08:00,Red Table R1,15,False
77,67216,Submersiwolves,match,15,2025-01-19 14:15:00-08:00,Blue Table B2,15,False
77,67216,Submersiwolves,match,19,2025-01-19 15:45:00-08:00,Blue Table B1,15,False
77,67722,TechnoSharks*,match,2,2025-01-19 09:30:00-08:00,Blue Table B2,15,False
77,67722,TechnoSharks*,match,10,2025-01-19 11:35:00-08:00,Blue Table B1,15,False
77,67722,TechnoSharks*,match,13,2025-01-19 13:45:00-08:00,White Table W2,15,False
77,67722,TechnoSharks*,match,17,2025-01-19 15:15:00-08:00,Red Table R2,15,False
77,68202,Soaring Seastars,match,1,2025-01-19 09:15:00-08:00,Blue Table B1,15,False
77,68202,Soaring Seastars,match,9,2025-01-19 11:20:00-08:00,Red Table R2,15,False
77,68202,Soaring Seastars,match,12,2025-01-19 13:30:00-08:00,Red Table R1,10,False
77,68202,Soaring Seastars,match,16,2025-01-19 15:00:00-08:00,White Table W1,10,False
110,2713,Phat Seals,match,2,2025-03-09 09:30:00-07:00,Red Table R2,20,False
110,2713,Phat Seals,match,14,2025-03-09 13:35:00-07:00,Blue Table B2,25,False
110,2713,Phat Seals,match,19,2025-03-09 14:50:00-07:00,Blue Table B1,10,False
110,2713,Phat Seals,match,25,2025-03-09 16:30:00-07:00,White Table W2,10,False
110,4416,O.R.C.A,match,2,2025-03-09 09:30:00-07:00,White Table W2,20,False
110,4416,O.R.C.A,match,14,2025-03-09 13:35:00-07:00,White Table W1,25,False
110,4416,O.R.C.A,match,19,2025-03-09 14:50:00-07:00,Red Table R2,10,False
110,4416,O.R.C.A,match,25,2025-03-09 16:30:00-07:00,Red Table R1,10,False
110,10585,Code Crackers,match,4,2025-03-09 10:05:00-07:00,White Table W1,15,False
110,10585,Code Crackers,match,9,2025-03-09 11:25:00-07:00,Red Table R1,15,False
110,10585,Code Crackers,match,21,2025-03-09 15:15:00-07:00,Blue Table B2,45,False
110,10585,Code Crackers,match,27,2025-03-09 16:50:00-07:00,Blue Table B1,10,False
110,25572,Octonauts,match,3,2025-03-09 09:50:00-07:00,Blue Table B2,15,False
110,25572,Octonauts,match,8,2025-03-09 11:15:00-07:00,Blue Table B1,10,False
110,25572,Octonauts,match,20,2025-03-09 15:00:00-07:00,White Table W2,15,False
110,25572,Octonauts,match,26,2025-03-09 16:40:00-07:00,Red Table R2,10,False
110,38159,Otterly Awesome,match,3,2025-03-09 09:50:00-07:00,Blue Table B1,15,False
110,38159,Otterly Awesome,match,8,2025-03-09 11:15:00-07:00,Red Table R2,10,False
110,38159,Otterly Awesome,match,20,2025-03-09 15:00:00-07:00,Red Table R1,15,False
110,38159,Otterly Awesome,match,26,2025-03-09 16:40:00-07:00,White Table W1,10,False
110,51168,The Warriors,match,3,2025-03-09 09:50:00-07:00,White Table W2,15,False
110,51168,The Warriors,match,8,2025-03-09 11:15:00-07:00,White Table W1,10,False
110,51168,The Warriors,match,20,2025-03-09 15:00:00-07:00,Red Table R2,15,False
110,51168,The Warriors,match,26,2025-03-09 16:40:00-07:00,Red Table R1,10,False
110,52363,Terrabytes,match,6,2025-03-09 10:35:00-07:00,Red Table R2,15,False
110,52363,Terrabytes,match,11,2025-03-09 11:50:00-07:00,Blue Table B2,80,False
110,52363,Terrabytes,match,16,2025-03-09 14:10:00-07:00,Blue Table B1,15,False
110,52363,Terrabytes,match,22,2025-03-09 16:00:00-07:00,White Table W2,10,False
110,52508,Oakland Short Circuits,match,7,2025-03-09 10:50:00-07:00,White Table W2,25,False
110,52508,Oakland Short Circuits,match,12,2025-03-09 13:10:00-07:00,White Table W1,10,False
110,52508,Oakland Short Circuits,match,17,2025-03-09 14:25:00-07:00,Red Table R2,10,False
110,52508,Oakland Short Circuits,match,23,2025-03-09 16:10:00-07:00,Red Table R1,10,False
110,54977,Menlo Park Narleaotters,match,1,2025-03-09 09:10:00-07:00,White Table W2,20,False
110,54977,Menlo Park Narleaotters,match,13,2025-03-09 13:20:00-07:00,White Table W1,15,False
110,54977,Menlo Park Narleaotters,match,18,2025-03-09 14:35:00-07:00,Red Table R2,15,False
110,54977,Menlo Park Narleaotters,match,24,2025-03-09 16:20:00-07:00,Red Table R1,10,False
110,56487,The Sea Syrens,match,7,2025-03-09 10:50:00-07:00,Blue Table B2,25,False
110,56487,The Sea Syrens,match,12,2025-03-09 13:10:00-07:00,Blue Table B1,10,False
110,56487,The Sea Syrens,match,17,2025-03-09 14:25:00-07:00,White Table W2,10,False
110,56487,The Sea Syrens,match,23,2025-03-09 16:10:00-07:00,Red Table R2,10,False
110,56793,BCS See Sea Blue,match,4,2025-03-09 10:05:00-07:00,White Table W2,15,False
110,56793,BCS See Sea Blue,match,9,2025-03-09 11:25:00-07:00,White Table W1,15,False
110,56793,BCS See Sea Blue,match,21,2025-03-09 15:15:00-07:00,Red Table R2,45,False
110,56793,BCS See Sea Blue,match,27,2025-03-09 16:50:00-07:00,Red Table R1,10,False
110,57382,RoboRise,match,5,2025-03-09 10:20:00-07:00,White Table W2,15,False
110,57382,RoboRise,match,10,2025-03-09 11:40:00-07:00,White Table W1,10,False
110,57382,RoboRise,match,15,2025-03-09 14:00:00-07:00,Red Table R2,10,False
110,57382,RoboRise,match,28,2025-03-09 17:00:00-07:00,Red Table R1,10,False
110,58043,Hacking Hornets,match,3,2025-03-09 09:50:00-07:00,White Table W1,15,False
110,58043,Hacking Hornets,match,8,2025-03-09 11:15:00-07:00,Red Table R1,10,False
110,58043,Hacking Hornets,match,20,2025-03-09 15:00:00-07:00,Blue Table B2,15,False
110,58043,Hacking Hornets,match,26,2025-03-09 16:40:00-07:00,Blue Table B1,10,False
110,58828,Cupertino ShortCircuit,match,2,2025-03-09 09:30:00-07:00,Blue Table B2,20,False
110,58828,Cupertino ShortCircuit,match,14,2025-03-09 13:35:00-07:00,Blue Table B1,25,False
110,58828,Cupertino ShortCircuit,match,19,2025-03-09 14:50:00-07:00,White Table W2,10,False
110,58828,Cupertino ShortCircuit,match,25,2025-03-09 16:30:00-07:00,Red Table R2,10,False
110,60085,Lego Artisans,match,4,2025-03-09 10:05:00-07:00,Blue Table B1,15,False
110,60085,Lego Artisans,match,9,2025-03-09 11:25:00-07:00,Red Table R2,15,False
110,60085,Lego Artisans,match,21,2025-03-09 15:15:00-07:00,Red Table R1,45,False
110,60085,Lego Artisans,match,27,2025-03-09 16:50:00-07:00,White Table W1,10,False
110,60100,Cobras,match,1,2025-03-09 09:10:00-07:00,Red Table R2,20,False
110,60100,Cobras,match,13,2025-03-09 13:20:00-07:00,Blue Table B2,15,False
110,60100,Cobras,match,18,2025-03-09 14:35:00-07:00,Blue Table B1,15,False
110,60100,Cobras,match,24,2025-03-09 16:20:00-07:00,White Table W2,10,False
110,60152,The Game Changers,match,2,2025-03-09 09:30:00-07:00,White Table W1,20,False
110,60152,The Game Changers,match,14,2025-03-09 13:35:00-07:00,Red Table R1,25,False
110,60152,The Game Changers,match,19,2025-03-09 14:50:00-07:00,Blue Table B2,10,False
110,60152,The Game Changers,match,25,2025-03-09 16:30:00-07:00,Blue Table B1,10,False
110,60291,Fusion Vortex,match,6,2025-03-09 10:35:00-07:00,White Table W2,15,False
110,60291,Fusion Vortex,match,11,2025-03-09 11:50:00-07:00,White Table W1,80,False
110,60291,Fusion Vortex,match,16,2025-03-09 14:10:00-07:00,Red Table R2,15,False
110,60291,Fusion Vortex,match,22,2025-03-09 16:00:00-07:00,Red Table R1,10,False
110,60354,Paradox,match,7,2025-03-09 10:50:00-07:00,Red Table R2,25,False
110,60354,Paradox,match,12,2025-03-09 13:10:00-07:00,Blue Table B2,10,False
110,60354,Paradox,match,17,2025-03-09 14:25:00-07:00,Blue Table B1,10,False
110,60354,Paradox,match,23,2025-03-09 16:10:00-07:00,White Table W2,10,False
110,60496,Alternative Force,match,1,2025-03-09 09:10:00-07:00,Blue Table B2,20,False
110,60496,Alternative Force,match,13,2025-03-09 13:20:00-07:00,Blue Table B1,15,False
110,60496,Alternative Force,match,18,2025-03-09 14:35:00-07:00,White Table W2,15,False
110,60496,Alternative Force,match,24,2025-03-09 16:20:00-07:00,Red Table R2,10,False
110,60533,Human Microphones,match,3,2025-03-09 09:50:00-07:00,Red Table R2,15,False
110,60533,Human Microphones,match,8,2025-03-09 11:15:00-07:00,Blue Table B2,10,False
110,60533,Human Microphones,match,20,2025-03-09 15:00:00-07:00,Blue Table B1,15,False
110,60533,Human Microphones,match,26,2025-03-09 16:40:00-07:00,White Table W2,10,False
110,60537,Mecha Masters,match,5,2025-03-09 10:20:00-07:00,Red Table R1,15,False
110,60537,Mecha Masters,match,10,2025-03-09 11:40:00-07:00,White Table W2,10,False
110,60537,Mecha Masters,match,15,2025-03-09 14:00:00-07:00,White Table W1,10,False
110,60537,Mecha Masters,match,28,2025-03-09 17:00:00-07:00,Blue Table B2,10,False
110,61205,Snacktopus,match,5,2025-03-09 10:20:00-07:00,Blue Table B1,15,False
110,61205,Snacktopus,match,10,2025-03-09 11:40:00-07:00,Red Table R2,10,False
110,61205,Snacktopus,match,15,2025-03-09 14:00:00-07:00,Red Table R1,10,False
110,61205,Snacktopus,match,28,2025-03-09 17:00:00-07:00,White Table W1,10,False
110,61281,Mustang Rockets,match,6,2025-03-09 10:35:00-07:00,Blue Table B2,15,False
110,61281,Mustang Rockets,match,11,2025-03-09 11:50:00-07:00,Blue Table B1,80,False
110,61281,Mustang Rockets,match,16,2025-03-09 14:10:00-07:00,White Table W2,15,False
110,61281,Mustang Rockets,match,22,2025-03-09 16:00:00-07:00,Red Table R2,10,False
110,61685,Noddin Dynabots,match,7,2025-03-09 10:50:00-07:00,White Table W1,25,False
110,61685,Noddin Dynabots,match,12,2025-03-09 13:10:00-07:00,Red Table R1,10,False
110,61685,Noddin Dynabots,match,17,2025-03-09 14:25:00-07:00,Blue Table B2,10,False
110,61685,Noddin Dynabots,match,23,2025-03-09 16:10:00-07:00,Blue Table B1,10,False
110,61950,Codettes,match,2,2025-03-09 09:30:00-07:00,Blue Table B1,20,False
110,61950,Codettes,match,14,2025-03-09 13:35:00-07:00,Red Table R2,25,False
110,61950,Codettes,match,19,2025-03-09 14:50:00-07:00,Red Table R1,10,False
110,61950,Codettes,match,25,2025-03-09 16:30:00-07:00,White Table W1,10,False
110,62681,Golden Eagles,match,7,2025-03-09 10:50:00-07:00,Red Table R1,25,False
110,62681,Golden Eagles,match,12,2025-03-09 13:10:00-07:00,White Table W2,10,False
110,62681,Golden Eagles,match,17,2025-03-09 14:25:00-07:00,White Table W1,10,False
110,62681,Golden Eagles,match,23,2025-03-09 16:10:00-07:00,Blue Table B2,10,False
110,64698,ROAR,match,1,2025-03-09 09:10:00-07:00,Red Table R1,20,False
110,64698,ROAR,match,13,2025-03-09 13:20:00-07:00,White Table W2,15,False
110,64698,ROAR,match,18,2025-03-09 14:35:00-07:00,White Table W1,15,False
110,64698,ROAR,match,24,2025-03-09 16:20:00-07:00,Blue Table B2,10,False
110,65020,The Golden Huskies,match,1,2025-03-09 09:10:00-07:00,Blue Table B1,20,False
110,65020,The Golden Huskies,match,13,2025-03-09 13:20:00-07:00,Red Table R2,15,False
110,65020,The Golden Huskies,match,18,2025-03-09 14:35:00-07:00,Red Table R1,15,False
110,65020,The Golden Huskies,match,24,2025-03-09 16:20:00-07:00,White Table W1,10,False
110,65125,Baybots,match,1,2025-03-09 09:10:00-07:00,White Table W1,20,False
110,65125,Baybots,match,13,2025-03-09 13:20:00-07:00,Red Table R1,15,False
110,65125,Baybots,match,18,2025-03-09 14:35:00-07:00,Blue Table B2,15,False
110,65125,Baybots,match,24,2025-03-09 16:20:00-07:00,Blue Table B1,10,False
110,65258,CrypticButterflies,match,4,2025-03-09 10:05:00-07:00,Blue Table B2,15,False
110,65258,CrypticButterflies,match,9,2025-03-09 11:25:00-07:00,Blue Table B1,15,False
110,65258,CrypticButterflies,match,21,2025-03-09 15:15:00-07:00,White Table W2,45,False
110,65258,CrypticButterflies,match,27,2025-03-09 16:50:00-07:00,Red Table R2,10,False
110,65278,Hydrobots,match,5,2025-03-09 10:20:00-07:00,Blue Table B2,15,False
110,65278,Hydrobots,match,10,2025-03-09 11:40:00-07:00,Blue Table B1,10,False
110,65278,Hydrobots,match,15,2025-03-09 14:00:00-07:00,White Table W2,10,False
110,65278,Hydrobots,match,28,2025-03-09 17:00:00-07:00,Red Table R2,10,False
110,65285,Poki Bots,match,4,2025-03-09 10:05:00-07:00,Red Table R1,15,False
110,65285,Poki Bots,match,9,2025-03-09 11:25:00-07:00,White Table W2,15,False
110,65285,Poki Bots,match,21,2025-03-09 15:15:00-07:00,White Table W1,45,False
110,65285,Poki Bots,match,27,2025-03-09 16:50:00-07:00,Blue Table B2,10,False
110,66069,CuriousDivers,match,3,2025-03-09 09:50:00-07:00,Red Table R1,15,False
110,66069,CuriousDivers,match,8,2025-03-09 11:15:00-07:00,White Table W2,10,False
110,66069,CuriousDivers,match,20,2025-03-09 15:00:00-07:00,White Table W1,15,False
110,66069,CuriousDivers,match,26,2025-03-09 16:40:00-07:00,Blue Table B2,10,False
110,66233,Galaxy Guardians,match,6,2025-03-09 10:35:00-07:00,Blue Table B1,15,False
110,66233,Galaxy Guardians,match,11,2025-03-09 11:50:00-07:00,Red Table R2,80,False
110,66233,Galaxy Guardians,match,16,2025-03-09 14:10:00-07:00,Red Table R1,15,False
110,66233,Galaxy Guardians,match,22,2025-03-09 16:00:00-07:00,White Table W1,10,False
110,66292,CookieBots,match,6,2025-03-09 10:35:00-07:00,Red Table R1,15,False
110,66292,CookieBots,match,11,2025-03-09 11:50:00-07:00,White Table W2,80,False
110,66292,CookieBots,match,16,2025-03-09 14:10:00-07:00,White Table W1,15,False
110,66292,CookieBots,match,22,2025-03-09 16:00:00-07:00,Blue Table B2,10,False
110,66961,PreposterousPlatypus,match,7,2025-03-09 10:50:00-07:00,Blue Table B1,25,False
110,66961,PreposterousPlatypus,match,12,2025-03-09 13:10:00-07:00,Red Table R2,10,False
110,66961,PreposterousPlatypus,match,17,2025-03-09 14:25:00-07:00,Red Table R1,10,False
110,66961,PreposterousPlatypus,match,23,2025-03-09 16:10:00-07:00,White Table W1,10,False
110,67056,Wavebots,match,5,2025-03-09 10:20:00-07:00,White Table W1,15,False
110,67056,Wavebots,match,10,2025-03-09 11:40:00-07:00,Red Table R1,10,False
110,67056,Wavebots,match,15,2025-03-09 14:00:00-07:00,Blue Table B2,10,False
110,67056,Wavebots,match,28,2025-03-09 17:00:00-07:00,Blue Table B1,10,False
110,67287,Spark Squad,match,4,2025-03-09 10:05:00-07:00,Red Table R2,15,False
110,67287,Spark Squad,match,9,2025-03-09 11:25:00-07:00,Blue Table B2,15,False
110,67287,Spark Squad,match,21,2025-03-09 15:15:00-07:00,Blue Table B1,45,False
110,67287,Spark Squad,match,27,2025-03-09 16:50:00-07:00,White Table W2,10,False
110,67342,Sharks,match,6,2025-03-09 10:35:00-07:00,White Table W1,15,False
110,67342,Sharks,match,11,2025-03-09 11:50:00-07:00,Red Table R1,80,False
110,67342,Sharks,match,16,2025-03-09 14:10:00-07:00,Blue Table B2,15,False
110,67342,Sharks,match,22,2025-03-09 16:00:00-07:00,Blue Table B1,10,False
110,67395,Marine Mavericks,match,2,2025-03-09 09:30:00-07:00,Red Table R1,20,False
110,67395,Marine Mavericks,match,14,2025-03-09 13:35:00-07:00,White Table W2,25,False
110,67395,Marine Mavericks,match,19,2025-03-09 14:50:00-07:00,White Table W1,10,False
110,67395,Marine Mavericks,match,25,2025-03-09 16:30:00-07:00,Blue Table B2,10,False
110,67865,HydroHackers,match,5,2025-03-09 10:20:00-07:00,Red Table R2,15,False
110,67865,HydroHackers,match,10,2025-03-09 11:40:00-07:00,Blue Table B2,10,False
110,67865,HydroHackers,match,15,2025-03-09 14:00:00-07:00,Blue Table B1,10,False
110,67865,HydroHackers,match,28,2025-03-09 17:00:00-07:00,White Table W2,10,False
111,4979,Aquabots,match,6,2025-03-02 10:35:00-08:00,White Table W1,15,False
111,4979,Aquabots,match,11,2025-03-02 11:50:00-08:00,Red Table R1,80,False
111,4979,Aquabots,match,16,2025-03-02 14:10:00-08:00,Blue Table B2,15,False
111,4979,Aquabots,match,22,2025-03-02 16:00:00-08:00,Blue Table B1,10,False
111,8278,Titanium Turtles,match,4,2025-03-02 10:05:00-08:00,Red Table R1,15,False
111,8278,Titanium Turtles,match,9,2025-03-02 11:25:00-08:00,White Table W2,15,False
111,8278,Titanium Turtles,match,21,2025-03-02 15:15:00-08:00,White Table W1,45,False
111,8278,Titanium Turtles,match,27,2025-03-02 16:50:00-08:00,Blue Table B2,10,False
111,20915,TroBots,match,7,2025-03-02 10:50:00-08:00,Blue Table B2,25,False
111,20915,TroBots,match,12,2025-03-02 13:10:00-08:00,White Table W1,15,False
111,20915,TroBots,match,17,2025-03-02 14:25:00-08:00,Red Table R2,10,False
111,20915,TroBots,match,23,2025-03-02 16:10:00-08:00,Red Table R1,10,False
111,48793,Team Mountain House,match,3,2025-03-02 09:50:00-08:00,Red Table R1,15,False
111,48793,Team Mountain House,match,8,2025-03-02 11:15:00-08:00,White Table W2,10,False
111,48793,Team Mountain House,match,20,2025-03-02 15:00:00-08:00,White Table W1,15,False
111,48793,Team Mountain House,match,26,2025-03-02 16:40:00-08:00,Blue Table B2,10,False
111,53140,Fin Finders,match,1,2025-03-02 09:10:00-08:00,Blue Table B1,20,False
111,53140,Fin Finders,match,13,2025-03-02 13:25:00-08:00,Blue Table B1,10,False
111,53140,Fin Finders,match,18,2025-03-02 14:35:00-08:00,White Table W2,15,False
111,53140,Fin Finders,match,24,2025-03-02 16:20:00-08:00,Red Table R2,10,False
111,53592,Tiger Robotics 1,match,4,2025-03-02 10:05:00-08:00,Blue Table B1,15,False
111,53592,Tiger Robotics 1,match,9,2025-03-02 11:25:00-08:00,Blue Table B1,15,False
111,53592,Tiger Robotics 1,match,21,2025-03-02 15:15:00-08:00,White Table W2,45,False
111,53592,Tiger Robotics 1,match,27,2025-03-02 16:50:00-08:00,Red Table R2,10,False
111,55976,Megamind Mechanics,match,1,2025-03-02 09:10:00-08:00,White Table W1,20,False
111,55976,Megamind Mechanics,match,13,2025-03-02 13:25:00-08:00,Red Table R1,10,False
111,55976,Megamind Mechanics,match,18,2025-03-02 14:35:00-08:00,Blue Table B2,15,False
111,55976,Megamind Mechanics,match,24,2025-03-02 16:20:00-08:00,Blue Table B1,10,False
111,56339,Electric Sources,match,4,2025-03-02 10:05:00-08:00,White Table W1,15,False
111,56339,Electric Sources,match,9,2025-03-02 11:25:00-08:00,Red Table R1,15,False
111,56339,Electric Sources,match,21,2025-03-02 15:15:00-08:00,Blue Table B2,45,False
111,56339,Electric Sources,match,27,2025-03-02 16:50:00-08:00,Blue Table B1,10,False
111,56459,Code Warriors,match,1,2025-03-02 09:10:00-08:00,Red Table R1,20,False
111,56459,Code Warriors,match,13,2025-03-02 13:25:00-08:00,White Table W2,10,False
111,56459,Code Warriors,match,18,2025-03-02 14:35:00-08:00,White Table W1,15,False
111,56459,Code Warriors,match,24,2025-03-02 16:20:00-08:00,Blue Table B2,10,False
111,56489,Gear Girls,match,5,2025-03-02 10:20:00-08:00,Blue Table B2,15,False
111,56489,Gear Girls,match,10,2025-03-02 11:40:00-08:00,White Table W1,10,False
111,56489,Gear Girls,match,15,2025-03-02 14:00:00-08:00,Red Table R2,10,False
111,56489,Gear Girls,match,28,2025-03-02 17:00:00-08:00,Red Table R1,10,False
111,56940,RoboMasters,match,3,2025-03-02 09:50:00-08:00,Red Table R2,15,False
111,56940,RoboMasters,match,8,2025-03-02 11:15:00-08:00,Blue Table B2,10,False
111,56940,RoboMasters,match,20,2025-03-02 15:00:00-08:00,Blue Table B1,15,False
111,56940,RoboMasters,match,26,2025-03-02 16:40:00-08:00,White Table W2,10,False
111,57125,Incredibuilders,match,7,2025-03-02 10:50:00-08:00,Red Table R1,25,False
111,57125,Incredibuilders,match,12,2025-03-02 13:10:00-08:00,White Table W2,15,False
111,57125,Incredibuilders,match,17,2025-03-02 14:25:00-08:00,White Table W1,10,False
111,57125,Incredibuilders,match,23,2025-03-02 16:10:00-08:00,Blue Table B2,10,False
111,57600,Delta Rovers,match,3,2025-03-02 09:50:00-08:00,Blue Table B2,15,False
111,57600,Delta Rovers,match,8,2025-03-02 11:15:00-08:00,White Table W1,10,False
111,57600,Delta Rovers,match,20,2025-03-02 15:00:00-08:00,Red Table R2,15,False
111,57600,Delta Rovers,match,26,2025-03-02 16:40:00-08:00,Red Table R1,10,False
111,58380,Lego Masters1,match,4,2025-03-02 10:05:00-08:00,Red Table R2,15,False
111,58380,Lego Masters1,match,9,2025-03-02 11:25:00-08:00,Blue Table B2,15,False
111,58380,Lego Masters1,match,21,2025-03-02 15:15:00-08:00,Blue Table B1,45,False
111,58380,Lego Masters1,match,27,2025-03-02 16:50:00-08:00,White Table W2,10,False
111,58666,Techno Bricks,match,5,2025-03-02 10:20:00-08:00,Red Table R1,15,False
111,58666,Techno Bricks,match,10,2025-03-02 11:40:00-08:00,White Table W2,10,False
111,58666,Techno Bricks,match,15,2025-03-02 14:00:00-08:00,White Table W1,10,False
111,58666,Techno Bricks,match,28,2025-03-02 17:00:00-08:00,Blue Table B2,10,False
111,60069,NINDROIDS,match,2,2025-03-02 09:30:00-08:00,Red Table R2,20,False
111,60069,NINDROIDS,match,14,2025-03-02 13:35:00-08:00,Blue Table B2,25,False
111,60069,NINDROIDS,match,19,2025-03-02 14:50:00-08:00,Blue Table B1,10,False
111,60069,NINDROIDS,match,25,2025-03-02 16:30:00-08:00,White Table W2,10,False
111,60338,Astrocubs,match,2,2025-03-02 09:30:00-08:00,White Table W1,20,False
111,60338,Astrocubs,match,14,2025-03-02 13:35:00-08:00,Red Table R1,25,False
111,60338,Astrocubs,match,19,2025-03-02 14:50:00-08:00,Blue Table B2,10,False
111,60338,Astrocubs,match,25,2025-03-02 16:30:00-08:00,Blue Table B1,10,False
111,60642,Code CrasherZ,match,4,2025-03-02 10:05:00-08:00,Blue Table B2,15,False
111,60642,Code CrasherZ,match,9,2025-03-02 11:25:00-08:00,White Table W1,15,False
111,60642,Code CrasherZ,match,21,2025-03-02 15:15:00-08:00,Red Table R2,45,False
111,60642,Code CrasherZ,match,27,2025-03-02 16:50:00-08:00,Red Table R1,10,False
111,60787,Shelby,match,7,2025-03-02 10:50:00-08:00,White Table W1,25,False
111,60787,Shelby,match,12,2025-03-02 13:10:00-08:00,Red Table R1,15,False
111,60787,Shelby,match,17,2025-03-02 14:25:00-08:00,Blue Table B2,10,False
111,60787,Shelby,match,23,2025-03-02 16:10:00-08:00,Blue Table B1,10,False
111,60868,iBots,match,1,2025-03-02 09:10:00-08:00,Red Table R2,20,False
111,60868,iBots,match,13,2025-03-02 13:25:00-08:00,Blue Table B2,10,False
111,60868,iBots,match,18,2025-03-02 14:35:00-08:00,Blue Table B1,15,False
111,60868,iBots,match,24,2025-03-02 16:20:00-08:00,White Table W2,10,False
111,60956,The Stanlicorns,match,3,2025-03-02 09:50:00-08:00,White Table W2,15,False
111,60956,The Stanlicorns,match,8,2025-03-02 11:15:00-08:00,Red Table R2,10,False
111,60956,The Stanlicorns,match,20,2025-03-02 15:00:00-08:00,Red Table R1,15,False
111,60956,The Stanlicorns,match,26,2025-03-02 16:40:00-08:00,White Table W1,10,False
111,60958,FLL-C 60958 -- The Great White Sharks,match,7,2025-03-02 10:50:00-08:00,Red Table R2,25,False
111,60958,FLL-C 60958 -- The Great White Sharks,match,12,2025-03-02 13:10:00-08:00,Blue Table B2,15,False
111,60958,FLL-C 60958 -- The Great White Sharks,match,17,2025-03-02 14:25:00-08:00,Blue Table B1,10,False
111,60958,FLL-C 60958 -- The Great White Sharks,match,23,2025-03-02 16:10:00-08:00,White Table W2,10,False
111,60981,WinsLab,match,3,2025-03-02 09:50:00-08:00,Blue Table B1,15,False
111,60981,WinsLab,match,8,2025-03-02 11:15:00-08:00,Blue Table B1,10,False
111,60981,WinsLab,match,20,2025-03-02 15:00:00-08:00,White Table W2,15,False
111,60981,WinsLab,match,26,2025-03-02 16:40:00-08:00,Red Table R2,10,False
111,61611,Electro-Phoenix,match,1,2025-03-02 09:10:00-08:00,White Table W2,20,False
111,61611,Electro-Phoenix,match,13,2025-03-02 13:25:00-08:00,Red Table R2,10,False
111,61611,Electro-Phoenix,match,18,2025-03-02 14:35:00-08:00,Red Table R1,15,False
111,61611,Electro-Phoenix,match,24,2025-03-02 16:20:00-08:00,White Table W1,10,False
111,61990,MIGHTY MINDS,match,2,2025-03-02 09:30:00-08:00,Blue Table B1,20,False
111,61990,MIGHTY MINDS,match,14,2025-03-02 13:35:00-08:00,Blue Table B1,25,False
111,61990,MIGHTY MINDS,match,19,2025-03-02 14:50:00-08:00,White Table W2,10,False
111,61990,MIGHTY MINDS,match,25,2025-03-02 16:30:00-08:00,Red Table R2,10,False
111,62005,Lego Legends,match,7,2025-03-02 10:50:00-08:00,White Table W2,25,False
111,62005,Lego Legends,match,12,2025-03-02 13:10:00-08:00,Red Table R2,15,False
111,62005,Lego Legends,match,17,2025-03-02 14:25:00-08:00,Red Table R1,10,False
111,62005,Lego Legends,match,23,2025-03-02 16:10:00-08:00,White Table W1,10,False
111,62268,Delta Cosmic coders,match,5,2025-03-02 10:20:00-08:00,White Table W1,15,False
111,62268,Delta Cosmic coders,match,10,2025-03-02 11:40:00-08:00,Red Table R1,10,False
111,62268,Delta Cosmic coders,match,15,2025-03-02 14:00:00-08:00,Blue Table B2,10,False
111,62268,Delta Cosmic coders,match,28,2025-03-02 17:00:00-08:00,Blue Table B1,10,False
111,62314,Cyber Sharks,match,5,2025-03-02 10:20:00-08:00,Blue Table B1,15,False
111,62314,Cyber Sharks,match,10,2025-03-02 11:40:00-08:00,Blue Table B1,10,False
111,62314,Cyber Sharks,match,15,2025-03-02 14:00:00-08:00,White Table W2,10,False
111,62314,Cyber Sharks,match,28,2025-03-02 17:00:00-08:00,Red Table R2,10,False
111,62984,Eagle Bots 2024,match,6,2025-03-02 10:35:00-08:00,Red Table R2,15,False
111,62984,Eagle Bots 2024,match,11,2025-03-02 11:50:00-08:00,Blue Table B2,80,False
111,62984,Eagle Bots 2024,match,16,2025-03-02 14:10:00-08:00,Blue Table B1,15,False
111,62984,Eagle Bots 2024,match,22,2025-03-02 16:00:00-08:00,White Table W2,10,False
111,64638,Brain Bots,match,2,2025-03-02 09:30:00-08:00,Red Table R1,20,False
111,64638,Brain Bots,match,14,2025-03-02 13:35:00-08:00,White Table W2,25,False
111,64638,Brain Bots,match,19,2025-03-02 14:50:00-08:00,White Table W1,10,False
111,64638,Brain Bots,match,25,2025-03-02 16:30:00-08:00,Blue Table B2,10,False
111,65018,Brickbots,match,6,2025-03-02 10:35:00-08:00,Red Table R1,15,False
111,65018,Brickbots,match,11,2025-03-02 11:50:00-08:00,White Table W2,80,False
111,65018,Brickbots,match,16,2025-03-02 14:10:00-08:00,White Table W1,15,False
111,65018,Brickbots,match,22,2025-03-02 16:00:00-08:00,Blue Table B2,10,False
111,65569,Tassajara Bots,match,5,2025-03-02 10:20:00-08:00,Red Table R2,15,False
111,65569,Tassajara Bots,match,10,2025-03-02 11:40:00-08:00,Blue Table B2,10,False
111,65569,Tassajara Bots,match,15,2025-03-02 14:00:00-08:00,Blue Table B1,10,False
111,65569,Tassajara Bots,match,28,2025-03-02 17:00:00-08:00,White Table W2,10,False
111,65690,Shady Sashimi 65690,match,6,2025-03-02 10:35:00-08:00,Blue Table B1,15,False
111,65690,Shady Sashimi 65690,match,11,2025-03-02 11:50:00-08:00,Blue Table B1,80,False
111,65690,Shady Sashimi 65690,match,16,2025-03-02 14:10:00-08:00,White Table W2,15,False
111,65690,Shady Sashimi 65690,match,22,2025-03-02 16:00:00-08:00,Red Table R2,10,False
111,65840,Graystone Ninjas,match,3,2025-03-02 09:50:00-08:00,White Table W1,15,False
111,65840,Graystone Ninjas,match,8,2025-03-02 11:15:00-08:00,Red Table R1,10,False
111,65840,Graystone Ninjas,match,20,2025-03-02 15:00:00-08:00,Blue Table B2,15,False
111,65840,Graystone Ninjas,match,26,2025-03-02 16:40:00-08:00,Blue Table B1,10,False
111,65978,Notre Dame Robotics - Blue Team,match,5,2025-03-02 10:20:00-08:00,White Table W2,15,False
111,65978,Notre Dame Robotics - Blue Team,match,10,2025-03-02 11:40:00-08:00,Red Table R2,10,False
111,65978,Notre Dame Robotics - Blue Team,match,15,2025-03-02 14:00:00-08:00,Red Table R1,10,False
111,65978,Notre Dame Robotics - Blue Team,match,28,2025-03-02 17:00:00-08:00,White Table W1,10,False
111,66110,Bot-of-Water,match,7,2025-03-02 10:50:00-08:00,Blue Table B1,25,False
111,66110,Bot-of-Water,match,12,2025-03-02 13:10:00-08:00,Blue Table B1,15,False
111,66110,Bot-of-Water,match,17,2025-03-02 14:25:00-08:00,White Table W2,10,False
111,66110,Bot-of-Water,match,23,2025-03-02 16:10:00-08:00,Red Table R2,10,False
111,66285,Alpha Zeta,match,2,2025-03-02 09:30:00-08:00,Blue Table B2,20,False
111,66285,Alpha Zeta,match,14,2025-03-02 13:35:00-08:00,White Table W1,25,False
111,66285,Alpha Zeta,match,19,2025-03-02 14:50:00-08:00,Red Table R2,10,False
111,66285,Alpha Zeta,match,25,2025-03-02 16:30:00-08:00,Red Table R1,10,False
111,66894,Oceanic Explorers,match,1,2025-03-02 09:10:00-08:00,Blue Table B2,20,False
111,66894,Oceanic Explorers,match,13,2025-03-02 13:25:00-08:00,White Table W1,10,False
111,66894,Oceanic Explorers,match,18,2025-03-02 14:35:00-08:00,Red Table R2,15,False
111,66894,Oceanic Explorers,match,24,2025-03-02 16:20:00-08:00,Red Table R1,10,False
111,67058,Coral Keepers,match,6,2025-03-02 10:35:00-08:00,White Table W2,15,False
111,67058,Coral Keepers,match,11,2025-03-02 11:50:00-08:00,Red Table R2,80,False
111,67058,Coral Keepers,match,16,2025-03-02 14:10:00-08:00,Red Table R1,15,False
111,67058,Coral Keepers,match,22,2025-03-02 16:00:00-08:00,White Table W1,10,False
111,67150,Coding Ninjas,match,4,2025-03-02 10:05:00-08:00,White Table W2,15,False
111,67150,Coding Ninjas,match,9,2025-03-02 11:25:00-08:00,Red Table R2,15,False
111,67150,Coding Ninjas,match,21,2025-03-02 15:15:00-08:00,Red Table R1,45,False
111,67150,Coding Ninjas,match,27,2025-03-02 16:50:00-08:00,White Table W1,10,False
111,67232,Terminators,match,6,2025-03-02 10:35:00-08:00,Blue Table B2,15,False
111,67232,Terminators,match,11,2025-03-02 11:50:00-08:00,White Table W1,80,False
111,67232,Terminators,match,16,2025-03-02 14:10:00-08:00,Red Table R2,15,False
111,67232,Terminators,match,22,2025-03-02 16:00:00-08:00,Red Table R1,10,False
111,67473,Krazy Krillionaires,match,2,2025-03-02 09:30:00-08:00,White Table W2,20,False
111,67473,Krazy Krillionaires,match,14,2025-03-02 13:35:00-08:00,Red Table R2,25,False
111,67473,Krazy Krillionaires,match,19,2025-03-02 14:50:00-08:00,Red Table R1,10,False
111,67473,Krazy Krillionaires,match,25,2025-03-02 16:30:00-08:00,White Table W1,10,False
118,59559,Hawktonauts,match,4,2025-04-26 09:45:00-07:00,Red Table,10,True
118,59559,Hawktonauts,match,11,2025-04-26 11:00:00-07:00,Blue Table,10,False
118,59559,Hawktonauts,match,30,2025-04-26 14:50:00-07:00,Blue Table,10,False
118,59559,Hawktonauts,match,38,2025-04-26 16:15:00-07:00,Red Table,10,False
118,60028,Dublin Robotics Club Genesis,match,2,2025-04-26 09:20:00-07:00,Red Table,10,True
118,60028,Dublin Robotics Club Genesis,match,18,2025-04-26 12:45:00-07:00,Red Table,10,False
118,60028,Dublin Robotics Club Genesis,match,26,2025-04-26 14:05:00-07:00,Blue Table,15,False
118,60028,Dublin Robotics Club Genesis,match,33,2025-04-26 15:25:00-07:00,Blue Table,10,False
118,60425,Protobot,match,2,2025-04-26 09:20:00-07:00,Blue Table,10,True
118,60425,Protobot,match,16,2025-04-26 11:55:00-07:00,Red Table,10,False
118,60425,Protobot,match,25,2025-04-26 13:55:00-07:00,Blue Table,10,False
118,60425,Protobot,match,34,2025-04-26 15:35:00-07:00,Red Table,10,False
118,65026,Brick Brains,match,7,2025-04-26 10:20:00-07:00,Red Table,10,True
118,65026,Brick Brains,match,19,2025-04-26 12:55:00-07:00,Blue Table,10,False
118,65026,Brick Brains,match,27,2025-04-26 14:20:00-07:00,Blue Table,10,False
118,65026,Brick Brains,match,35,2025-04-26 15:45:00-07:00,Red Table,10,False
118,65501,The Ocean Fighters,match,9,2025-04-26 10:40:00-07:00,Blue Table,10,True
118,65501,The Ocean Fighters,match,20,2025-04-26 13:05:00-07:00,Blue Table,10,False
118,65501,The Ocean Fighters,match,27,2025-04-26 14:20:00-07:00,Red Table,10,False
118,65501,The Ocean Fighters,match,36,2025-04-26 15:55:00-07:00,Red Table,10,False
118,66208,Bob the Builders,match,4,2025-04-26 09:45:00-07:00,Blue Table,10,True
118,66208,Bob the Builders,match,12,2025-04-26 11:10:00-07:00,Red Table,10,False
118,66208,Bob the Builders,match,23,2025-04-26 13:35:00-07:00,Red Table,10,False
118,66208,Bob the Builders,match,40,2025-04-26 16:35:00-07:00,Blue Table,10,False
118,66522,The Placeholders,match,6,2025-04-26 10:05:00-07:00,Red Table,15,True
118,66522,The Placeholders,match,13,2025-04-26 11:20:00-07:00,Blue Table,15,False
118,66522,The Placeholders,match,22,2025-04-26 13:25:00-07:00,Red Table,10,False
118,66522,The Placeholders,match,38,2025-04-26 16:15:00-07:00,Blue Table,10,False
118,66736,SAN RAMON ROBOS,match,5,2025-04-26 09:55:00-07:00,Blue Table,10,True
118,66736,SAN RAMON ROBOS,match,11,2025-04-26 11:00:00-07:00,Red Table,10,False
118,66736,SAN RAMON ROBOS,match,22,2025-04-26 13:25:00-07:00,Blue Table,10,False
118,66736,SAN RAMON ROBOS,match,40,2025-04-26 16:35:00-07:00,Red Table,10,False
118,67111,AI Masters,match,8,2025-04-26 10:30:00-07:00,Blue Table,10,True
118,67111,AI Masters,match,20,2025-04-26 13:05:00-07:00,Red Table,10,False
118,67111,AI Masters,match,28,2025-04-26 14:30:00-07:00,Blue Table,10,False
118,67111,AI Masters,match,37,2025-04-26 16:05:00-07:00,Red Table,10,False
118,67749,ML Infinity Bots,match,6,2025-04-26 10:05:00-07:00,Blue Table,15,True
118,67749,ML Infinity Bots,match,12,2025-04-26 11:10:00-07:00,Blue Table,10,False
118,67749,ML Infinity Bots,match,30,2025-04-26 14:50:00-07:00,Red Table,10,False
118,67749,ML Infinity Bots,match,39,2025-04-26 16:25:00-07:00,Red Table,10,False
118,68590,Fremont Wizwards,match,1,2025-04-26 09:10:00-07:00,Red Table,10,True
118,68590,Fremont Wizwards,match,16,2025-04-26 11:55:00-07:00,Blue Table,10,False
118,68590,Fremont Wizwards,match,24,2025-04-26 13:45:00-07:00,Blue Table,10,False
118,68590,Fremont Wizwards,match,32,2025-04-26 15:15:00-07:00,Red Table,10,False
118,68695,Marine Masterminds,match,9,2025-04-26 10:40:00-07:00,Red Table,10,True
118,68695,Marine Masterminds,match,14,2025-04-26 11:35:00-07:00,Blue Table,10,False
118,68695,Marine Masterminds,match,28,2025-04-26 14:30:00-07:00,Red Table,10,False
118,68695,Marine Masterminds,match,35,2025-04-26 15:45:00-07:00,Blue Table,10,False
118,68921,Dragon_1,match,8,2025-04-26 10:30:00-07:00,Red Table,10,True
118,68921,Dragon_1,match,15,2025-04-26 11:45:00-07:00,Red Table,10,False
118,68921,Dragon_1,match,29,2025-04-26 14:40:00-07:00,Blue Table,10,False
118,68921,Dragon_1,match,36,2025-04-26 15:55:00-07:00,Blue Table,10,False
118,68929,Shrimp Ninja Supreme,match,3,2025-04-26 09:30:00-07:00,Red Table,15,True
118,68929,Shrimp Ninja Supreme,match,18,2025-04-26 12:45:00-07:00,Blue Table,10,False
118,68929,Shrimp Ninja Supreme,match,25,2025-04-26 13:55:00-07:00,Red Table,10,False
118,68929,Shrimp Ninja Supreme,match,32,2025-04-26 15:15:00-07:00,Blue Table,10,False
118,69297,Robolabs Curiosity,match,3,2025-04-26 09:30:00-07:00,Blue Table,15,True
118,69297,Robolabs Curiosity,match,15,2025-04-26 11:45:00-07:00,Blue Table,10,False
118,69297,Robolabs Curiosity,match,24,2025-04-26 13:45:00-07:00,Red Table,10,False
118,69297,Robolabs Curiosity,match,33,2025-04-26 15:25:00-07:00,Red Table,10,False
118,69962,Robolabs Wind,match,1,2025-04-26 09:10:00-07:00,Blue Table,10,True
118,69962,Robolabs Wind,match,19,2025-04-26 12:55:00-07:00,Red Table,10,False
118,69962,Robolabs Wind,match,26,2025-04-26 14:05:00-07:00,Red Table,15,False
118,69962,Robolabs Wind,match,34,2025-04-26 15:35:00-07:00,Blue Table,10,False
118,70135,WorkInProgress,match,5,2025-04-26 09:55:00-07:00,Red Table,10,True
118,70135,WorkInProgress,match,13,2025-04-26 11:20:00-07:00,Red Table,15,False
118,70135,WorkInProgress,match,23,2025-04-26 13:35:00-07:00,Blue Table,10,False
118,70135,WorkInProgress,match,39,2025-04-26 16:25:00-07:00,Blue Table,10,False
118,70148,TerraKnights,match,7,2025-04-26 10:20:00-07:00,Blue Table,10,True
118,70148,TerraKnights,match,14,2025-04-26 11:35:00-07:00,Red Table,10,False
118,70148,TerraKnights,match,29,2025-04-26 14:40:00-07:00,Red Table,10,False
118,70148,TerraKnights,match,37,2025-04-26 16:05:00-07:00,Blue Table,10,False
119,61246,Hedgie Power,match,2,2025-04-26 09:20:00-07:00,Blue Table,10,True
119,61246,Hedgie Power,match,16,2025-04-26 11:55:00-07:00,Red Table,10,False
119,61246,Hedgie Power,match,25,2025-04-26 13:55:00-07:00,Blue Table,10,False
119,61246,Hedgie Power,match,34,2025-04-26 15:35:00-07:00,Red Table,10,False
119,63333,Jaguars,match,3,2025-04-26 09:30:00-07:00,Red Table,15,True
119,63333,Jaguars,match,18,2025-04-26 12:45:00-07:00,Blue Table,10,False
119,63333,Jaguars,match,25,2025-04-26 13:55:00-07:00,Red Table,10,False
119,63333,Jaguars,match,32,2025-04-26 15:15:00-07:00,Blue Table,10,False
119,65320,DCADS - Cyber Cubs,match,2,2025-04-26 09:20:00-07:00,Red Table,10,True
119,65320,DCADS - Cyber Cubs,match,18,2025-04-26 12:45:00-07:00,Red Table,10,False
119,65320,DCADS - Cyber Cubs,match,26,2025-04-26 14:05:00-07:00,Blue Table,15,False
119,65320,DCADS - Cyber Cubs,match,33,2025-04-26 15:25:00-07:00,Blue Table,10,False
119,65321,DCADS - Astro Cubs,match,1,2025-04-26 09:10:00-07:00,Blue Table,10,True
119,65321,DCADS - Astro Cubs,match,19,2025-04-26 12:55:00-07:00,Red Table,10,False
119,65321,DCADS - Astro Cubs,match,26,2025-04-26 14:05:00-07:00,Red Table,15,False
119,65321,DCADS - Astro Cubs,match,34,2025-04-26 15:35:00-07:00,Blue Table,10,False
119,65572,Lego Llamas,match,9,2025-04-26 10:40:00-07:00,Blue Table,10,True
119,65572,Lego Llamas,match,20,2025-04-26 13:05:00-07:00,Blue Table,10,False
119,65572,Lego Llamas,match,27,2025-04-26 14:20:00-07:00,Red Table,10,False
119,65572,Lego Llamas,match,36,2025-04-26 15:55:00-07:00,Red Table,10,False
119,66066,blue_bobcat,match,4,2025-04-26 09:45:00-07:00,Blue Table,10,True
119,66066,blue_bobcat,match,12,2025-04-26 11:10:00-07:00,Red Table,10,False
119,66066,blue_bobcat,match,23,2025-04-26 13:35:00-07:00,Red Table,10,False
119,66066,blue_bobcat,match,40,2025-04-26 16:35:00-07:00,Blue Table,10,False
119,66137,Build Guild - SBR Team Cupertino,match,3,2025-04-26 09:30:00-07:00,Blue Table,15,True
119,66137,Build Guild - SBR Team Cupertino,match,15,2025-04-26 11:45:00-07:00,Blue Table,10,False
119,66137,Build Guild - SBR Team Cupertino,match,24,2025-04-26 13:45:00-07:00,Red Table,10,False
119,66137,Build Guild - SBR Team Cupertino,match,33,2025-04-26 15:25:00-07:00,Red Table,10,False
119,66438,Fearsome 5,match,7,2025-04-26 10:20:00-07:00,Red Table,10,True
119,66438,Fearsome 5,match,19,2025-04-26 12:55:00-07:00,Blue Table,10,False
119,66438,Fearsome 5,match,27,2025-04-26 14:20:00-07:00,Blue Table,10,False
119,66438,Fearsome 5,match,35,2025-04-26 15:45:00-07:00,Red Table,10,False
119,66816,Seven Seas,match,5,2025-04-26 09:55:00-07:00,Blue Table,10,True
119,66816,Seven Seas,match,11,2025-04-26 11:00:00-07:00,Red Table,10,False
119,66816,Seven Seas,match,22,2025-04-26 13:25:00-07:00,Blue Table,10,False
119,66816,Seven Seas,match,40,2025-04-26 16:35:00-07:00,Red Table,10,False
119,66986,CCDS Krillers,match,8,2025-04-26 10:30:00-07:00,Blue Table,10,True
119,66986,CCDS Krillers,match,20,2025-04-26 13:05:00-07:00,Red Table,10,False
119,66986,CCDS Krillers,match,28,2025-04-26 14:30:00-07:00,Blue Table,10,False
119,66986,CCDS Krillers,match,37,2025-04-26 16:05:00-07:00,Red Table,10,False
119,67086,Any Fling,match,4,2025-04-26 09:45:00-07:00,Red Table,10,True
119,67086,Any Fling,match,11,2025-04-26 11:00:00-07:00,Blue Table,10,False
119,67086,Any Fling,match,30,2025-04-26 14:50:00-07:00,Blue Table,10,False
119,67086,Any Fling,match,38,2025-04-26 16:15:00-07:00,Red Table,10,False
119,67668,Robo Warriors,match,5,2025-04-26 09:55:00-07:00,Red Table,10,True
119,67668,Robo Warriors,match,13,2025-04-26 11:20:00-07:00,Red Table,15,False
119,67668,Robo Warriors,match,23,2025-04-26 13:35:00-07:00,Blue Table,10,False
119,67668,Robo Warriors,match,39,2025-04-26 16:25:00-07:00,Blue Table,10,False
119,68659,It's Raining Legos,match,9,2025-04-26 10:40:00-07:00,Red Table,10,True
119,68659,It's Raining Legos,match,14,2025-04-26 11:35:00-07:00,Blue Table,10,False
119,68659,It's Raining Legos,match,28,2025-04-26 14:30:00-07:00,Red Table,10,False
119,68659,It's Raining Legos,match,35,2025-04-26 15:45:00-07:00,Blue Table,10,False
119,69207,Depth,match,6,2025-04-26 10:05:00-07:00,Blue Table,15,True
119,69207,Depth,match,12,2025-04-26 11:10:00-07:00,Blue Table,10,False
119,69207,Depth,match,30,2025-04-26 14:50:00-07:00,Red Table,10,False
119,69207,Depth,match,39,2025-04-26 16:25:00-07:00,Red Table,10,False
119,69747,Boa Conductors,match,8,2025-04-26 10:30:00-07:00,Red Table,10,True
119,69747,Boa Conductors,match,15,2025-04-26 11:45:00-07:00,Red Table,10,False
119,69747,Boa Conductors,match,29,2025-04-26 14:40:00-07:00,Blue Table,10,False
119,69747,Boa Conductors,match,36,2025-04-26 15:55:00-07:00,Blue Table,10,False
119,69748,Just Bob,match,7,2025-04-26 10:20:00-07:00,Blue Table,10,True
119,69748,Just Bob,match,14,2025-04-26 11:35:00-07:00,Red Table,10,False
119,69748,Just Bob,match,29,2025-04-26 14:40:00-07:00,Red Table,10,False
119,69748,Just Bob,match,37,2025-04-26 16:05:00-07:00,Blue Table,10,False
119,70221,BroBots - SBR Team Sunnyvale,match,1,2025-04-26 09:10:00-07:00,Red Table,10,True
119,70221,BroBots - SBR Team Sunnyvale,match,16,2025-04-26 11:55:00-07:00,Blue Table,10,False
119,70221,BroBots - SBR Team Sunnyvale,match,24,2025-04-26 13:45:00-07:00,Blue Table,10,False
119,70221,BroBots - SBR Team Sunnyvale,match,32,2025-04-26 15:15:00-07:00,Red Table,10,False
119,70238,Trapped in Union City,match,6,2025-04-26 10:05:00-07:00,Red Table,15,True
119,70238,Trapped in Union City,match,13,2025-04-26 11:20:00-07:00,Blue Table,15,False
119,70238,Trapped in Union City,match,22,2025-04-26 13:25:00-07:00,Red Table,10,False
119,70238,Trapped in Union City,match,38,2025-04-26 16:15:00-07:00,Blue Table,10,False
120,61692,Blue Bots,match,3,2025-03-23 09:40:00-07:00,Table B,10,True
120,61692,Blue Bots,match,11,2025-03-23 11:25:00-07:00,Table B,10,False
120,61692,Blue Bots,match,21,2025-03-23 14:10:00-07:00,Table A,35,False
120,61692,Blue Bots,match,27,2025-03-23 15:40:00-07:00,Table A,10,False
120,65193,DECT,match,2,2025-03-23 09:25:00-07:00,Table B,15,True
120,65193,DECT,match,14,2025-03-23 12:00:00-07:00,Table A,60,False
120,65193,DECT,match,20,2025-03-23 14:00:00-07:00,Table B,10,False
120,65193,DECT,match,24,2025-03-23 15:05:00-07:00,Table A,10,False
120,65801,Pink Potato Chips,match,6,2025-03-23 10:15:00-07:00,Table B,10,True
120,65801,Pink Potato Chips,match,9,2025-03-23 11:00:00-07:00,Table A,10,False
120,65801,Pink Potato Chips,match,18,2025-03-23 13:35:00-07:00,Table B,15,False
120,65801,Pink Potato Chips,match,22,2025-03-23 14:45:00-07:00,Table A,10,False
120,66045,BrickSlayers2.0,match,1,2025-03-23 09:15:00-07:00,Table B,10,True
120,66045,BrickSlayers2.0,match,13,2025-03-23 11:50:00-07:00,Table A,10,False
120,66045,BrickSlayers2.0,match,19,2025-03-23 13:50:00-07:00,Table B,10,False
120,66045,BrickSlayers2.0,match,25,2025-03-23 15:15:00-07:00,Table A,15,False
120,66668,Springer Legonauts,match,4,2025-03-23 09:50:00-07:00,Table B,15,True
120,66668,Springer Legonauts,match,12,2025-03-23 11:35:00-07:00,Table A,15,False
120,66668,Springer Legonauts,match,21,2025-03-23 14:10:00-07:00,Table B,35,False
120,66668,Springer Legonauts,match,26,2025-03-23 15:30:00-07:00,Table A,10,False
120,66875,Famous Lego Lords,match,6,2025-03-23 10:15:00-07:00,Table A,10,True
120,66875,Famous Lego Lords,match,10,2025-03-23 11:10:00-07:00,Table B,15,False
120,66875,Famous Lego Lords,match,16,2025-03-23 13:10:00-07:00,Table A,15,False
120,66875,Famous Lego Lords,match,27,2025-03-23 15:40:00-07:00,Table B,10,False
120,67430,BayBots,match,5,2025-03-23 10:05:00-07:00,Table A,10,True
120,67430,BayBots,match,12,2025-03-23 11:35:00-07:00,Table B,15,False
120,67430,BayBots,match,15,2025-03-23 13:00:00-07:00,Table A,10,False
120,67430,BayBots,match,28,2025-03-23 15:50:00-07:00,Table B,10,False
120,67557,Sun Valley Challenge,match,5,2025-03-23 10:05:00-07:00,Table B,10,True
120,67557,Sun Valley Challenge,match,8,2025-03-23 10:50:00-07:00,Table A,10,False
120,67557,Sun Valley Challenge,match,17,2025-03-23 13:25:00-07:00,Table B,10,False
120,67557,Sun Valley Challenge,match,23,2025-03-23 14:55:00-07:00,Table A,10,False
120,67841,The Striker Bots,match,7,2025-03-23 10:25:00-07:00,Table A,25,True
120,67841,The Striker Bots,match,10,2025-03-23 11:10:00-07:00,Table A,15,False
120,67841,The Striker Bots,match,15,2025-03-23 13:00:00-07:00,Table B,10,False
120,67841,The Striker Bots,match,26,2025-03-23 15:30:00-07:00,Table B,10,False
120,68164,Springer Lego-logists,match,2,2025-03-23 09:25:00-07:00,Table A,15,True
120,68164,Springer Lego-logists,match,9,2025-03-23 11:00:00-07:00,Table B,10,False
120,68164,Springer Lego-logists,match,17,2025-03-23 13:25:00-07:00,Table A,10,False
120,68164,Springer Lego-logists,match,25,2025-03-23 15:15:00-07:00,Table B,15,False
120,68221,"20,000 Legos Under the Sea",match,4,2025-03-23 09:50:00-07:00,Table A,15,True
120,68221,"20,000 Legos Under the Sea",match,13,2025-03-23 11:50:00-07:00,Table B,10,False
120,68221,"20,000 Legos Under the Sea",match,20,2025-03-23 14:00:00-07:00,Table A,10,False
120,68221,"20,000 Legos Under the Sea",match,22,2025-03-23 14:45:00-07:00,Table B,10,False
120,68412,QuantumBots,match,1,2025-03-23 09:15:00-07:00,Table A,10,True
120,68412,QuantumBots,match,8,2025-03-23 10:50:00-07:00,Table B,10,False
120,68412,QuantumBots,match,18,2025-03-23 13:35:00-07:00,Table A,15,False
120,68412,QuantumBots,match,24,2025-03-23 15:05:00-07:00,Table B,10,False
120,69947,Megalobot,match,7,2025-03-23 10:25:00-07:00,Table B,25,True
120,69947,Megalobot,match,11,2025-03-23 11:25:00-07:00,Table A,10,False
120,69947,Megalobot,match,16,2025-03-23 13:10:00-07:00,Table B,15,False
120,69947,Megalobot,match,28,2025-03-23 15:50:00-07:00,Table A,10,False
120,70178,Crystal Springs Uplands Middle School 1,match,3,2025-03-23 09:40:00-07:00,Table A,10,True
120,70178,Crystal Springs Uplands Middle School 1,match,14,2025-03-23 12:00:00-07:00,Table B,60,False
120,70178,Crystal Springs Uplands Middle School 1,match,19,2025-03-23 13:50:00-07:00,Table A,10,False
120,70178,Crystal Springs Uplands Middle School 1,match,23,2025-03-23 14:55:00-07:00,Table B,10,False
121,45629,Dragon Bots,match,3,2025-04-05 09:40:00-07:00,Table B,10,True
121,45629,Dragon Bots,match,11,2025-04-05 11:25:00-07:00,Table B,10,False
121,45629,Dragon Bots,match,21,2025-04-05 14:10:00-07:00,Table A,35,False
121,45629,Dragon Bots,match,27,2025-04-05 15:40:00-07:00,Table A,10,False
121,59696,Energizers,match,4,2025-04-05 09:50:00-07:00,Table B,15,True
121,59696,Energizers,match,12,2025-04-05 11:35:00-07:00,Table A,15,False
121,59696,Energizers,match,21,2025-04-05 14:10:00-07:00,Table B,35,False
121,59696,Energizers,match,26,2025-04-05 15:30:00-07:00,Table A,10,False
121,60141,Banayays,match,7,2025-04-05 10:25:00-07:00,Table B,25,True
121,60141,Banayays,match,11,2025-04-05 11:25:00-07:00,Table A,10,False
121,60141,Banayays,match,16,2025-04-05 13:10:00-07:00,Table B,15,False
121,60141,Banayays,match,28,2025-04-05 15:50:00-07:00,Table A,10,False
121,65019,The Ravens,match,1,2025-04-05 09:15:00-07:00,Table A,10,True
121,65019,The Ravens,match,8,2025-04-05 10:50:00-07:00,Table B,10,False
121,65019,The Ravens,match,18,2025-04-05 13:35:00-07:00,Table A,15,False
121,65019,The Ravens,match,24,2025-04-05 15:05:00-07:00,Table B,10,False
121,65072,Master Builders,match,2,2025-04-05 09:25:00-07:00,Table A,15,True
121,65072,Master Builders,match,9,2025-04-05 11:00:00-07:00,Table B,10,False
121,65072,Master Builders,match,17,2025-04-05 13:25:00-07:00,Table A,10,False
121,65072,Master Builders,match,25,2025-04-05 15:15:00-07:00,Table B,15,False
121,65273,LEGOnardo da Vinci,match,5,2025-04-05 10:05:00-07:00,Table A,10,True
121,65273,LEGOnardo da Vinci,match,12,2025-04-05 11:35:00-07:00,Table B,15,False
121,65273,LEGOnardo da Vinci,match,15,2025-04-05 13:00:00-07:00,Table A,10,False
121,65273,LEGOnardo da Vinci,match,28,2025-04-05 15:50:00-07:00,Table B,10,False
121,65892,Code Queens,match,7,2025-04-05 10:25:00-07:00,Table A,25,True
121,65892,Code Queens,match,10,2025-04-05 11:10:00-07:00,Table A,15,False
121,65892,Code Queens,match,15,2025-04-05 13:00:00-07:00,Table B,10,False
121,65892,Code Queens,match,26,2025-04-05 15:30:00-07:00,Table B,10,False
121,66511,Tech Titans,match,1,2025-04-05 09:15:00-07:00,Table B,10,True
121,66511,Tech Titans,match,13,2025-04-05 11:50:00-07:00,Table A,10,False
121,66511,Tech Titans,match,19,2025-04-05 13:50:00-07:00,Table B,10,False
121,66511,Tech Titans,match,25,2025-04-05 15:15:00-07:00,Table A,15,False
121,67727,Thunderbolts,match,6,2025-04-05 10:15:00-07:00,Table B,10,True
121,67727,Thunderbolts,match,9,2025-04-05 11:00:00-07:00,Table A,10,False
121,67727,Thunderbolts,match,18,2025-04-05 13:35:00-07:00,Table B,15,False
121,67727,Thunderbolts,match,22,2025-04-05 14:45:00-07:00,Table A,10,False
121,68174,Sundrop Robotics - Albany,match,6,2025-04-05 10:15:00-07:00,Table A,10,True
121,68174,Sundrop Robotics - Albany,match,10,2025-04-05 11:10:00-07:00,Table B,15,False
121,68174,Sundrop Robotics - Albany,match,16,2025-04-05 13:10:00-07:00,Table A,15,False
121,68174,Sundrop Robotics - Albany,match,27,2025-04-05 15:40:00-07:00,Table B,10,False
121,68643,House of Coders,match,2,2025-04-05 09:25:00-07:00,Table B,15,True
121,68643,House of Coders,match,14,2025-04-05 12:00:00-07:00,Table A,60,False
121,68643,House of Coders,match,20,2025-04-05 14:00:00-07:00,Table B,10,False
121,68643,House of Coders,match,24,2025-04-05 15:05:00-07:00,Table A,10,False
121,68726,Daedalus Bots,match,3,2025-04-05 09:40:00-07:00,Table A,10,True
121,68726,Daedalus Bots,match,14,2025-04-05 12:00:00-07:00,Table B,60,False
121,68726,Daedalus Bots,match,19,2025-04-05 13:50:00-07:00,Table A,10,False
121,68726,Daedalus Bots,match,23,2025-04-05 14:55:00-07:00,Table B,10,False
121,69571,Hydro-Electric Sharks,match,4,2025-04-05 09:50:00-07:00,Table A,15,True
121,69571,Hydro-Electric Sharks,match,13,2025-04-05 11:50:00-07:00,Table B,10,False
121,69571,Hydro-Electric Sharks,match,20,2025-04-05 14:00:00-07:00,Table A,10,False
121,69571,Hydro-Electric Sharks,match,22,2025-04-05 14:45:00-07:00,Table B,10,False
121,70140,The Infinity Builders 1,match,5,2025-04-05 10:05:00-07:00,Table B,10,True
121,70140,The Infinity Builders 1,match,8,2025-04-05 10:50:00-07:00,Table A,10,False
121,70140,The Infinity Builders 1,match,17,2025-04-05 13:25:00-07:00,Table B,10,False
121,70140,The Infinity Builders 1,match,23,2025-04-05 14:55:00-07:00,Table A,10,False
122,20975,FMS Recreational Spring League Team (20975),match,1,2025-04-27 09:10:00-07:00,Red Table,10,True
122,20975,FMS Recreational Spring League Team (20975),match,16,2025-04-27 11:55:00-07:00,Blue Table,10,False
122,20975,FMS Recreational Spring League Team (20975),match,24,2025-04-27 13:45:00-07:00,Blue Table,10,False
122,20975,FMS Recreational Spring League Team (20975),match,32,2025-04-27 15:15:00-07:00,Red Table,10,False
122,39742,The Legos,match,2,2025-04-27 09:20:00-07:00,Blue Table,10,True
122,39742,The Legos,match,16,2025-04-27 11:55:00-07:00,Red Table,10,False
122,39742,The Legos,match,25,2025-04-27 13:55:00-07:00,Blue Table,10,False
122,39742,The Legos,match,34,2025-04-27 15:35:00-07:00,Red Table,10,False
122,47621,Oreo Pandas,match,2,2025-04-27 09:20:00-07:00,Red Table,10,True
122,47621,Oreo Pandas,match,18,2025-04-27 12:45:00-07:00,Red Table,10,False
122,47621,Oreo Pandas,match,26,2025-04-27 14:05:00-07:00,Blue Table,15,False
122,47621,Oreo Pandas,match,33,2025-04-27 15:25:00-07:00,Blue Table,10,False
122,47622,The Intellects,match,6,2025-04-27 10:05:00-07:00,Red Table,15,True
122,47622,The Intellects,match,13,2025-04-27 11:20:00-07:00,Blue Table,15,False
122,47622,The Intellects,match,22,2025-04-27 13:25:00-07:00,Red Table,10,False
122,47622,The Intellects,match,38,2025-04-27 16:15:00-07:00,Blue Table,10,False
122,58665,Lunatics 2 (Wildcats),match,7,2025-04-27 10:20:00-07:00,Blue Table,10,True
122,58665,Lunatics 2 (Wildcats),match,14,2025-04-27 11:35:00-07:00,Red Table,10,False
122,58665,Lunatics 2 (Wildcats),match,29,2025-04-27 14:40:00-07:00,Red Table,10,False
122,58665,Lunatics 2 (Wildcats),match,37,2025-04-27 16:05:00-07:00,Blue Table,10,False
122,58668,Hyper Technics 2 (Techno Sharks),match,8,2025-04-27 10:30:00-07:00,Blue Table,10,True
122,58668,Hyper Technics 2 (Techno Sharks),match,20,2025-04-27 13:05:00-07:00,Red Table,10,False
122,58668,Hyper Technics 2 (Techno Sharks),match,28,2025-04-27 14:30:00-07:00,Blue Table,10,False
122,58668,Hyper Technics 2 (Techno Sharks),match,37,2025-04-27 16:05:00-07:00,Red Table,10,False
122,61406,Quantum Robotics,match,3,2025-04-27 09:30:00-07:00,Red Table,15,True
122,61406,Quantum Robotics,match,18,2025-04-27 12:45:00-07:00,Blue Table,10,False
122,61406,Quantum Robotics,match,25,2025-04-27 13:55:00-07:00,Red Table,10,False
122,61406,Quantum Robotics,match,32,2025-04-27 15:15:00-07:00,Blue Table,10,False
122,63308,I Want Food,match,4,2025-04-27 09:45:00-07:00,Red Table,10,True
122,63308,I Want Food,match,11,2025-04-27 11:00:00-07:00,Blue Table,10,False
122,63308,I Want Food,match,30,2025-04-27 14:50:00-07:00,Blue Table,10,False
122,63308,I Want Food,match,38,2025-04-27 16:15:00-07:00,Red Table,10,False
122,63874,MasterBuilder3,match,4,2025-04-27 09:45:00-07:00,Blue Table,10,True
122,63874,MasterBuilder3,match,12,2025-04-27 11:10:00-07:00,Red Table,10,False
122,63874,MasterBuilder3,match,23,2025-04-27 13:35:00-07:00,Red Table,10,False
122,63874,MasterBuilder3,match,40,2025-04-27 16:35:00-07:00,Blue Table,10,False
122,66044,Red Raptors,match,7,2025-04-27 10:20:00-07:00,Red Table,10,True
122,66044,Red Raptors,match,19,2025-04-27 12:55:00-07:00,Blue Table,10,False
122,66044,Red Raptors,match,27,2025-04-27 14:20:00-07:00,Blue Table,10,False
122,66044,Red Raptors,match,35,2025-04-27 15:45:00-07:00,Red Table,10,False
122,66820,Leadways FBI,match,5,2025-04-27 09:55:00-07:00,Red Table,10,True
122,66820,Leadways FBI,match,13,2025-04-27 11:20:00-07:00,Red Table,15,False
122,66820,Leadways FBI,match,23,2025-04-27 13:35:00-07:00,Blue Table,10,False
122,66820,Leadways FBI,match,39,2025-04-27 16:25:00-07:00,Blue Table,10,False
122,66906,SuperAqua,match,9,2025-04-27 10:40:00-07:00,Blue Table,10,True
122,66906,SuperAqua,match,20,2025-04-27 13:05:00-07:00,Blue Table,10,False
122,66906,SuperAqua,match,27,2025-04-27 14:20:00-07:00,Red Table,10,False
122,66906,SuperAqua,match,36,2025-04-27 15:55:00-07:00,Red Table,10,False
122,67645,Foothill Spring League Team (67645),match,8,2025-04-27 10:30:00-07:00,Red Table,10,True
122,67645,Foothill Spring League Team (67645),match,15,2025-04-27 11:45:00-07:00,Red Table,10,False
122,67645,Foothill Spring League Team (67645),match,29,2025-04-27 14:40:00-07:00,Blue Table,10,False
122,67645,Foothill Spring League Team (67645),match,36,2025-04-27 15:55:00-07:00,Blue Table,10,False
122,69015,Quantum Robotics T2,match,9,2025-04-27 10:40:00-07:00,Red Table,10,True
122,69015,Quantum Robotics T2,match,14,2025-04-27 11:35:00-07:00,Blue Table,10,False
122,69015,Quantum Robotics T2,match,28,2025-04-27 14:30:00-07:00,Red Table,10,False
122,69015,Quantum Robotics T2,match,35,2025-04-27 15:45:00-07:00,Blue Table,10,False
122,69238,The Commas,match,6,2025-04-27 10:05:00-07:00,Blue Table,15,True
122,69238,The Commas,match,12,2025-04-27 11:10:00-07:00,Blue Table,10,False
122,69238,The Commas,match,30,2025-04-27 14:50:00-07:00,Red Table,10,False
122,69238,The Commas,match,39,2025-04-27 16:25:00-07:00,Red Table,10,False
122,69357,Foothill Spring League Team (69357),match,3,2025-04-27 09:30:00-07:00,Blue Table,15,True
122,69357,Foothill Spring League Team (69357),match,15,2025-04-27 11:45:00-07:00,Blue Table,10,False
122,69357,Foothill Spring League Team (69357),match,24,2025-04-27 13:45:00-07:00,Red Table,10,False
122,69357,Foothill Spring League Team (69357),match,33,2025-04-27 15:25:00-07:00,Red Table,10,False
122,69751,Bubby Rules the World,match,1,2025-04-27 09:10:00-07:00,Blue Table,10,True
122,69751,Bubby Rules the World,match,19,2025-04-27 12:55:00-07:00,Red Table,10,False
122,69751,Bubby Rules the World,match,26,2025-04-27 14:05:00-07:00,Red Table,15,False
122,69751,Bubby Rules the World,match,34,2025-04-27 15:35:00-07:00,Blue Table,10,False
122,69767,Banned in 49 states,match,5,2025-04-27 09:55:00-07:00,Blue Table,10,True
122,69767,Banned in 49 states,match,11,2025-04-27 11:00:00-07:00,Red Table,10,False
122,69767,Banned in 49 states,match,22,2025-04-27 13:25:00-07:00,Blue Table,10,False
122,69767,Banned in 49 states,match,40,2025-04-27 16:35:00-07:00,Red Table,10,False
123,44835,Ninja NERDles,match,4,2025-04-13 09:30:00-07:00,Red Table,10,True
123,44835,Ninja NERDles,match,12,2025-04-13 10:50:00-07:00,Blue Table,10,False
123,44835,Ninja NERDles,match,27,2025-04-13 14:00:00-07:00,Blue Table,10,False
123,44835,Ninja NERDles,match,34,2025-04-13 15:15:00-07:00,Red Table,10,False
123,59995,Bricks you step on,match,1,2025-04-13 09:00:00-07:00,Blue Table,10,True
123,59995,Bricks you step on,match,18,2025-04-13 11:45:00-07:00,Red Table,10,False
123,59995,Bricks you step on,match,26,2025-04-13 13:50:00-07:00,Red Table,10,False
123,59995,Bricks you step on,match,33,2025-04-13 15:05:00-07:00,Blue Table,10,False
123,61351,RRR Rockets,match,8,2025-04-13 10:05:00-07:00,Blue Table,10,True
123,61351,RRR Rockets,match,16,2025-04-13 11:25:00-07:00,Red Table,10,False
123,61351,RRR Rockets,match,22,2025-04-13 13:15:00-07:00,Blue Table,10,False
123,61351,RRR Rockets,match,36,2025-04-13 15:35:00-07:00,Blue Table,10,False
123,61938,ZE Gamers,match,6,2025-04-13 09:45:00-07:00,Red Table,10,True
123,61938,ZE Gamers,match,14,2025-04-13 11:10:00-07:00,Red Table,10,False
123,61938,ZE Gamers,match,29,2025-04-13 14:20:00-07:00,Blue Table,10,False
123,61938,ZE Gamers,match,38,2025-04-13 15:55:00-07:00,Blue Table,10,False
123,62969,Straw Hat Dragons,match,8,2025-04-13 10:05:00-07:00,Red Table,10,True
123,62969,Straw Hat Dragons,match,13,2025-04-13 11:00:00-07:00,Red Table,10,False
123,62969,Straw Hat Dragons,match,21,2025-04-13 13:05:00-07:00,Blue Table,10,False
123,62969,Straw Hat Dragons,match,38,2025-04-13 15:55:00-07:00,Red Table,10,False
123,65868,Robotic Sigmas,match,2,2025-04-13 09:10:00-07:00,Blue Table,10,True
123,65868,Robotic Sigmas,match,17,2025-04-13 11:35:00-07:00,Red Table,10,False
123,65868,Robotic Sigmas,match,24,2025-04-13 13:35:00-07:00,Blue Table,10,False
123,65868,Robotic Sigmas,match,33,2025-04-13 15:05:00-07:00,Red Table,10,False
123,66337,IJAVVE,match,7,2025-04-13 09:55:00-07:00,Red Table,10,True
123,66337,IJAVVE,match,16,2025-04-13 11:25:00-07:00,Blue Table,10,False
123,66337,IJAVVE,match,28,2025-04-13 14:10:00-07:00,Red Table,10,False
123,66337,IJAVVE,match,37,2025-04-13 15:45:00-07:00,Blue Table,10,False
123,66756,Cryptobots,match,1,2025-04-13 09:00:00-07:00,Red Table,10,True
123,66756,Cryptobots,match,17,2025-04-13 11:35:00-07:00,Blue Table,10,False
123,66756,Cryptobots,match,23,2025-04-13 13:25:00-07:00,Blue Table,10,False
123,66756,Cryptobots,match,31,2025-04-13 14:45:00-07:00,Red Table,10,False
123,67946,Sea Sigmas,match,9,2025-04-13 10:15:00-07:00,Blue Table,10,True
123,67946,Sea Sigmas,match,14,2025-04-13 11:10:00-07:00,Blue Table,10,False
123,67946,Sea Sigmas,match,22,2025-04-13 13:15:00-07:00,Red Table,10,False
123,67946,Sea Sigmas,match,37,2025-04-13 15:45:00-07:00,Red Table,10,False
123,68226,NinjaRobo$,match,6,2025-04-13 09:45:00-07:00,Blue Table,10,True
123,68226,NinjaRobo$,match,12,2025-04-13 10:50:00-07:00,Red Table,10,False
123,68226,NinjaRobo$,match,28,2025-04-13 14:10:00-07:00,Blue Table,10,False
123,68226,NinjaRobo$,match,36,2025-04-13 15:35:00-07:00,Red Table,10,False
123,68861,Technic Pythons,match,4,2025-04-13 09:30:00-07:00,Blue Table,10,True
123,68861,Technic Pythons,match,13,2025-04-13 11:00:00-07:00,Blue Table,10,False
123,68861,Technic Pythons,match,29,2025-04-13 14:20:00-07:00,Red Table,10,False
123,68861,Technic Pythons,match,35,2025-04-13 15:25:00-07:00,Red Table,10,False
123,68894,Mustang Four'ce,match,3,2025-04-13 09:20:00-07:00,Red Table,10,True
123,68894,Mustang Four'ce,match,19,2025-04-13 11:55:00-07:00,Blue Table,10,False
123,68894,Mustang Four'ce,match,24,2025-04-13 13:35:00-07:00,Red Table,10,False
123,68894,Mustang Four'ce,match,34,2025-04-13 15:15:00-07:00,Blue Table,10,False
123,69250,Surfer_Sharks!,match,2,2025-04-13 09:10:00-07:00,Red Table,10,True
123,69250,Surfer_Sharks!,match,19,2025-04-13 11:55:00-07:00,Red Table,10,False
123,69250,Surfer_Sharks!,match,26,2025-04-13 13:50:00-07:00,Blue Table,10,False
123,69250,Surfer_Sharks!,match,32,2025-04-13 14:55:00-07:00,Blue Table,10,False
123,69572,Hydro Hackers,match,7,2025-04-13 09:55:00-07:00,Blue Table,10,True
123,69572,Hydro Hackers,match,11,2025-04-13 10:40:00-07:00,Red Table,10,False
123,69572,Hydro Hackers,match,27,2025-04-13 14:00:00-07:00,Red Table,10,False
123,69572,Hydro Hackers,match,35,2025-04-13 15:25:00-07:00,Blue Table,10,False
123,70000,Bulldog Bots,match,3,2025-04-13 09:20:00-07:00,Blue Table,10,True
123,70000,Bulldog Bots,match,18,2025-04-13 11:45:00-07:00,Blue Table,10,False
123,70000,Bulldog Bots,match,23,2025-04-13 13:25:00-07:00,Red Table,10,False
123,70000,Bulldog Bots,match,32,2025-04-13 14:55:00-07:00,Red Table,10,False
128,56271,Mechanical Arts,match,9,2025-04-05 10:40:00-07:00,Blue Table,10,True
128,56271,Mechanical Arts,match,20,2025-04-05 13:05:00-07:00,Blue Table,10,False
128,56271,Mechanical Arts,match,27,2025-04-05 14:20:00-07:00,Red Table,10,False
128,56271,Mechanical Arts,match,36,2025-04-05 15:55:00-07:00,Red Table,10,False
128,61093,Golden Dolphins,match,1,2025-04-05 09:10:00-07:00,Red Table,10,True
128,61093,Golden Dolphins,match,16,2025-04-05 11:55:00-07:00,Blue Table,10,False
128,61093,Golden Dolphins,match,24,2025-04-05 13:45:00-07:00,Blue Table,10,False
128,61093,Golden Dolphins,match,32,2025-04-05 15:15:00-07:00,Red Table,10,False
128,66603,Fletcher Robotigers,match,6,2025-04-05 10:05:00-07:00,Red Table,15,True
128,66603,Fletcher Robotigers,match,13,2025-04-05 11:20:00-07:00,Blue Table,15,False
128,66603,Fletcher Robotigers,match,22,2025-04-05 13:25:00-07:00,Red Table,10,False
128,66603,Fletcher Robotigers,match,38,2025-04-05 16:15:00-07:00,Blue Table,10,False
128,66739,Lakshmi Adusumilli,match,3,2025-04-05 09:30:00-07:00,Blue Table,15,True
128,66739,Lakshmi Adusumilli,match,15,2025-04-05 11:45:00-07:00,Blue Table,10,False
128,66739,Lakshmi Adusumilli,match,24,2025-04-05 13:45:00-07:00,Red Table,10,False
128,66739,Lakshmi Adusumilli,match,33,2025-04-05 15:25:00-07:00,Red Table,10,False
128,66920,SparkleBots1,match,7,2025-04-05 10:20:00-07:00,Red Table,10,True
128,66920,SparkleBots1,match,19,2025-04-05 12:55:00-07:00,Blue Table,10,False
128,66920,SparkleBots1,match,27,2025-04-05 14:20:00-07:00,Blue Table,10,False
128,66920,SparkleBots1,match,35,2025-04-05 15:45:00-07:00,Red Table,10,False
128,67142,Dreamers,match,6,2025-04-05 10:05:00-07:00,Blue Table,15,True
128,67142,Dreamers,match,12,2025-04-05 11:10:00-07:00,Blue Table,10,False
128,67142,Dreamers,match,30,2025-04-05 14:50:00-07:00,Red Table,10,False
128,67142,Dreamers,match,39,2025-04-05 16:25:00-07:00,Red Table,10,False
128,67407,Robot Thunder X,match,4,2025-04-05 09:45:00-07:00,Blue Table,10,True
128,67407,Robot Thunder X,match,12,2025-04-05 11:10:00-07:00,Red Table,10,False
128,67407,Robot Thunder X,match,23,2025-04-05 13:35:00-07:00,Red Table,10,False
128,67407,Robot Thunder X,match,40,2025-04-05 16:35:00-07:00,Blue Table,10,False
128,67440,BayBots,match,2,2025-04-05 09:20:00-07:00,Blue Table,10,True
128,67440,BayBots,match,16,2025-04-05 11:55:00-07:00,Red Table,10,False
128,67440,BayBots,match,25,2025-04-05 13:55:00-07:00,Blue Table,10,False
128,67440,BayBots,match,34,2025-04-05 15:35:00-07:00,Red Table,10,False
128,67678,RoboSquad,match,3,2025-04-05 09:30:00-07:00,Red Table,15,True
128,67678,RoboSquad,match,18,2025-04-05 12:45:00-07:00,Blue Table,10,False
128,67678,RoboSquad,match,25,2025-04-05 13:55:00-07:00,Red Table,10,False
128,67678,RoboSquad,match,32,2025-04-05 15:15:00-07:00,Blue Table,10,False
128,68377,Gemini,match,7,2025-04-05 10:20:00-07:00,Blue Table,10,True
128,68377,Gemini,match,14,2025-04-05 11:35:00-07:00,Red Table,10,False
128,68377,Gemini,match,29,2025-04-05 14:40:00-07:00,Red Table,10,False
128,68377,Gemini,match,37,2025-04-05 16:05:00-07:00,Blue Table,10,False
128,68775,Little Scholar ACE,match,8,2025-04-05 10:30:00-07:00,Blue Table,10,True
128,68775,Little Scholar ACE,match,20,2025-04-05 13:05:00-07:00,Red Table,10,False
128,68775,Little Scholar ACE,match,28,2025-04-05 14:30:00-07:00,Blue Table,10,False
128,68775,Little Scholar ACE,match,37,2025-04-05 16:05:00-07:00,Red Table,10,False
128,68960,Poseidon Engineers,match,4,2025-04-05 09:45:00-07:00,Red Table,10,True
128,68960,Poseidon Engineers,match,11,2025-04-05 11:00:00-07:00,Blue Table,10,False
128,68960,Poseidon Engineers,match,30,2025-04-05 14:50:00-07:00,Blue Table,10,False
128,68960,Poseidon Engineers,match,38,2025-04-05 16:15:00-07:00,Red Table,10,False
128,69065,Mustang QuadRacers,match,2,2025-04-05 09:20:00-07:00,Red Table,10,True
128,69065,Mustang QuadRacers,match,18,2025-04-05 12:45:00-07:00,Red Table,10,False
128,69065,Mustang QuadRacers,match,26,2025-04-05 14:05:00-07:00,Blue Table,15,False
128,69065,Mustang QuadRacers,match,33,2025-04-05 15:25:00-07:00,Blue Table,10,False
128,69253,The Marines,match,5,2025-04-05 09:55:00-07:00,Red Table,10,True
128,69253,The Marines,match,13,2025-04-05 11:20:00-07:00,Red Table,15,False
128,69253,The Marines,match,23,2025-04-05 13:35:00-07:00,Blue Table,10,False
128,69253,The Marines,match,39,2025-04-05 16:25:00-07:00,Blue Table,10,False
128,69595,TechnoBots,match,1,2025-04-05 09:10:00-07:00,Blue Table,10,True
128,69595,TechnoBots,match,19,2025-04-05 12:55:00-07:00,Red Table,10,False
128,69595,TechnoBots,match,26,2025-04-05 14:05:00-07:00,Red Table,15,False
128,69595,TechnoBots,match,34,2025-04-05 15:35:00-07:00,Blue Table,10,False
128,69653,Robo Legends,match,9,2025-04-05 10:40:00-07:00,Red Table,10,True
128,69653,Robo Legends,match,14,2025-04-05 11:35:00-07:00,Blue Table,10,False
128,69653,Robo Legends,match,28,2025-04-05 14:30:00-07:00,Red Table,10,False
128,69653,Robo Legends,match,35,2025-04-05 15:45:00-07:00,Blue Table,10,False
128,70153,rickroll,match,8,2025-04-05 10:30:00-07:00,Red Table,10,True
128,70153,rickroll,match,15,2025-04-05 11:45:00-07:00,Red Table,10,False
128,70153,rickroll,match,29,2025-04-05 14:40:00-07:00,Blue Table,10,False
128,70153,rickroll,match,36,2025-04-05 15:55:00-07:00,Blue Table,10,False
128,70300,DCADS Exo Cubs,match,5,2025-04-05 09:55:00-07:00,Blue Table,10,True
128,70300,DCADS Exo Cubs,match,11,2025-04-05 11:00:00-07:00,Red Table,10,False
128,70300,DCADS Exo Cubs,match,22,2025-04-05 13:25:00-07:00,Blue Table,10,False
128,70300,DCADS Exo Cubs,match,40,2025-04-05 16:35:00-07:00,Red Table,10,False
173,7052,Dynamite Dinosaurs,match,1,2025-11-02 09:15:00-08:00,TABLE A,15,True
173,7052,Dynamite Dinosaurs,match,11,2025-11-02 11:45:00-08:00,TABLE B,15,False
173,7052,Dynamite Dinosaurs,match,14,2025-11-02 13:30:00-08:00,TABLE B,15,False
173,7052,Dynamite Dinosaurs,match,19,2025-11-02 15:10:00-08:00,TABLE A,10,False
173,7453,ChronoCrafters,match,2,2025-11-02 09:30:00-08:00,TABLE B,15,True
173,7453,ChronoCrafters,match,11,2025-11-02 11:45:00-08:00,TABLE A,15,False
173,7453,ChronoCrafters,match,15,2025-11-02 13:45:00-08:00,TABLE B,15,False
173,7453,ChronoCrafters,match,20,2025-11-02 15:20:00-08:00,TABLE A,10,False
173,10589,Archybots,match,4,2025-11-02 10:00:00-08:00,TABLE A,15,True
173,10589,Archybots,match,8,2025-11-02 11:00:00-08:00,TABLE B,15,False
173,10589,Archybots,match,18,2025-11-02 14:30:00-08:00,TABLE B,40,False
173,10589,Archybots,match,22,2025-11-02 15:45:00-08:00,TABLE A,10,False
173,60152,The Game Changers,match,3,2025-11-02 09:45:00-08:00,TABLE B,15,True
173,60152,The Game Changers,match,12,2025-11-02 12:00:00-08:00,TABLE B,75,False
173,60152,The Game Changers,match,14,2025-11-02 13:30:00-08:00,TABLE A,15,False
173,60152,The Game Changers,match,21,2025-11-02 15:30:00-08:00,TABLE A,15,False
173,64898,Circuit Breakers,match,6,2025-11-02 10:30:00-08:00,TABLE A,15,True
173,64898,Circuit Breakers,match,10,2025-11-02 11:30:00-08:00,TABLE B,15,False
173,64898,Circuit Breakers,match,13,2025-11-02 13:15:00-08:00,TABLE A,15,False
173,64898,Circuit Breakers,match,23,2025-11-02 15:55:00-08:00,TABLE B,10,False
173,65501,Artifact Masters,match,3,2025-11-02 09:45:00-08:00,TABLE A,15,True
173,65501,Artifact Masters,match,7,2025-11-02 10:45:00-08:00,TABLE B,15,False
173,65501,Artifact Masters,match,17,2025-11-02 14:15:00-08:00,TABLE A,15,False
173,65501,Artifact Masters,match,20,2025-11-02 15:20:00-08:00,TABLE B,10,False
173,66163,Dino Nuggets (Ketchup),match,1,2025-11-02 09:15:00-08:00,TABLE B,15,True
173,66163,Dino Nuggets (Ketchup),match,7,2025-11-02 10:45:00-08:00,TABLE A,15,False
173,66163,Dino Nuggets (Ketchup),match,15,2025-11-02 13:45:00-08:00,TABLE A,15,False
173,66163,Dino Nuggets (Ketchup),match,21,2025-11-02 15:30:00-08:00,TABLE B,15,False
173,66292,CookieBots,match,5,2025-11-02 10:15:00-08:00,TABLE B,15,True
173,66292,CookieBots,match,8,2025-11-02 11:00:00-08:00,TABLE A,15,False
173,66292,CookieBots,match,16,2025-11-02 14:00:00-08:00,TABLE B,15,False
173,66292,CookieBots,match,23,2025-11-02 15:55:00-08:00,TABLE A,10,False
173,67107,Tech Titans,match,6,2025-11-02 10:30:00-08:00,TABLE B,15,True
173,67107,Tech Titans,match,9,2025-11-02 11:15:00-08:00,TABLE B,15,False
173,67107,Tech Titans,match,18,2025-11-02 14:30:00-08:00,TABLE A,40,False
173,67107,Tech Titans,match,24,2025-11-02 16:05:00-08:00,TABLE A,10,False
173,68231,Everest,match,2,2025-11-02 09:30:00-08:00,TABLE A,15,True
173,68231,Everest,match,12,2025-11-02 12:00:00-08:00,TABLE A,75,False
173,68231,Everest,match,17,2025-11-02 14:15:00-08:00,TABLE B,15,False
173,68231,Everest,match,19,2025-11-02 15:10:00-08:00,TABLE B,10,False
173,71343,GoldenBots,match,4,2025-11-02 10:00:00-08:00,TABLE B,15,True
173,71343,GoldenBots,match,10,2025-11-02 11:30:00-08:00,TABLE A,15,False
173,71343,GoldenBots,match,16,2025-11-02 14:00:00-08:00,TABLE A,15,False
173,71343,GoldenBots,match,24,2025-11-02 16:05:00-08:00,TABLE B,10,False
173,71909,League of Lego Legends,match,5,2025-11-02 10:15:00-08:00,TABLE A,15,True
173,71909,League of Lego Legends,match,9,2025-11-02 11:15:00-08:00,TABLE A,15,False
173,71909,League of Lego Legends,match,13,2025-11-02 13:15:00-08:00,TABLE B,15,False
173,71909,League of Lego Legends,match,22,2025-11-02 15:45:00-08:00,TABLE B,10,False
174,4978,4978,match,1,2025-11-08 09:10:00-08:00,Blue Table,10,True
174,4978,4978,match,17,2025-11-08 13:00:00-08:00,Red Table,10,False
174,4978,4978,match,23,2025-11-08 14:10:00-08:00,Red Table,15,False
174,4978,4978,match,30,2025-11-08 15:35:00-08:00,Blue Table,10,False
174,10585,Code Crackers,match,7,2025-11-08 10:20:00-08:00,Red Table,10,True
174,10585,Code Crackers,match,17,2025-11-08 13:00:00-08:00,Blue Table,10,False
174,10585,Code Crackers,match,24,2025-11-08 14:25:00-08:00,Blue Table,10,False
174,10585,Code Crackers,match,31,2025-11-08 15:45:00-08:00,Red Table,10,False
174,34265,EagleBots,match,3,2025-11-08 09:30:00-08:00,Red Table,15,True
174,34265,EagleBots,match,16,2025-11-08 12:05:00-08:00,Blue Table,55,False
174,34265,EagleBots,match,22,2025-11-08 14:00:00-08:00,Red Table,10,False
174,34265,EagleBots,match,28,2025-11-08 15:15:00-08:00,Blue Table,10,False
174,52305,Master Oogway,match,7,2025-11-08 10:20:00-08:00,Blue Table,10,True
174,52305,Master Oogway,match,13,2025-11-08 11:35:00-08:00,Red Table,10,False
174,52305,Master Oogway,match,26,2025-11-08 14:45:00-08:00,Red Table,10,False
174,52305,Master Oogway,match,33,2025-11-08 16:05:00-08:00,Blue Table,10,False
174,52561,Brilliant Beavers,match,4,2025-11-08 09:45:00-08:00,Red Table,10,True
174,52561,Brilliant Beavers,match,10,2025-11-08 11:00:00-08:00,Blue Table,10,False
174,52561,Brilliant Beavers,match,27,2025-11-08 14:55:00-08:00,Blue Table,20,False
174,52561,Brilliant Beavers,match,34,2025-11-08 16:15:00-08:00,Red Table,10,False
174,60296,Stormy Knights,match,5,2025-11-08 09:55:00-08:00,Blue Table,10,True
174,60296,Stormy Knights,match,10,2025-11-08 11:00:00-08:00,Red Table,10,False
174,60296,Stormy Knights,match,19,2025-11-08 13:30:00-08:00,Blue Table,10,False
174,60296,Stormy Knights,match,36,2025-11-08 16:35:00-08:00,Red Table,10,False
174,60433,Sigma Squad,match,9,2025-11-08 10:40:00-08:00,Blue Table,20,True
174,60433,Sigma Squad,match,18,2025-11-08 13:10:00-08:00,Blue Table,20,False
174,60433,Sigma Squad,match,24,2025-11-08 14:25:00-08:00,Red Table,10,False
174,60433,Sigma Squad,match,32,2025-11-08 15:55:00-08:00,Red Table,10,False
174,60956,The Stanlicorns,match,6,2025-11-08 10:05:00-08:00,Blue Table,15,True
174,60956,The Stanlicorns,match,11,2025-11-08 11:10:00-08:00,Blue Table,10,False
174,60956,The Stanlicorns,match,27,2025-11-08 14:55:00-08:00,Red Table,20,False
174,60956,The Stanlicorns,match,35,2025-11-08 16:25:00-08:00,Red Table,10,False
174,60987,The fighting pickles,match,3,2025-11-08 09:30:00-08:00,Blue Table,15,True
174,60987,The fighting pickles,match,14,2025-11-08 11:45:00-08:00,Blue Table,10,False
174,60987,The fighting pickles,match,21,2025-11-08 13:50:00-08:00,Red Table,10,False
174,60987,The fighting pickles,match,29,2025-11-08 15:25:00-08:00,Red Table,10,False
174,61769,Omegas,match,2,2025-11-08 09:20:00-08:00,Red Table,10,True
174,61769,Omegas,match,16,2025-11-08 12:05:00-08:00,Red Table,55,False
174,61769,Omegas,match,23,2025-11-08 14:10:00-08:00,Blue Table,15,False
174,61769,Omegas,match,29,2025-11-08 15:25:00-08:00,Blue Table,10,False
174,61803,Robosaurs,match,9,2025-11-08 10:40:00-08:00,Red Table,20,True
174,61803,Robosaurs,match,13,2025-11-08 11:35:00-08:00,Blue Table,10,False
174,61803,Robosaurs,match,25,2025-11-08 14:35:00-08:00,Red Table,10,False
174,61803,Robosaurs,match,31,2025-11-08 15:45:00-08:00,Blue Table,10,False
174,67727,Thunderbolts,match,6,2025-11-08 10:05:00-08:00,Red Table,15,True
174,67727,Thunderbolts,match,12,2025-11-08 11:20:00-08:00,Blue Table,15,False
174,67727,Thunderbolts,match,19,2025-11-08 13:30:00-08:00,Red Table,10,False
174,67727,Thunderbolts,match,34,2025-11-08 16:15:00-08:00,Blue Table,10,False
174,68707,The HF Glitch Mob - Syntax Terror,match,8,2025-11-08 10:30:00-08:00,Red Table,10,True
174,68707,The HF Glitch Mob - Syntax Terror,match,14,2025-11-08 11:45:00-08:00,Red Table,10,False
174,68707,The HF Glitch Mob - Syntax Terror,match,26,2025-11-08 14:45:00-08:00,Blue Table,10,False
174,68707,The HF Glitch Mob - Syntax Terror,match,32,2025-11-08 15:55:00-08:00,Blue Table,10,False
174,68894,GyroBots,match,8,2025-11-08 10:30:00-08:00,Blue Table,10,True
174,68894,GyroBots,match,18,2025-11-08 13:10:00-08:00,Red Table,20,False
174,68894,GyroBots,match,25,2025-11-08 14:35:00-08:00,Blue Table,10,False
174,68894,GyroBots,match,33,2025-11-08 16:05:00-08:00,Red Table,10,False
174,70487,Circuit Brakers,match,2,2025-11-08 09:20:00-08:00,Blue Table,10,True
174,70487,Circuit Brakers,match,15,2025-11-08 11:55:00-08:00,Red Table,10,False
174,70487,Circuit Brakers,match,22,2025-11-08 14:00:00-08:00,Blue Table,10,False
174,70487,Circuit Brakers,match,30,2025-11-08 15:35:00-08:00,Red Table,10,False
174,70538,Shovel Buddies,match,5,2025-11-08 09:55:00-08:00,Red Table,10,True
174,70538,Shovel Buddies,match,12,2025-11-08 11:20:00-08:00,Red Table,15,False
174,70538,Shovel Buddies,match,20,2025-11-08 13:40:00-08:00,Blue Table,10,False
174,70538,Shovel Buddies,match,35,2025-11-08 16:25:00-08:00,Blue Table,10,False
174,71538,Dino Diggers,match,1,2025-11-08 09:10:00-08:00,Red Table,10,True
174,71538,Dino Diggers,match,15,2025-11-08 11:55:00-08:00,Blue Table,10,False
174,71538,Dino Diggers,match,21,2025-11-08 13:50:00-08:00,Blue Table,10,False
174,71538,Dino Diggers,match,28,2025-11-08 15:15:00-08:00,Red Table,10,False
174,71598,WIP,match,4,2025-11-08 09:45:00-08:00,Blue Table,10,True
174,71598,WIP,match,11,2025-11-08 11:10:00-08:00,Red Table,10,False
174,71598,WIP,match,20,2025-11-08 13:40:00-08:00,Red Table,10,False
174,71598,WIP,match,36,2025-11-08 16:35:00-08:00,Blue Table,10,False
175,53140,Fin Finders,match,1,2025-11-08 09:15:00-08:00,TABLE B,15,True
175,53140,Fin Finders,match,12,2025-11-08 12:00:00-08:00,TABLE A,75,False
175,53140,Fin Finders,match,14,2025-11-08 13:25:00-08:00,TABLE A,15,False
175,53140,Fin Finders,match,21,2025-11-08 15:20:00-08:00,TABLE B,15,False
175,61685,Union Megatrons,match,5,2025-11-08 10:15:00-08:00,TABLE B,15,True
175,61685,Union Megatrons,match,7,2025-11-08 11:00:00-08:00,TABLE A,10,False
175,61685,Union Megatrons,match,17,2025-11-08 14:05:00-08:00,TABLE B,10,False
175,61685,Union Megatrons,match,23,2025-11-08 15:45:00-08:00,TABLE A,10,False
175,61932,BCS Gold Miners,match,3,2025-11-08 09:45:00-08:00,TABLE A,15,True
175,61932,BCS Gold Miners,match,12,2025-11-08 12:00:00-08:00,TABLE B,75,False
175,61932,BCS Gold Miners,match,15,2025-11-08 13:40:00-08:00,TABLE A,10,False
175,61932,BCS Gold Miners,match,20,2025-11-08 15:10:00-08:00,TABLE B,10,False
175,66756,Cryptobots,match,4,2025-11-08 10:00:00-08:00,TABLE A,15,True
175,66756,Cryptobots,match,7,2025-11-08 11:00:00-08:00,TABLE B,10,False
175,66756,Cryptobots,match,18,2025-11-08 14:15:00-08:00,TABLE B,45,False
175,66756,Cryptobots,match,22,2025-11-08 15:35:00-08:00,TABLE A,10,False
175,67430,BayBots,match,1,2025-11-08 09:15:00-08:00,TABLE A,15,True
175,67430,BayBots,match,10,2025-11-08 11:35:00-08:00,TABLE B,15,False
175,67430,BayBots,match,13,2025-11-08 13:15:00-08:00,TABLE B,10,False
175,67430,BayBots,match,19,2025-11-08 15:00:00-08:00,TABLE A,10,False
175,67841,The Striker Bots,match,5,2025-11-08 10:15:00-08:00,TABLE A,15,True
175,67841,The Striker Bots,match,8,2025-11-08 11:10:00-08:00,TABLE A,15,False
175,67841,The Striker Bots,match,16,2025-11-08 13:50:00-08:00,TABLE B,15,False
175,67841,The Striker Bots,match,22,2025-11-08 15:35:00-08:00,TABLE B,10,False
175,68216,Circuit Breakers,match,4,2025-11-08 10:00:00-08:00,TABLE B,15,True
175,68216,Circuit Breakers,match,9,2025-11-08 11:25:00-08:00,TABLE A,10,False
175,68216,Circuit Breakers,match,17,2025-11-08 14:05:00-08:00,TABLE A,10,False
175,68216,Circuit Breakers,match,24,2025-11-08 15:55:00-08:00,TABLE B,10,False
175,68726,Daedalus Bots,match,2,2025-11-08 09:30:00-08:00,TABLE A,15,True
175,68726,Daedalus Bots,match,11,2025-11-08 11:50:00-08:00,TABLE A,10,False
175,68726,Daedalus Bots,match,15,2025-11-08 13:40:00-08:00,TABLE B,10,False
175,68726,Daedalus Bots,match,19,2025-11-08 15:00:00-08:00,TABLE B,10,False
175,68861,Technic Pythons,match,3,2025-11-08 09:45:00-08:00,TABLE B,15,True
175,68861,Technic Pythons,match,11,2025-11-08 11:50:00-08:00,TABLE B,10,False
175,68861,Technic Pythons,match,13,2025-11-08 13:15:00-08:00,TABLE A,10,False
175,68861,Technic Pythons,match,21,2025-11-08 15:20:00-08:00,TABLE A,15,False
175,71326,Lightning R7,match,6,2025-11-08 10:30:00-08:00,TABLE B,30,True
175,71326,Lightning R7,match,8,2025-11-08 11:10:00-08:00,TABLE B,15,False
175,71326,Lightning R7,match,18,2025-11-08 14:15:00-08:00,TABLE A,45,False
175,71326,Lightning R7,match,24,2025-11-08 15:55:00-08:00,TABLE A,10,False
175,72257,Lego Benders,match,6,2025-11-08 10:30:00-08:00,TABLE A,30,True
175,72257,Lego Benders,match,9,2025-11-08 11:25:00-08:00,TABLE B,10,False
175,72257,Lego Benders,match,16,2025-11-08 13:50:00-08:00,TABLE A,15,False
175,72257,Lego Benders,match,23,2025-11-08 15:45:00-08:00,TABLE B,10,False
175,72384,Kinetic Bots,match,2,2025-11-08 09:30:00-08:00,TABLE B,15,True
175,72384,Kinetic Bots,match,10,2025-11-08 11:35:00-08:00,TABLE A,15,False
175,72384,Kinetic Bots,match,14,2025-11-08 13:25:00-08:00,TABLE B,15,False
175,72384,Kinetic Bots,match,20,2025-11-08 15:10:00-08:00,TABLE A,10,False
176,445,Mighty Robo Pines,match,7,2025-11-08 10:20:00-08:00,Red Table,10,True
176,445,Mighty Robo Pines,match,17,2025-11-08 13:00:00-08:00,Blue Table,10,False
176,445,Mighty Robo Pines,match,24,2025-11-08 14:25:00-08:00,Blue Table,10,False
176,445,Mighty Robo Pines,match,31,2025-11-08 15:45:00-08:00,Red Table,10,False
176,20710,Our Savior Lions,match,1,2025-11-08 09:10:00-08:00,Blue Table,10,True
176,20710,Our Savior Lions,match,17,2025-11-08 13:00:00-08:00,Red Table,10,False
176,20710,Our Savior Lions,match,23,2025-11-08 14:10:00-08:00,Red Table,15,False
176,20710,Our Savior Lions,match,30,2025-11-08 15:35:00-08:00,Blue Table,10,False
176,30497,FBI(Fascinating Bot Intelligence),match,3,2025-11-08 09:30:00-08:00,Blue Table,15,True
176,30497,FBI(Fascinating Bot Intelligence),match,14,2025-11-08 11:45:00-08:00,Blue Table,10,False
176,30497,FBI(Fascinating Bot Intelligence),match,21,2025-11-08 13:50:00-08:00,Red Table,10,False
176,30497,FBI(Fascinating Bot Intelligence),match,29,2025-11-08 15:25:00-08:00,Red Table,10,False
176,56489,Gear Girls,match,6,2025-11-08 10:05:00-08:00,Red Table,15,True
176,56489,Gear Girls,match,12,2025-11-08 11:20:00-08:00,Blue Table,15,False
176,56489,Gear Girls,match,19,2025-11-08 13:30:00-08:00,Red Table,10,False
176,56489,Gear Girls,match,34,2025-11-08 16:15:00-08:00,Blue Table,10,False
176,60507,Team Prime,match,2,2025-11-08 09:20:00-08:00,Red Table,10,True
176,60507,Team Prime,match,16,2025-11-08 12:05:00-08:00,Red Table,55,False
176,60507,Team Prime,match,23,2025-11-08 14:10:00-08:00,Blue Table,15,False
176,60507,Team Prime,match,29,2025-11-08 15:25:00-08:00,Blue Table,10,False
176,61055,Robotic Athletes,match,3,2025-11-08 09:30:00-08:00,Red Table,15,True
176,61055,Robotic Athletes,match,16,2025-11-08 12:05:00-08:00,Blue Table,55,False
176,61055,Robotic Athletes,match,22,2025-11-08 14:00:00-08:00,Red Table,10,False
176,61055,Robotic Athletes,match,28,2025-11-08 15:15:00-08:00,Blue Table,10,False
176,61406,Quantum Bots,match,5,2025-11-08 09:55:00-08:00,Blue Table,10,True
176,61406,Quantum Bots,match,10,2025-11-08 11:00:00-08:00,Red Table,10,False
176,61406,Quantum Bots,match,19,2025-11-08 13:30:00-08:00,Blue Table,10,False
176,61406,Quantum Bots,match,36,2025-11-08 16:35:00-08:00,Red Table,10,False
176,61776,Tech Ninja,match,4,2025-11-08 09:45:00-08:00,Blue Table,10,True
176,61776,Tech Ninja,match,11,2025-11-08 11:10:00-08:00,Red Table,10,False
176,61776,Tech Ninja,match,20,2025-11-08 13:40:00-08:00,Red Table,10,False
176,61776,Tech Ninja,match,36,2025-11-08 16:35:00-08:00,Blue Table,10,False
176,66075,TechTitans,match,8,2025-11-08 10:30:00-08:00,Red Table,10,True
176,66075,TechTitans,match,14,2025-11-08 11:45:00-08:00,Red Table,10,False
176,66075,TechTitans,match,26,2025-11-08 14:45:00-08:00,Blue Table,10,False
176,66075,TechTitans,match,32,2025-11-08 15:55:00-08:00,Blue Table,10,False
176,68960,Seismic Cyborgs,match,2,2025-11-08 09:20:00-08:00,Blue Table,10,True
176,68960,Seismic Cyborgs,match,15,2025-11-08 11:55:00-08:00,Red Table,10,False
176,68960,Seismic Cyborgs,match,22,2025-11-08 14:00:00-08:00,Blue Table,10,False
176,68960,Seismic Cyborgs,match,30,2025-11-08 15:35:00-08:00,Red Table,10,False
176,71252,Lions,match,9,2025-11-08 10:40:00-08:00,Red Table,20,True
176,71252,Lions,match,13,2025-11-08 11:35:00-08:00,Blue Table,10,False
176,71252,Lions,match,25,2025-11-08 14:35:00-08:00,Red Table,10,False
176,71252,Lions,match,31,2025-11-08 15:45:00-08:00,Blue Table,10,False
176,71435,Servo Dei,match,1,2025-11-08 09:10:00-08:00,Red Table,10,True
176,71435,Servo Dei,match,15,2025-11-08 11:55:00-08:00,Blue Table,10,False
176,71435,Servo Dei,match,21,2025-11-08 13:50:00-08:00,Blue Table,10,False
176,71435,Servo Dei,match,28,2025-11-08 15:15:00-08:00,Red Table,10,False
176,71804,Astrobot,match,6,2025-11-08 10:05:00-08:00,Blue Table,15,True
176,71804,Astrobot,match,11,2025-11-08 11:10:00-08:00,Blue Table,10,False
176,71804,Astrobot,match,27,2025-11-08 14:55:00-08:00,Red Table,20,False
176,71804,Astrobot,match,35,2025-11-08 16:25:00-08:00,Red Table,10,False
176,72102,The Radical Robots,match,9,2025-11-08 10:40:00-08:00,Blue Table,20,True
176,72102,The Radical Robots,match,18,2025-11-08 13:10:00-08:00,Blue Table,20,False
176,72102,The Radical Robots,match,24,2025-11-08 14:25:00-08:00,Red Table,10,False
176,72102,The Radical Robots,match,32,2025-11-08 15:55:00-08:00,Red Table,10,False
176,72123,Dig Deep Discoverers,match,4,2025-11-08 09:45:00-08:00,Red Table,10,True
176,72123,Dig Deep Discoverers,match,10,2025-11-08 11:00:00-08:00,Blue Table,10,False
176,72123,Dig Deep Discoverers,match,27,2025-11-08 14:55:00-08:00,Blue Table,20,False
176,72123,Dig Deep Discoverers,match,34,2025-11-08 16:15:00-08:00,Red Table,10,False
176,72151,Miniona Jones,match,8,2025-11-08 10:30:00-08:00,Blue Table,10,True
176,72151,Miniona Jones,match,18,2025-11-08 13:10:00-08:00,Red Table,20,False
176,72151,Miniona Jones,match,25,2025-11-08 14:35:00-08:00,Blue Table,10,False
176,72151,Miniona Jones,match,33,2025-11-08 16:05:00-08:00,Red Table,10,False
176,72905,Argo Robotics Team 251,match,5,2025-11-08 09:55:00-08:00,Red Table,10,True
176,72905,Argo Robotics Team 251,match,12,2025-11-08 11:20:00-08:00,Red Table,15,False
176,72905,Argo Robotics Team 251,match,20,2025-11-08 13:40:00-08:00,Blue Table,10,False
176,72905,Argo Robotics Team 251,match,35,2025-11-08 16:25:00-08:00,Blue Table,10,False
177,2848,2848,match,5,2025-11-09 09:55:00-08:00,Red Table,10,True
177,2848,2848,match,12,2025-11-09 11:20:00-08:00,Red Table,15,False
177,2848,2848,match,20,2025-11-09 13:40:00-08:00,Blue Table,10,False
177,2848,2848,match,35,2025-11-09 16:25:00-08:00,Blue Table,10,False
177,7434,The Human Computers,match,7,2025-11-09 10:20:00-08:00,Blue Table,10,True
177,7434,The Human Computers,match,13,2025-11-09 11:35:00-08:00,Red Table,10,False
177,7434,The Human Computers,match,26,2025-11-09 14:45:00-08:00,Red Table,10,False
177,7434,The Human Computers,match,33,2025-11-09 16:05:00-08:00,Blue Table,10,False
177,20915,TroBots,match,7,2025-11-09 10:20:00-08:00,Red Table,10,True
177,20915,TroBots,match,17,2025-11-09 13:00:00-08:00,Blue Table,10,False
177,20915,TroBots,match,24,2025-11-09 14:25:00-08:00,Blue Table,10,False
177,20915,TroBots,match,31,2025-11-09 15:45:00-08:00,Red Table,10,False
177,57382,RoboRise,match,2,2025-11-09 09:20:00-08:00,Red Table,10,True
177,57382,RoboRise,match,16,2025-11-09 12:05:00-08:00,Red Table,55,False
177,57382,RoboRise,match,23,2025-11-09 14:10:00-08:00,Blue Table,15,False
177,57382,RoboRise,match,29,2025-11-09 15:25:00-08:00,Blue Table,10,False
177,60702,Robochickens,match,4,2025-11-09 09:45:00-08:00,Blue Table,10,True
177,60702,Robochickens,match,11,2025-11-09 11:10:00-08:00,Red Table,10,False
177,60702,Robochickens,match,20,2025-11-09 13:40:00-08:00,Red Table,10,False
177,60702,Robochickens,match,36,2025-11-09 16:35:00-08:00,Blue Table,10,False
177,65020,The Golden Huskies,match,1,2025-11-09 09:10:00-08:00,Red Table,10,True
177,65020,The Golden Huskies,match,15,2025-11-09 11:55:00-08:00,Blue Table,10,False
177,65020,The Golden Huskies,match,21,2025-11-09 13:50:00-08:00,Blue Table,10,False
177,65020,The Golden Huskies,match,28,2025-11-09 15:15:00-08:00,Red Table,10,False
177,65065,INNO BOTS,match,3,2025-11-09 09:30:00-08:00,Red Table,15,True
177,65065,INNO BOTS,match,16,2025-11-09 12:05:00-08:00,Blue Table,55,False
177,65065,INNO BOTS,match,22,2025-11-09 14:00:00-08:00,Red Table,10,False
177,65065,INNO BOTS,match,28,2025-11-09 15:15:00-08:00,Blue Table,10,False
177,65072,Master Builders,match,8,2025-11-09 10:30:00-08:00,Blue Table,10,True
177,65072,Master Builders,match,18,2025-11-09 13:10:00-08:00,Red Table,20,False
177,65072,Master Builders,match,25,2025-11-09 14:35:00-08:00,Blue Table,10,False
177,65072,Master Builders,match,33,2025-11-09 16:05:00-08:00,Red Table,10,False
177,65193,Worm Hole,match,2,2025-11-09 09:20:00-08:00,Blue Table,10,True
177,65193,Worm Hole,match,15,2025-11-09 11:55:00-08:00,Red Table,10,False
177,65193,Worm Hole,match,22,2025-11-09 14:00:00-08:00,Blue Table,10,False
177,65193,Worm Hole,match,30,2025-11-09 15:35:00-08:00,Red Table,10,False
177,67092,Flame Bots,match,6,2025-11-09 10:05:00-08:00,Blue Table,15,True
177,67092,Flame Bots,match,11,2025-11-09 11:10:00-08:00,Blue Table,10,False
177,67092,Flame Bots,match,27,2025-11-09 14:55:00-08:00,Red Table,20,False
177,67092,Flame Bots,match,35,2025-11-09 16:25:00-08:00,Red Table,10,False
177,67232,Terminators,match,5,2025-11-09 09:55:00-08:00,Blue Table,10,True
177,67232,Terminators,match,10,2025-11-09 11:00:00-08:00,Red Table,10,False
177,67232,Terminators,match,19,2025-11-09 13:30:00-08:00,Blue Table,10,False
177,67232,Terminators,match,36,2025-11-09 16:35:00-08:00,Red Table,10,False
177,67840,The Submarine SharkBots,match,8,2025-11-09 10:30:00-08:00,Red Table,10,True
177,67840,The Submarine SharkBots,match,14,2025-11-09 11:45:00-08:00,Red Table,10,False
177,67840,The Submarine SharkBots,match,26,2025-11-09 14:45:00-08:00,Blue Table,10,False
177,67840,The Submarine SharkBots,match,32,2025-11-09 15:55:00-08:00,Blue Table,10,False
177,69118,The Eggsplorers,match,4,2025-11-09 09:45:00-08:00,Red Table,10,True
177,69118,The Eggsplorers,match,10,2025-11-09 11:00:00-08:00,Blue Table,10,False
177,69118,The Eggsplorers,match,27,2025-11-09 14:55:00-08:00,Blue Table,20,False
177,69118,The Eggsplorers,match,34,2025-11-09 16:15:00-08:00,Red Table,10,False
177,69281,The RoboSnailRabbits,match,6,2025-11-09 10:05:00-08:00,Red Table,15,True
177,69281,The RoboSnailRabbits,match,12,2025-11-09 11:20:00-08:00,Blue Table,15,False
177,69281,The RoboSnailRabbits,match,19,2025-11-09 13:30:00-08:00,Red Table,10,False
177,69281,The RoboSnailRabbits,match,34,2025-11-09 16:15:00-08:00,Blue Table,10,False
177,71606,Lego Legends,match,1,2025-11-09 09:10:00-08:00,Blue Table,10,True
177,71606,Lego Legends,match,17,2025-11-09 13:00:00-08:00,Red Table,10,False
177,71606,Lego Legends,match,23,2025-11-09 14:10:00-08:00,Red Table,15,False
177,71606,Lego Legends,match,30,2025-11-09 15:35:00-08:00,Blue Table,10,False
177,72055,Almaden Ninjas,match,9,2025-11-09 10:40:00-08:00,Red Table,20,True
177,72055,Almaden Ninjas,match,13,2025-11-09 11:35:00-08:00,Blue Table,10,False
177,72055,Almaden Ninjas,match,25,2025-11-09 14:35:00-08:00,Red Table,10,False
177,72055,Almaden Ninjas,match,31,2025-11-09 15:45:00-08:00,Blue Table,10,False
177,72670,SPHINX,match,9,2025-11-09 10:40:00-08:00,Blue Table,20,True
177,72670,SPHINX,match,18,2025-11-09 13:10:00-08:00,Blue Table,20,False
177,72670,SPHINX,match,24,2025-11-09 14:25:00-08:00,Red Table,10,False
177,72670,SPHINX,match,32,2025-11-09 15:55:00-08:00,Red Table,10,False
177,74114,LEGONEERS,match,3,2025-11-09 09:30:00-08:00,Blue Table,15,True
177,74114,LEGONEERS,match,14,2025-11-09 11:45:00-08:00,Blue Table,10,False
177,74114,LEGONEERS,match,21,2025-11-09 13:50:00-08:00,Red Table,10,False
177,74114,LEGONEERS,match,29,2025-11-09 15:25:00-08:00,Red Table,10,False
178,17493,17493,match,5,2025-11-15 10:15:00-08:00,TABLE A,15,True
178,17493,17493,match,8,2025-11-15 11:10:00-08:00,TABLE A,15,False
178,17493,17493,match,16,2025-11-15 13:50:00-08:00,TABLE B,15,False
178,17493,17493,match,22,2025-11-15 15:35:00-08:00,TABLE B,10,False
178,25573,25573,match,6,2025-11-15 10:30:00-08:00,TABLE B,30,True
178,25573,25573,match,8,2025-11-15 11:10:00-08:00,TABLE B,15,False
178,25573,25573,match,18,2025-11-15 14:15:00-08:00,TABLE A,45,False
178,25573,25573,match,24,2025-11-15 15:55:00-08:00,TABLE A,10,False
178,61949,Ultraviolet,match,4,2025-11-15 10:00:00-08:00,TABLE A,15,True
178,61949,Ultraviolet,match,7,2025-11-15 11:00:00-08:00,TABLE B,10,False
178,61949,Ultraviolet,match,18,2025-11-15 14:15:00-08:00,TABLE B,45,False
178,61949,Ultraviolet,match,22,2025-11-15 15:35:00-08:00,TABLE A,10,False
178,66137,Build Guild - SBR,match,4,2025-11-15 10:00:00-08:00,TABLE B,15,True
178,66137,Build Guild - SBR,match,9,2025-11-15 11:25:00-08:00,TABLE A,10,False
178,66137,Build Guild - SBR,match,17,2025-11-15 14:05:00-08:00,TABLE A,10,False
178,66137,Build Guild - SBR,match,24,2025-11-15 15:55:00-08:00,TABLE B,10,False
178,66444,CyberPirates,match,6,2025-11-15 10:30:00-08:00,TABLE A,30,True
178,66444,CyberPirates,match,9,2025-11-15 11:25:00-08:00,TABLE B,10,False
178,66444,CyberPirates,match,16,2025-11-15 13:50:00-08:00,TABLE A,15,False
178,66444,CyberPirates,match,23,2025-11-15 15:45:00-08:00,TABLE B,10,False
178,71128,MidKnight Marvels,match,3,2025-11-15 09:45:00-08:00,TABLE A,15,True
178,71128,MidKnight Marvels,match,12,2025-11-15 12:00:00-08:00,TABLE B,75,False
178,71128,MidKnight Marvels,match,15,2025-11-15 13:40:00-08:00,TABLE A,10,False
178,71128,MidKnight Marvels,match,20,2025-11-15 15:10:00-08:00,TABLE B,10,False
178,72298,Muir Robotics Gold,match,1,2025-11-15 09:15:00-08:00,TABLE A,15,True
178,72298,Muir Robotics Gold,match,10,2025-11-15 11:35:00-08:00,TABLE B,15,False
178,72298,Muir Robotics Gold,match,13,2025-11-15 13:15:00-08:00,TABLE B,10,False
178,72298,Muir Robotics Gold,match,19,2025-11-15 15:00:00-08:00,TABLE A,10,False
178,72366,Muir Robotics Blue,match,1,2025-11-15 09:15:00-08:00,TABLE B,15,True
178,72366,Muir Robotics Blue,match,12,2025-11-15 12:00:00-08:00,TABLE A,75,False
178,72366,Muir Robotics Blue,match,14,2025-11-15 13:25:00-08:00,TABLE A,15,False
178,72366,Muir Robotics Blue,match,21,2025-11-15 15:20:00-08:00,TABLE B,15,False
178,72371,SBR TEAM RED,match,3,2025-11-15 09:45:00-08:00,TABLE B,15,True
178,72371,SBR TEAM RED,match,11,2025-11-15 11:50:00-08:00,TABLE B,10,False
178,72371,SBR TEAM RED,match,13,2025-11-15 13:15:00-08:00,TABLE A,10,False
178,72371,SBR TEAM RED,match,21,2025-11-15 15:20:00-08:00,TABLE A,15,False
178,72379,SBR TEAM ORANGE,match,2,2025-11-15 09:30:00-08:00,TABLE A,15,True
178,72379,SBR TEAM ORANGE,match,11,2025-11-15 11:50:00-08:00,TABLE A,10,False
178,72379,SBR TEAM ORANGE,match,15,2025-11-15 13:40:00-08:00,TABLE B,10,False
178,72379,SBR TEAM ORANGE,match,19,2025-11-15 15:00:00-08:00,TABLE B,10,False
178,72380,SBR TEAM GREEN,match,2,2025-11-15 09:30:00-08:00,TABLE B,15,True
178,72380,SBR TEAM GREEN,match,10,2025-11-15 11:35:00-08:00,TABLE A,15,False
178,72380,SBR TEAM GREEN,match,14,2025-11-15 13:25:00-08:00,TABLE B,15,False
178,72380,SBR TEAM GREEN,match,20,2025-11-15 15:10:00-08:00,TABLE A,10,False
178,72909,Argo Robotics Team 255,match,5,2025-11-15 10:15:00-08:00,TABLE B,15,True
178,72909,Argo Robotics Team 255,match,7,2025-11-15 11:00:00-08:00,TABLE A,10,False
178,72909,Argo Robotics Team 255,match,17,2025-11-15 14:05:00-08:00,TABLE B,10,False
178,72909,Argo Robotics Team 255,match,23,2025-11-15 15:45:00-08:00,TABLE A,10,False
179,25571,2847,match,5,2025-11-09 09:55:00-08:00,Blue Table,10,True
179,25571,2847,match,10,2025-11-09 11:00:00-08:00,Red Table,10,False
179,25571,2847,match,19,2025-11-09 13:30:00-08:00,Blue Table,10,False
179,25571,2847,match,36,2025-11-09 16:35:00-08:00,Red Table,10,False
179,38159,Otterly Awesome,match,1,2025-11-09 09:10:00-08:00,Blue Table,10,True
179,38159,Otterly Awesome,match,17,2025-11-09 13:00:00-08:00,Red Table,10,False
179,38159,Otterly Awesome,match,23,2025-11-09 14:10:00-08:00,Red Table,15,False
179,38159,Otterly Awesome,match,30,2025-11-09 15:35:00-08:00,Blue Table,10,False
179,52363,TerraBytes,match,4,2025-11-09 09:45:00-08:00,Blue Table,10,True
179,52363,TerraBytes,match,11,2025-11-09 11:10:00-08:00,Red Table,10,False
179,52363,TerraBytes,match,20,2025-11-09 13:40:00-08:00,Red Table,10,False
179,52363,TerraBytes,match,36,2025-11-09 16:35:00-08:00,Blue Table,10,False
179,58828,ShortCircuit,match,2,2025-11-09 09:20:00-08:00,Blue Table,10,True
179,58828,ShortCircuit,match,15,2025-11-09 11:55:00-08:00,Red Table,10,False
179,58828,ShortCircuit,match,22,2025-11-09 14:00:00-08:00,Blue Table,10,False
179,58828,ShortCircuit,match,30,2025-11-09 15:35:00-08:00,Red Table,10,False
179,60868,iBots,match,6,2025-11-09 10:05:00-08:00,Blue Table,15,True
179,60868,iBots,match,11,2025-11-09 11:10:00-08:00,Blue Table,10,False
179,60868,iBots,match,27,2025-11-09 14:55:00-08:00,Red Table,20,False
179,60868,iBots,match,35,2025-11-09 16:25:00-08:00,Red Table,10,False
179,61611,Electro-Phoenix,match,6,2025-11-09 10:05:00-08:00,Red Table,15,True
179,61611,Electro-Phoenix,match,12,2025-11-09 11:20:00-08:00,Blue Table,15,False
179,61611,Electro-Phoenix,match,19,2025-11-09 13:30:00-08:00,Red Table,10,False
179,61611,Electro-Phoenix,match,34,2025-11-09 16:15:00-08:00,Blue Table,10,False
179,64672,MechaBotz,match,8,2025-11-09 10:30:00-08:00,Blue Table,10,True
179,64672,MechaBotz,match,18,2025-11-09 13:10:00-08:00,Red Table,20,False
179,64672,MechaBotz,match,25,2025-11-09 14:35:00-08:00,Blue Table,10,False
179,64672,MechaBotz,match,33,2025-11-09 16:05:00-08:00,Red Table,10,False
179,65258,CrypticButterflies,match,9,2025-11-09 10:40:00-08:00,Red Table,20,True
179,65258,CrypticButterflies,match,13,2025-11-09 11:35:00-08:00,Blue Table,10,False
179,65258,CrypticButterflies,match,25,2025-11-09 14:35:00-08:00,Red Table,10,False
179,65258,CrypticButterflies,match,31,2025-11-09 15:45:00-08:00,Blue Table,10,False
179,65278,Hydrobots,match,3,2025-11-09 09:30:00-08:00,Blue Table,15,True
179,65278,Hydrobots,match,14,2025-11-09 11:45:00-08:00,Blue Table,10,False
179,65278,Hydrobots,match,21,2025-11-09 13:50:00-08:00,Red Table,10,False
179,65278,Hydrobots,match,29,2025-11-09 15:25:00-08:00,Red Table,10,False
179,65783,AI 4 Future,match,4,2025-11-09 09:45:00-08:00,Red Table,10,True
179,65783,AI 4 Future,match,10,2025-11-09 11:00:00-08:00,Blue Table,10,False
179,65783,AI 4 Future,match,27,2025-11-09 14:55:00-08:00,Blue Table,20,False
179,65783,AI 4 Future,match,34,2025-11-09 16:15:00-08:00,Red Table,10,False
179,66511,Tech Titans,match,1,2025-11-09 09:10:00-08:00,Red Table,10,True
179,66511,Tech Titans,match,15,2025-11-09 11:55:00-08:00,Blue Table,10,False
179,66511,Tech Titans,match,21,2025-11-09 13:50:00-08:00,Blue Table,10,False
179,66511,Tech Titans,match,28,2025-11-09 15:15:00-08:00,Red Table,10,False
179,67213,Quail Run Warriors,match,7,2025-11-09 10:20:00-08:00,Blue Table,10,True
179,67213,Quail Run Warriors,match,13,2025-11-09 11:35:00-08:00,Red Table,10,False
179,67213,Quail Run Warriors,match,26,2025-11-09 14:45:00-08:00,Red Table,10,False
179,67213,Quail Run Warriors,match,33,2025-11-09 16:05:00-08:00,Blue Table,10,False
179,67473,Relic Raiders,match,2,2025-11-09 09:20:00-08:00,Red Table,10,True
179,67473,Relic Raiders,match,16,2025-11-09 12:05:00-08:00,Red Table,55,False
179,67473,Relic Raiders,match,23,2025-11-09 14:10:00-08:00,Blue Table,15,False
179,67473,Relic Raiders,match,29,2025-11-09 15:25:00-08:00,Blue Table,10,False
179,67745,Dig 4 Future,match,8,2025-11-09 10:30:00-08:00,Red Table,10,True
179,67745,Dig 4 Future,match,14,2025-11-09 11:45:00-08:00,Red Table,10,False
179,67745,Dig 4 Future,match,26,2025-11-09 14:45:00-08:00,Blue Table,10,False
179,67745,Dig 4 Future,match,32,2025-11-09 15:55:00-08:00,Blue Table,10,False
179,71799,Codemanders,match,5,2025-11-09 09:55:00-08:00,Red Table,10,True
179,71799,Codemanders,match,12,2025-11-09 11:20:00-08:00,Red Table,15,False
179,71799,Codemanders,match,20,2025-11-09 13:40:00-08:00,Blue Table,10,False
179,71799,Codemanders,match,35,2025-11-09 16:25:00-08:00,Blue Table,10,False
179,72627,Brick Explorers,match,9,2025-11-09 10:40:00-08:00,Blue Table,20,True
179,72627,Brick Explorers,match,18,2025-11-09 13:10:00-08:00,Blue Table,20,False
179,72627,Brick Explorers,match,24,2025-11-09 14:25:00-08:00,Red Table,10,False
179,72627,Brick Explorers,match,32,2025-11-09 15:55:00-08:00,Red Table,10,False
179,73005,Cougar Bots 2025,match,3,2025-11-09 09:30:00-08:00,Red Table,15,True
179,73005,Cougar Bots 2025,match,16,2025-11-09 12:05:00-08:00,Blue Table,55,False
179,73005,Cougar Bots 2025,match,22,2025-11-09 14:00:00-08:00,Red Table,10,False
179,73005,Cougar Bots 2025,match,28,2025-11-09 15:15:00-08:00,Blue Table,10,False
179,73520,Data Miners,match,7,2025-11-09 10:20:00-08:00,Red Table,10,True
179,73520,Data Miners,match,17,2025-11-09 13:00:00-08:00,Blue Table,10,False
179,73520,Data Miners,match,24,2025-11-09 14:25:00-08:00,Blue Table,10,False
179,73520,Data Miners,match,31,2025-11-09 15:45:00-08:00,Red Table,10,False
180,7460,Tiger Robotics 4,match,5,2025-11-15 09:55:00-08:00,Blue Table,10,True
180,7460,Tiger Robotics 4,match,10,2025-11-15 11:00:00-08:00,Red Table,10,False
180,7460,Tiger Robotics 4,match,19,2025-11-15 13:30:00-08:00,Blue Table,10,False
180,7460,Tiger Robotics 4,match,36,2025-11-15 16:35:00-08:00,Red Table,10,False
180,29151,Tiger Robotics 3,match,2,2025-11-15 09:20:00-08:00,Blue Table,10,True
180,29151,Tiger Robotics 3,match,15,2025-11-15 11:55:00-08:00,Red Table,10,False
180,29151,Tiger Robotics 3,match,22,2025-11-15 14:00:00-08:00,Blue Table,10,False
180,29151,Tiger Robotics 3,match,30,2025-11-15 15:35:00-08:00,Red Table,10,False
180,37489,FLL-C 37489,match,2,2025-11-15 09:20:00-08:00,Red Table,10,True
180,37489,FLL-C 37489,match,16,2025-11-15 12:05:00-08:00,Red Table,55,False
180,37489,FLL-C 37489,match,23,2025-11-15 14:10:00-08:00,Blue Table,15,False
180,37489,FLL-C 37489,match,29,2025-11-15 15:25:00-08:00,Blue Table,10,False
180,40997,Denman Robotics,match,1,2025-11-15 09:10:00-08:00,Blue Table,10,True
180,40997,Denman Robotics,match,17,2025-11-15 13:00:00-08:00,Red Table,10,False
180,40997,Denman Robotics,match,23,2025-11-15 14:10:00-08:00,Red Table,15,False
180,40997,Denman Robotics,match,30,2025-11-15 15:35:00-08:00,Blue Table,10,False
180,45629,Dragon Bots,match,4,2025-11-15 09:45:00-08:00,Red Table,10,True
180,45629,Dragon Bots,match,10,2025-11-15 11:00:00-08:00,Blue Table,10,False
180,45629,Dragon Bots,match,27,2025-11-15 14:55:00-08:00,Blue Table,20,False
180,45629,Dragon Bots,match,34,2025-11-15 16:15:00-08:00,Red Table,10,False
180,52090,Canary1,match,6,2025-11-15 10:05:00-08:00,Blue Table,15,True
180,52090,Canary1,match,11,2025-11-15 11:10:00-08:00,Blue Table,10,False
180,52090,Canary1,match,27,2025-11-15 14:55:00-08:00,Red Table,20,False
180,52090,Canary1,match,35,2025-11-15 16:25:00-08:00,Red Table,10,False
180,52943,Digital Dolphins GREEN TEAM,match,1,2025-11-15 09:10:00-08:00,Red Table,10,True
180,52943,Digital Dolphins GREEN TEAM,match,15,2025-11-15 11:55:00-08:00,Blue Table,10,False
180,52943,Digital Dolphins GREEN TEAM,match,21,2025-11-15 13:50:00-08:00,Blue Table,10,False
180,52943,Digital Dolphins GREEN TEAM,match,28,2025-11-15 15:15:00-08:00,Red Table,10,False
180,52944,Digital Dolphins BLUE TEAM,match,3,2025-11-15 09:30:00-08:00,Red Table,15,True
180,52944,Digital Dolphins BLUE TEAM,match,16,2025-11-15 12:05:00-08:00,Blue Table,55,False
180,52944,Digital Dolphins BLUE TEAM,match,22,2025-11-15 14:00:00-08:00,Red Table,10,False
180,52944,Digital Dolphins BLUE TEAM,match,28,2025-11-15 15:15:00-08:00,Blue Table,10,False
180,53592,Tiger Robotics 1,match,7,2025-11-15 10:20:00-08:00,Blue Table,10,True
180,53592,Tiger Robotics 1,match,13,2025-11-15 11:35:00-08:00,Red Table,10,False
180,53592,Tiger Robotics 1,match,26,2025-11-15 14:45:00-08:00,Red Table,10,False
180,53592,Tiger Robotics 1,match,33,2025-11-15 16:05:00-08:00,Blue Table,10,False
180,57759,Digital Dolphins GREY TEAM,match,7,2025-11-15 10:20:00-08:00,Red Table,10,True
180,57759,Digital Dolphins GREY TEAM,match,17,2025-11-15 13:00:00-08:00,Blue Table,10,False
180,57759,Digital Dolphins GREY TEAM,match,24,2025-11-15 14:25:00-08:00,Blue Table,10,False
180,57759,Digital Dolphins GREY TEAM,match,31,2025-11-15 15:45:00-08:00,Red Table,10,False
180,66219,CougarBots,match,8,2025-11-15 10:30:00-08:00,Blue Table,10,True
180,66219,CougarBots,match,18,2025-11-15 13:10:00-08:00,Red Table,20,False
180,66219,CougarBots,match,25,2025-11-15 14:35:00-08:00,Blue Table,10,False
180,66219,CougarBots,match,33,2025-11-15 16:05:00-08:00,Red Table,10,False
180,67216,Submersiwolves,match,6,2025-11-15 10:05:00-08:00,Red Table,15,True
180,67216,Submersiwolves,match,12,2025-11-15 11:20:00-08:00,Blue Table,15,False
180,67216,Submersiwolves,match,19,2025-11-15 13:30:00-08:00,Red Table,10,False
180,67216,Submersiwolves,match,34,2025-11-15 16:15:00-08:00,Blue Table,10,False
180,68218,Tiger Robotics 5,match,4,2025-11-15 09:45:00-08:00,Blue Table,10,True
180,68218,Tiger Robotics 5,match,11,2025-11-15 11:10:00-08:00,Red Table,10,False
180,68218,Tiger Robotics 5,match,20,2025-11-15 13:40:00-08:00,Red Table,10,False
180,68218,Tiger Robotics 5,match,36,2025-11-15 16:35:00-08:00,Blue Table,10,False
180,68910,Digital Dolphins - YELLOW TEAM,match,9,2025-11-15 10:40:00-08:00,Red Table,20,True
180,68910,Digital Dolphins - YELLOW TEAM,match,13,2025-11-15 11:35:00-08:00,Blue Table,10,False
180,68910,Digital Dolphins - YELLOW TEAM,match,25,2025-11-15 14:35:00-08:00,Red Table,10,False
180,68910,Digital Dolphins - YELLOW TEAM,match,31,2025-11-15 15:45:00-08:00,Blue Table,10,False
180,69000,King Khai Robotics,match,5,2025-11-15 09:55:00-08:00,Red Table,10,True
180,69000,King Khai Robotics,match,12,2025-11-15 11:20:00-08:00,Red Table,15,False
180,69000,King Khai Robotics,match,20,2025-11-15 13:40:00-08:00,Blue Table,10,False
180,69000,King Khai Robotics,match,35,2025-11-15 16:25:00-08:00,Blue Table,10,False
180,69977,FireDragons of CAIS,match,9,2025-11-15 10:40:00-08:00,Blue Table,20,True
180,69977,FireDragons of CAIS,match,18,2025-11-15 13:10:00-08:00,Blue Table,20,False
180,69977,FireDragons of CAIS,match,24,2025-11-15 14:25:00-08:00,Red Table,10,False
180,69977,FireDragons of CAIS,match,32,2025-11-15 15:55:00-08:00,Red Table,10,False
180,72833,Mckinely1,match,8,2025-11-15 10:30:00-08:00,Red Table,10,True
180,72833,Mckinely1,match,14,2025-11-15 11:45:00-08:00,Red Table,10,False
180,72833,Mckinely1,match,26,2025-11-15 14:45:00-08:00,Blue Table,10,False
180,72833,Mckinely1,match,32,2025-11-15 15:55:00-08:00,Blue Table,10,False
180,72904,Tiger Robotics 6,match,3,2025-11-15 09:30:00-08:00,Blue Table,15,True
180,72904,Tiger Robotics 6,match,14,2025-11-15 11:45:00-08:00,Blue Table,10,False
180,72904,Tiger Robotics 6,match,21,2025-11-15 13:50:00-08:00,Red Table,10,False
180,72904,Tiger Robotics 6,match,29,2025-11-15 15:25:00-08:00,Red Table,10,False
181,752,Almaden Minors,match,6,2025-11-15 10:15:00-08:00,Red  R2,25,True
181,752,Almaden Minors,match,9,2025-11-15 11:05:00-08:00,Blue  B1,10,False
181,752,Almaden Minors,match,14,2025-11-15 13:15:00-08:00,Blue  B2,15,False
181,752,Almaden Minors,match,24,2025-11-15 15:25:00-08:00,Red  R1,10,False
181,52522,Heat Hackers,match,2,2025-11-15 09:25:00-08:00,Blue  B1,15,True
181,52522,Heat Hackers,match,12,2025-11-15 11:40:00-08:00,Blue  B2,85,False
181,52522,Heat Hackers,match,16,2025-11-15 13:40:00-08:00,Red  R1,15,False
181,52522,Heat Hackers,match,20,2025-11-15 14:45:00-08:00,Red  R2,10,False
181,60502,CodeBreakerz,match,3,2025-11-15 09:40:00-08:00,Red  R1,10,True
181,60502,CodeBreakerz,match,7,2025-11-15 10:40:00-08:00,Red  R2,10,False
181,60502,CodeBreakerz,match,18,2025-11-15 14:05:00-08:00,Blue  B1,30,False
181,60502,CodeBreakerz,match,22,2025-11-15 15:05:00-08:00,Blue  B2,10,False
181,60514,The Time Travellers,match,4,2025-11-15 09:50:00-08:00,Red  R1,15,True
181,60514,The Time Travellers,match,8,2025-11-15 10:50:00-08:00,Red  R2,15,False
181,60514,The Time Travellers,match,17,2025-11-15 13:55:00-08:00,Blue  B1,10,False
181,60514,The Time Travellers,match,21,2025-11-15 14:55:00-08:00,Blue  B2,10,False
181,60533,Crypt Coders,match,5,2025-11-15 10:05:00-08:00,Red  R1,10,True
181,60533,Crypt Coders,match,9,2025-11-15 11:05:00-08:00,Red  R2,10,False
181,60533,Crypt Coders,match,14,2025-11-15 13:15:00-08:00,Blue  B1,15,False
181,60533,Crypt Coders,match,24,2025-11-15 15:25:00-08:00,Blue  B2,10,False
181,60869,Techno Troopers,match,6,2025-11-15 10:15:00-08:00,Red  R1,25,True
181,60869,Techno Troopers,match,10,2025-11-15 11:15:00-08:00,Red  R2,15,False
181,60869,Techno Troopers,match,13,2025-11-15 13:05:00-08:00,Blue  B1,10,False
181,60869,Techno Troopers,match,23,2025-11-15 15:15:00-08:00,Blue  B2,10,False
181,64638,Brain Bots,match,5,2025-11-15 10:05:00-08:00,Blue  B2,10,True
181,64638,Brain Bots,match,9,2025-11-15 11:05:00-08:00,Red  R1,10,False
181,64638,Brain Bots,match,14,2025-11-15 13:15:00-08:00,Red  R2,15,False
181,64638,Brain Bots,match,23,2025-11-15 15:15:00-08:00,Blue  B1,10,False
181,64698,ROAR,match,2,2025-11-15 09:25:00-08:00,Red  R2,15,True
181,64698,ROAR,match,11,2025-11-15 11:30:00-08:00,Blue  B1,10,False
181,64698,ROAR,match,16,2025-11-15 13:40:00-08:00,Blue  B2,15,False
181,64698,ROAR,match,20,2025-11-15 14:45:00-08:00,Red  R1,10,False
181,67086,Any Fling,match,3,2025-11-15 09:40:00-08:00,Red  R2,10,True
181,67086,Any Fling,match,8,2025-11-15 10:50:00-08:00,Blue  B1,15,False
181,67086,Any Fling,match,17,2025-11-15 13:55:00-08:00,Blue  B2,10,False
181,67086,Any Fling,match,21,2025-11-15 14:55:00-08:00,Red  R1,10,False
181,67289,Electric Eels,match,4,2025-11-15 09:50:00-08:00,Red  R2,15,True
181,67289,Electric Eels,match,7,2025-11-15 10:40:00-08:00,Blue  B1,10,False
181,67289,Electric Eels,match,18,2025-11-15 14:05:00-08:00,Blue  B2,30,False
181,67289,Electric Eels,match,22,2025-11-15 15:05:00-08:00,Red  R1,10,False
181,67635,Mission LEGO Legends,match,4,2025-11-15 09:50:00-08:00,Blue  B2,15,True
181,67635,Mission LEGO Legends,match,8,2025-11-15 10:50:00-08:00,Red  R1,15,False
181,67635,Mission LEGO Legends,match,17,2025-11-15 13:55:00-08:00,Red  R2,10,False
181,67635,Mission LEGO Legends,match,22,2025-11-15 15:05:00-08:00,Blue  B1,10,False
181,67813,Gears in Motion,match,1,2025-11-15 09:15:00-08:00,Blue  B2,10,True
181,67813,Gears in Motion,match,11,2025-11-15 11:30:00-08:00,Red  R1,10,False
181,67813,Gears in Motion,match,16,2025-11-15 13:40:00-08:00,Red  R2,15,False
181,67813,Gears in Motion,match,19,2025-11-15 14:35:00-08:00,Blue  B1,10,False
181,68575,Titan-Botics,match,5,2025-11-15 10:05:00-08:00,Blue  B1,10,True
181,68575,Titan-Botics,match,9,2025-11-15 11:05:00-08:00,Blue  B2,10,False
181,68575,Titan-Botics,match,13,2025-11-15 13:05:00-08:00,Red  R1,10,False
181,68575,Titan-Botics,match,23,2025-11-15 15:15:00-08:00,Red  R2,10,False
181,69207,Depth,match,1,2025-11-15 09:15:00-08:00,Red  R1,10,True
181,69207,Depth,match,11,2025-11-15 11:30:00-08:00,Red  R2,10,False
181,69207,Depth,match,16,2025-11-15 13:40:00-08:00,Blue  B1,15,False
181,69207,Depth,match,20,2025-11-15 14:45:00-08:00,Blue  B2,10,False
181,69218,Big Cheezus,match,6,2025-11-15 10:15:00-08:00,Blue  B2,25,True
181,69218,Big Cheezus,match,10,2025-11-15 11:15:00-08:00,Red  R1,15,False
181,69218,Big Cheezus,match,13,2025-11-15 13:05:00-08:00,Red  R2,10,False
181,69218,Big Cheezus,match,24,2025-11-15 15:25:00-08:00,Blue  B1,10,False
181,71101,BotSpark,match,1,2025-11-15 09:15:00-08:00,Blue  B1,10,True
181,71101,BotSpark,match,11,2025-11-15 11:30:00-08:00,Blue  B2,10,False
181,71101,BotSpark,match,15,2025-11-15 13:30:00-08:00,Red  R1,10,False
181,71101,BotSpark,match,19,2025-11-15 14:35:00-08:00,Red  R2,10,False
181,71331,Next Team,match,6,2025-11-15 10:15:00-08:00,Blue  B1,25,True
181,71331,Next Team,match,10,2025-11-15 11:15:00-08:00,Blue  B2,15,False
181,71331,Next Team,match,14,2025-11-15 13:15:00-08:00,Red  R1,15,False
181,71331,Next Team,match,24,2025-11-15 15:25:00-08:00,Red  R2,10,False
181,71535,Logic Linked Fox,match,2,2025-11-15 09:25:00-08:00,Red  R1,15,True
181,71535,Logic Linked Fox,match,12,2025-11-15 11:40:00-08:00,Red  R2,85,False
181,71535,Logic Linked Fox,match,15,2025-11-15 13:30:00-08:00,Blue  B1,10,False
181,71535,Logic Linked Fox,match,19,2025-11-15 14:35:00-08:00,Blue  B2,10,False
181,71616, brick bots,match,3,2025-11-15 09:40:00-08:00,Blue  B1,10,True
181,71616, brick bots,match,7,2025-11-15 10:40:00-08:00,Blue  B2,10,False
181,71616, brick bots,match,17,2025-11-15 13:55:00-08:00,Red  R1,10,False
181,71616, brick bots,match,21,2025-11-15 14:55:00-08:00,Red  R2,10,False
181,71892,Tech Titans,match,1,2025-11-15 09:15:00-08:00,Red  R2,10,True
181,71892,Tech Titans,match,12,2025-11-15 11:40:00-08:00,Blue  B1,85,False
181,71892,Tech Titans,match,15,2025-11-15 13:30:00-08:00,Blue  B2,10,False
181,71892,Tech Titans,match,19,2025-11-15 14:35:00-08:00,Red  R1,10,False
181,72717,Robohawks,match,4,2025-11-15 09:50:00-08:00,Blue  B1,15,True
181,72717,Robohawks,match,8,2025-11-15 10:50:00-08:00,Blue  B2,15,False
181,72717,Robohawks,match,18,2025-11-15 14:05:00-08:00,Red  R1,30,False
181,72717,Robohawks,match,22,2025-11-15 15:05:00-08:00,Red  R2,10,False
181,72775,Bayarea Lego-nauts,match,5,2025-11-15 10:05:00-08:00,Red  R2,10,True
181,72775,Bayarea Lego-nauts,match,10,2025-11-15 11:15:00-08:00,Blue  B1,15,False
181,72775,Bayarea Lego-nauts,match,13,2025-11-15 13:05:00-08:00,Blue  B2,10,False
181,72775,Bayarea Lego-nauts,match,23,2025-11-15 15:15:00-08:00,Red  R1,10,False
181,72910,Argo Robotics Team 256,match,2,2025-11-15 09:25:00-08:00,Blue  B2,15,True
181,72910,Argo Robotics Team 256,match,12,2025-11-15 11:40:00-08:00,Red  R1,85,False
181,72910,Argo Robotics Team 256,match,15,2025-11-15 13:30:00-08:00,Red  R2,10,False
181,72910,Argo Robotics Team 256,match,20,2025-11-15 14:45:00-08:00,Blue  B1,10,False
181,73480,Tech Titans,match,3,2025-11-15 09:40:00-08:00,Blue  B2,10,True
181,73480,Tech Titans,match,7,2025-11-15 10:40:00-08:00,Red  R1,10,False
181,73480,Tech Titans,match,18,2025-11-15 14:05:00-08:00,Red  R2,30,False
181,73480,Tech Titans,match,21,2025-11-15 14:55:00-08:00,Blue  B1,10,False
182,60141,St. Anselm School Panthers,match,3,2026-04-19 09:45:00-07:00,TABLE B,10,True
182,60141,St. Anselm School Panthers,match,11,2026-04-19 11:50:00-07:00,TABLE B,10,False
182,60141,St. Anselm School Panthers,match,13,2026-04-19 13:15:00-07:00,TABLE A,10,False
182,60141,St. Anselm School Panthers,match,21,2026-04-19 15:20:00-07:00,TABLE A,10,False
182,65158,Tierra Linda,match,2,2026-04-19 09:30:00-07:00,TABLE A,10,True
182,65158,Tierra Linda,match,11,2026-04-19 11:50:00-07:00,TABLE A,10,False
182,65158,Tierra Linda,match,15,2026-04-19 13:40:00-07:00,TABLE B,10,False
182,65158,Tierra Linda,match,19,2026-04-19 15:00:00-07:00,TABLE B,10,False
182,66736,SAN RAMON ROBOS,match,1,2026-04-19 09:15:00-07:00,TABLE B,10,True
182,66736,SAN RAMON ROBOS,match,12,2026-04-19 12:00:00-07:00,TABLE A,10,False
182,66736,SAN RAMON ROBOS,match,14,2026-04-19 13:25:00-07:00,TABLE A,10,False
182,66736,SAN RAMON ROBOS,match,21,2026-04-19 15:20:00-07:00,TABLE B,10,False
182,71110,RobotiCi,match,1,2026-04-19 09:15:00-07:00,TABLE A,10,True
182,71110,RobotiCi,match,10,2026-04-19 11:35:00-07:00,TABLE B,10,False
182,71110,RobotiCi,match,13,2026-04-19 13:15:00-07:00,TABLE B,10,False
182,71110,RobotiCi,match,19,2026-04-19 15:00:00-07:00,TABLE A,10,False
182,71922,Pixelated Panthers,match,4,2026-04-19 10:00:00-07:00,TABLE B,10,True
182,71922,Pixelated Panthers,match,9,2026-04-19 11:25:00-07:00,TABLE A,10,False
182,71922,Pixelated Panthers,match,17,2026-04-19 14:05:00-07:00,TABLE A,10,False
182,71922,Pixelated Panthers,match,24,2026-04-19 15:55:00-07:00,TABLE B,10,False
182,72081,INNO BOTS 1,match,3,2026-04-19 09:45:00-07:00,TABLE A,10,True
182,72081,INNO BOTS 1,match,12,2026-04-19 12:00:00-07:00,TABLE B,10,False
182,72081,INNO BOTS 1,match,15,2026-04-19 13:40:00-07:00,TABLE A,10,False
182,72081,INNO BOTS 1,match,20,2026-04-19 15:10:00-07:00,TABLE B,10,False
182,72482,MWA Robotics Club,match,5,2026-04-19 10:15:00-07:00,TABLE B,10,True
182,72482,MWA Robotics Club,match,7,2026-04-19 11:00:00-07:00,TABLE A,10,False
182,72482,MWA Robotics Club,match,17,2026-04-19 14:05:00-07:00,TABLE B,10,False
182,72482,MWA Robotics Club,match,23,2026-04-19 15:45:00-07:00,TABLE A,10,False
182,72592,Fantastic Five,match,2,2026-04-19 09:30:00-07:00,TABLE B,10,True
182,72592,Fantastic Five,match,10,2026-04-19 11:35:00-07:00,TABLE A,10,False
182,72592,Fantastic Five,match,14,2026-04-19 13:25:00-07:00,TABLE B,10,False
182,72592,Fantastic Five,match,20,2026-04-19 15:10:00-07:00,TABLE A,10,False
182,73489,RoboBlachsters,match,6,2026-04-19 10:30:00-07:00,TABLE B,10,True
182,73489,RoboBlachsters,match,8,2026-04-19 11:10:00-07:00,TABLE B,10,False
182,73489,RoboBlachsters,match,18,2026-04-19 14:15:00-07:00,TABLE A,10,False
182,73489,RoboBlachsters,match,24,2026-04-19 15:55:00-07:00,TABLE A,10,False
182,74365,Master4Minds,match,4,2026-04-19 10:00:00-07:00,TABLE A,10,True
182,74365,Master4Minds,match,7,2026-04-19 11:00:00-07:00,TABLE B,10,False
182,74365,Master4Minds,match,18,2026-04-19 14:15:00-07:00,TABLE B,10,False
182,74365,Master4Minds,match,22,2026-04-19 15:35:00-07:00,TABLE A,10,False
182,74990,St. Anselm School Rookies,match,5,2026-04-19 10:15:00-07:00,TABLE A,10,True
182,74990,St. Anselm School Rookies,match,8,2026-04-19 11:10:00-07:00,TABLE A,10,False
182,74990,St. Anselm School Rookies,match,16,2026-04-19 13:50:00-07:00,TABLE B,10,False
182,74990,St. Anselm School Rookies,match,22,2026-04-19 15:35:00-07:00,TABLE B,10,False
182,75058,MegaBots,match,6,2026-04-19 10:30:00-07:00,TABLE A,10,True
182,75058,MegaBots,match,9,2026-04-19 11:25:00-07:00,TABLE B,10,False
182,75058,MegaBots,match,16,2026-04-19 13:50:00-07:00,TABLE A,10,False
182,75058,MegaBots,match,23,2026-04-19 15:45:00-07:00,TABLE B,10,False
183,17491,17491,match,7,2025-11-16 10:20:00-08:00,Blue Table,10,True
183,17491,17491,match,13,2025-11-16 11:35:00-08:00,Red Table,10,False
183,17491,17491,match,26,2025-11-16 14:45:00-08:00,Red Table,10,False
183,17491,17491,match,33,2025-11-16 16:05:00-08:00,Blue Table,10,False
183,37811,OwOls,match,4,2025-11-16 09:45:00-08:00,Red Table,10,True
183,37811,OwOls,match,10,2025-11-16 11:00:00-08:00,Blue Table,10,False
183,37811,OwOls,match,27,2025-11-16 14:55:00-08:00,Blue Table,20,False
183,37811,OwOls,match,34,2025-11-16 16:15:00-08:00,Red Table,10,False
183,39190,Owls,match,8,2025-11-16 10:30:00-08:00,Blue Table,10,True
183,39190,Owls,match,18,2025-11-16 13:10:00-08:00,Red Table,20,False
183,39190,Owls,match,25,2025-11-16 14:35:00-08:00,Blue Table,10,False
183,39190,Owls,match,33,2025-11-16 16:05:00-08:00,Red Table,10,False
183,47206,Owlz,match,6,2025-11-16 10:05:00-08:00,Blue Table,15,True
183,47206,Owlz,match,11,2025-11-16 11:10:00-08:00,Blue Table,10,False
183,47206,Owlz,match,27,2025-11-16 14:55:00-08:00,Red Table,20,False
183,47206,Owlz,match,35,2025-11-16 16:25:00-08:00,Red Table,10,False
183,51095,CreaTech,match,6,2025-11-16 10:05:00-08:00,Red Table,15,True
183,51095,CreaTech,match,12,2025-11-16 11:20:00-08:00,Blue Table,15,False
183,51095,CreaTech,match,19,2025-11-16 13:30:00-08:00,Red Table,10,False
183,51095,CreaTech,match,34,2025-11-16 16:15:00-08:00,Blue Table,10,False
183,60418,Hedgedroid,match,2,2025-11-16 09:20:00-08:00,Red Table,10,True
183,60418,Hedgedroid,match,16,2025-11-16 12:05:00-08:00,Red Table,55,False
183,60418,Hedgedroid,match,23,2025-11-16 14:10:00-08:00,Blue Table,15,False
183,60418,Hedgedroid,match,29,2025-11-16 15:25:00-08:00,Blue Table,10,False
183,65685,FLL-C 65685,match,8,2025-11-16 10:30:00-08:00,Red Table,10,True
183,65685,FLL-C 65685,match,14,2025-11-16 11:45:00-08:00,Red Table,10,False
183,65685,FLL-C 65685,match,26,2025-11-16 14:45:00-08:00,Blue Table,10,False
183,65685,FLL-C 65685,match,32,2025-11-16 15:55:00-08:00,Blue Table,10,False
183,66280,DELTABOTS,match,4,2025-11-16 09:45:00-08:00,Blue Table,10,True
183,66280,DELTABOTS,match,11,2025-11-16 11:10:00-08:00,Red Table,10,False
183,66280,DELTABOTS,match,20,2025-11-16 13:40:00-08:00,Red Table,10,False
183,66280,DELTABOTS,match,36,2025-11-16 16:35:00-08:00,Blue Table,10,False
183,67150,Coding Ninjas,match,1,2025-11-16 09:10:00-08:00,Red Table,10,True
183,67150,Coding Ninjas,match,15,2025-11-16 11:55:00-08:00,Blue Table,10,False
183,67150,Coding Ninjas,match,21,2025-11-16 13:50:00-08:00,Blue Table,10,False
183,67150,Coding Ninjas,match,28,2025-11-16 15:15:00-08:00,Red Table,10,False
183,67422,The Alameda Wild Turkey Gang,match,9,2025-11-16 10:40:00-08:00,Blue Table,20,True
183,67422,The Alameda Wild Turkey Gang,match,18,2025-11-16 13:10:00-08:00,Blue Table,20,False
183,67422,The Alameda Wild Turkey Gang,match,24,2025-11-16 14:25:00-08:00,Red Table,10,False
183,67422,The Alameda Wild Turkey Gang,match,32,2025-11-16 15:55:00-08:00,Red Table,10,False
183,70550,BionicPanthers,match,3,2025-11-16 09:30:00-08:00,Red Table,15,True
183,70550,BionicPanthers,match,16,2025-11-16 12:05:00-08:00,Blue Table,55,False
183,70550,BionicPanthers,match,22,2025-11-16 14:00:00-08:00,Red Table,10,False
183,70550,BionicPanthers,match,28,2025-11-16 15:15:00-08:00,Blue Table,10,False
183,71232,Aura100%,match,9,2025-11-16 10:40:00-08:00,Red Table,20,True
183,71232,Aura100%,match,13,2025-11-16 11:35:00-08:00,Blue Table,10,False
183,71232,Aura100%,match,25,2025-11-16 14:35:00-08:00,Red Table,10,False
183,71232,Aura100%,match,31,2025-11-16 15:45:00-08:00,Blue Table,10,False
183,71418,SALADS2025,match,5,2025-11-16 09:55:00-08:00,Red Table,10,True
183,71418,SALADS2025,match,12,2025-11-16 11:20:00-08:00,Red Table,15,False
183,71418,SALADS2025,match,20,2025-11-16 13:40:00-08:00,Blue Table,10,False
183,71418,SALADS2025,match,35,2025-11-16 16:25:00-08:00,Blue Table,10,False
183,71713,BuildHers,match,5,2025-11-16 09:55:00-08:00,Blue Table,10,True
183,71713,BuildHers,match,10,2025-11-16 11:00:00-08:00,Red Table,10,False
183,71713,BuildHers,match,19,2025-11-16 13:30:00-08:00,Blue Table,10,False
183,71713,BuildHers,match,36,2025-11-16 16:35:00-08:00,Red Table,10,False
183,71755,Avolving_Earthbots,match,3,2025-11-16 09:30:00-08:00,Blue Table,15,True
183,71755,Avolving_Earthbots,match,14,2025-11-16 11:45:00-08:00,Blue Table,10,False
183,71755,Avolving_Earthbots,match,21,2025-11-16 13:50:00-08:00,Red Table,10,False
183,71755,Avolving_Earthbots,match,29,2025-11-16 15:25:00-08:00,Red Table,10,False
183,71969,HUNTRX,match,1,2025-11-16 09:10:00-08:00,Blue Table,10,True
183,71969,HUNTRX,match,17,2025-11-16 13:00:00-08:00,Red Table,10,False
183,71969,HUNTRX,match,23,2025-11-16 14:10:00-08:00,Red Table,15,False
183,71969,HUNTRX,match,30,2025-11-16 15:35:00-08:00,Blue Table,10,False
183,72068,DVMS Robotics,match,7,2025-11-16 10:20:00-08:00,Red Table,10,True
183,72068,DVMS Robotics,match,17,2025-11-16 13:00:00-08:00,Blue Table,10,False
183,72068,DVMS Robotics,match,24,2025-11-16 14:25:00-08:00,Blue Table,10,False
183,72068,DVMS Robotics,match,31,2025-11-16 15:45:00-08:00,Red Table,10,False
183,72906,Argo Robotics Team 252,match,2,2025-11-16 09:20:00-08:00,Blue Table,10,True
183,72906,Argo Robotics Team 252,match,15,2025-11-16 11:55:00-08:00,Red Table,10,False
183,72906,Argo Robotics Team 252,match,22,2025-11-16 14:00:00-08:00,Blue Table,10,False
183,72906,Argo Robotics Team 252,match,30,2025-11-16 15:35:00-08:00,Red Table,10,False
185,10586,The Peanut Botters,match,6,2025-11-01 11:15:00-07:00,TABLE B,15,False
185,10586,The Peanut Botters,match,9,2025-11-01 13:15:00-07:00,TABLE A,15,False
185,10586,The Peanut Botters,match,13,2025-11-01 14:30:00-07:00,TABLE A,10,False
185,61167,Mighty 'Mine'ons,match,5,2025-11-01 11:00:00-07:00,TABLE B,15,False
185,61167,Mighty 'Mine'ons,match,10,2025-11-01 13:30:00-07:00,TABLE A,15,False
185,61167,Mighty 'Mine'ons,match,16,2025-11-01 15:00:00-07:00,TABLE A,10,False
185,64757,Brain Bot,match,7,2025-11-01 11:30:00-07:00,TABLE A,15,False
185,64757,Brain Bot,match,11,2025-11-01 13:45:00-07:00,TABLE B,15,False
185,64757,Brain Bot,match,15,2025-11-01 14:50:00-07:00,TABLE B,10,False
185,71805,Robo Crushers,match,5,2025-11-01 11:00:00-07:00,TABLE A,15,False
185,71805,Robo Crushers,match,9,2025-11-01 13:15:00-07:00,TABLE B,15,False
185,71805,Robo Crushers,match,15,2025-11-01 14:50:00-07:00,TABLE A,10,False
185,72207,St. Cecilia Robotics 8th Grade,match,8,2025-11-01 11:45:00-07:00,TABLE B,90,False
185,72207,St. Cecilia Robotics 8th Grade,match,11,2025-11-01 13:45:00-07:00,TABLE A,15,False
185,72207,St. Cecilia Robotics 8th Grade,match,13,2025-11-01 14:30:00-07:00,TABLE B,10,False
185,72610,Lightning Raiders,match,8,2025-11-01 11:45:00-07:00,TABLE A,90,False
185,72610,Lightning Raiders,match,12,2025-11-01 14:00:00-07:00,TABLE B,30,False
185,72610,Lightning Raiders,match,14,2025-11-01 14:40:00-07:00,TABLE B,10,False
185,72979,St. Cecilia Robotics 2,match,6,2025-11-01 11:15:00-07:00,TABLE A,15,False
185,72979,St. Cecilia Robotics 2,match,10,2025-11-01 13:30:00-07:00,TABLE B,15,False
185,72979,St. Cecilia Robotics 2,match,14,2025-11-01 14:40:00-07:00,TABLE A,10,False
186,8278,Titanium Turtles,match,2,2025-11-15 09:30:00-08:00,TABLE B,15,True
186,8278,Titanium Turtles,match,10,2025-11-15 11:35:00-08:00,TABLE A,15,False
186,8278,Titanium Turtles,match,14,2025-11-15 13:25:00-08:00,TABLE B,15,False
186,8278,Titanium Turtles,match,20,2025-11-15 15:10:00-08:00,TABLE A,10,False
186,60497,Apollo 6,match,3,2025-11-15 09:45:00-08:00,TABLE B,15,True
186,60497,Apollo 6,match,11,2025-11-15 11:50:00-08:00,TABLE B,10,False
186,60497,Apollo 6,match,13,2025-11-15 13:15:00-08:00,TABLE A,10,False
186,60497,Apollo 6,match,21,2025-11-15 15:20:00-08:00,TABLE A,15,False
186,65319,DCADS Robo Cubs,match,1,2025-11-15 09:15:00-08:00,TABLE A,15,True
186,65319,DCADS Robo Cubs,match,10,2025-11-15 11:35:00-08:00,TABLE B,15,False
186,65319,DCADS Robo Cubs,match,13,2025-11-15 13:15:00-08:00,TABLE B,10,False
186,65319,DCADS Robo Cubs,match,19,2025-11-15 15:00:00-08:00,TABLE A,10,False
186,65885,Ocean Plate Explorers,match,2,2025-11-15 09:30:00-08:00,TABLE A,15,True
186,65885,Ocean Plate Explorers,match,11,2025-11-15 11:50:00-08:00,TABLE A,10,False
186,65885,Ocean Plate Explorers,match,15,2025-11-15 13:40:00-08:00,TABLE B,10,False
186,65885,Ocean Plate Explorers,match,19,2025-11-15 15:00:00-08:00,TABLE B,10,False
186,66208,Bob the Builders,match,4,2025-11-15 10:00:00-08:00,TABLE A,15,True
186,66208,Bob the Builders,match,7,2025-11-15 11:00:00-08:00,TABLE B,10,False
186,66208,Bob the Builders,match,18,2025-11-15 14:15:00-08:00,TABLE B,45,False
186,66208,Bob the Builders,match,22,2025-11-15 15:35:00-08:00,TABLE A,10,False
186,70221,BroBots - SBR,match,5,2025-11-15 10:15:00-08:00,TABLE B,15,True
186,70221,BroBots - SBR,match,7,2025-11-15 11:00:00-08:00,TABLE A,10,False
186,70221,BroBots - SBR,match,17,2025-11-15 14:05:00-08:00,TABLE B,10,False
186,70221,BroBots - SBR,match,23,2025-11-15 15:45:00-08:00,TABLE A,10,False
186,71480,Westlake Robotics ,match,5,2025-11-15 10:15:00-08:00,TABLE A,15,True
186,71480,Westlake Robotics ,match,8,2025-11-15 11:10:00-08:00,TABLE A,15,False
186,71480,Westlake Robotics ,match,16,2025-11-15 13:50:00-08:00,TABLE B,15,False
186,71480,Westlake Robotics ,match,22,2025-11-15 15:35:00-08:00,TABLE B,10,False
186,72968,robojets,match,6,2025-11-15 10:30:00-08:00,TABLE A,30,True
186,72968,robojets,match,9,2025-11-15 11:25:00-08:00,TABLE B,10,False
186,72968,robojets,match,16,2025-11-15 13:50:00-08:00,TABLE A,15,False
186,72968,robojets,match,23,2025-11-15 15:45:00-08:00,TABLE B,10,False
186,73368,Guardians of the Ground,match,1,2025-11-15 09:15:00-08:00,TABLE B,15,True
186,73368,Guardians of the Ground,match,12,2025-11-15 12:00:00-08:00,TABLE A,75,False
186,73368,Guardians of the Ground,match,14,2025-11-15 13:25:00-08:00,TABLE A,15,False
186,73368,Guardians of the Ground,match,21,2025-11-15 15:20:00-08:00,TABLE B,15,False
186,73699,Cambrian Titans,match,4,2025-11-15 10:00:00-08:00,TABLE B,15,True
186,73699,Cambrian Titans,match,9,2025-11-15 11:25:00-08:00,TABLE A,10,False
186,73699,Cambrian Titans,match,17,2025-11-15 14:05:00-08:00,TABLE A,10,False
186,73699,Cambrian Titans,match,24,2025-11-15 15:55:00-08:00,TABLE B,10,False
186,74113,Undecided Team 7-8,match,3,2025-11-15 09:45:00-08:00,TABLE A,15,True
186,74113,Undecided Team 7-8,match,12,2025-11-15 12:00:00-08:00,TABLE B,75,False
186,74113,Undecided Team 7-8,match,15,2025-11-15 13:40:00-08:00,TABLE A,10,False
186,74113,Undecided Team 7-8,match,20,2025-11-15 15:10:00-08:00,TABLE B,10,False
186,74164,M-A Cubs 5,match,6,2025-11-15 10:30:00-08:00,TABLE B,30,True
186,74164,M-A Cubs 5,match,8,2025-11-15 11:10:00-08:00,TABLE B,15,False
186,74164,M-A Cubs 5,match,18,2025-11-15 14:15:00-08:00,TABLE A,45,False
186,74164,M-A Cubs 5,match,24,2025-11-15 15:55:00-08:00,TABLE A,10,False
187,56511,Super Charged,match,1,2025-11-16 09:10:00-08:00,Red Table,10,True
187,56511,Super Charged,match,15,2025-11-16 11:55:00-08:00,Blue Table,10,False
187,56511,Super Charged,match,21,2025-11-16 13:50:00-08:00,Blue Table,10,False
187,56511,Super Charged,match,28,2025-11-16 15:15:00-08:00,Red Table,10,False
187,60354,Helios Suns,match,8,2025-11-16 10:30:00-08:00,Blue Table,10,True
187,60354,Helios Suns,match,18,2025-11-16 13:10:00-08:00,Red Table,20,False
187,60354,Helios Suns,match,25,2025-11-16 14:35:00-08:00,Blue Table,10,False
187,60354,Helios Suns,match,33,2025-11-16 16:05:00-08:00,Red Table,10,False
187,60996,VortexMasterminds,match,3,2025-11-16 09:30:00-08:00,Blue Table,15,True
187,60996,VortexMasterminds,match,14,2025-11-16 11:45:00-08:00,Blue Table,10,False
187,60996,VortexMasterminds,match,21,2025-11-16 13:50:00-08:00,Red Table,10,False
187,60996,VortexMasterminds,match,29,2025-11-16 15:25:00-08:00,Red Table,10,False
187,61610,Argoclucks,match,2,2025-11-16 09:20:00-08:00,Red Table,10,True
187,61610,Argoclucks,match,16,2025-11-16 12:05:00-08:00,Red Table,55,False
187,61610,Argoclucks,match,23,2025-11-16 14:10:00-08:00,Blue Table,15,False
187,61610,Argoclucks,match,29,2025-11-16 15:25:00-08:00,Blue Table,10,False
187,61718,MechMavericks,match,2,2025-11-16 09:20:00-08:00,Blue Table,10,True
187,61718,MechMavericks,match,15,2025-11-16 11:55:00-08:00,Red Table,10,False
187,61718,MechMavericks,match,22,2025-11-16 14:00:00-08:00,Blue Table,10,False
187,61718,MechMavericks,match,30,2025-11-16 15:35:00-08:00,Red Table,10,False
187,65026,Brick Brains,match,9,2025-11-16 10:40:00-08:00,Blue Table,20,True
187,65026,Brick Brains,match,18,2025-11-16 13:10:00-08:00,Blue Table,20,False
187,65026,Brick Brains,match,24,2025-11-16 14:25:00-08:00,Red Table,10,False
187,65026,Brick Brains,match,32,2025-11-16 15:55:00-08:00,Red Table,10,False
187,65902,Coding Mavs,match,3,2025-11-16 09:30:00-08:00,Red Table,15,True
187,65902,Coding Mavs,match,16,2025-11-16 12:05:00-08:00,Blue Table,55,False
187,65902,Coding Mavs,match,22,2025-11-16 14:00:00-08:00,Red Table,10,False
187,65902,Coding Mavs,match,28,2025-11-16 15:15:00-08:00,Blue Table,10,False
187,66034,Westpark Mech Warriors,match,6,2025-11-16 10:05:00-08:00,Red Table,15,True
187,66034,Westpark Mech Warriors,match,12,2025-11-16 11:20:00-08:00,Blue Table,15,False
187,66034,Westpark Mech Warriors,match,19,2025-11-16 13:30:00-08:00,Red Table,10,False
187,66034,Westpark Mech Warriors,match,34,2025-11-16 16:15:00-08:00,Blue Table,10,False
187,66044,Red Raptors,match,7,2025-11-16 10:20:00-08:00,Blue Table,10,True
187,66044,Red Raptors,match,13,2025-11-16 11:35:00-08:00,Red Table,10,False
187,66044,Red Raptors,match,26,2025-11-16 14:45:00-08:00,Red Table,10,False
187,66044,Red Raptors,match,33,2025-11-16 16:05:00-08:00,Blue Table,10,False
187,66342,KiloNuggets,match,7,2025-11-16 10:20:00-08:00,Red Table,10,True
187,66342,KiloNuggets,match,17,2025-11-16 13:00:00-08:00,Blue Table,10,False
187,66342,KiloNuggets,match,24,2025-11-16 14:25:00-08:00,Blue Table,10,False
187,66342,KiloNuggets,match,31,2025-11-16 15:45:00-08:00,Red Table,10,False
187,66923,H2O Warriors,match,1,2025-11-16 09:10:00-08:00,Blue Table,10,True
187,66923,H2O Warriors,match,17,2025-11-16 13:00:00-08:00,Red Table,10,False
187,66923,H2O Warriors,match,23,2025-11-16 14:10:00-08:00,Red Table,15,False
187,66923,H2O Warriors,match,30,2025-11-16 15:35:00-08:00,Blue Table,10,False
187,67058,Earth Angels,match,4,2025-11-16 09:45:00-08:00,Blue Table,10,True
187,67058,Earth Angels,match,11,2025-11-16 11:10:00-08:00,Red Table,10,False
187,67058,Earth Angels,match,20,2025-11-16 13:40:00-08:00,Red Table,10,False
187,67058,Earth Angels,match,36,2025-11-16 16:35:00-08:00,Blue Table,10,False
187,67290,VXL,match,6,2025-11-16 10:05:00-08:00,Blue Table,15,True
187,67290,VXL,match,11,2025-11-16 11:10:00-08:00,Blue Table,10,False
187,67290,VXL,match,27,2025-11-16 14:55:00-08:00,Red Table,20,False
187,67290,VXL,match,35,2025-11-16 16:25:00-08:00,Red Table,10,False
187,68191,Lego Lillies,match,9,2025-11-16 10:40:00-08:00,Red Table,20,True
187,68191,Lego Lillies,match,13,2025-11-16 11:35:00-08:00,Blue Table,10,False
187,68191,Lego Lillies,match,25,2025-11-16 14:35:00-08:00,Red Table,10,False
187,68191,Lego Lillies,match,31,2025-11-16 15:45:00-08:00,Blue Table,10,False
187,71669,TheCodeBlooded4,match,8,2025-11-16 10:30:00-08:00,Red Table,10,True
187,71669,TheCodeBlooded4,match,14,2025-11-16 11:45:00-08:00,Red Table,10,False
187,71669,TheCodeBlooded4,match,26,2025-11-16 14:45:00-08:00,Blue Table,10,False
187,71669,TheCodeBlooded4,match,32,2025-11-16 15:55:00-08:00,Blue Table,10,False
187,71888,Prime Builders,match,4,2025-11-16 09:45:00-08:00,Red Table,10,True
187,71888,Prime Builders,match,10,2025-11-16 11:00:00-08:00,Blue Table,10,False
187,71888,Prime Builders,match,27,2025-11-16 14:55:00-08:00,Blue Table,20,False
187,71888,Prime Builders,match,34,2025-11-16 16:15:00-08:00,Red Table,10,False
187,72651,Coding Buddies ,match,5,2025-11-16 09:55:00-08:00,Red Table,10,True
187,72651,Coding Buddies ,match,12,2025-11-16 11:20:00-08:00,Red Table,15,False
187,72651,Coding Buddies ,match,20,2025-11-16 13:40:00-08:00,Blue Table,10,False
187,72651,Coding Buddies ,match,35,2025-11-16 16:25:00-08:00,Blue Table,10,False
187,73516,Dino Nuggets (BBQ),match,5,2025-11-16 09:55:00-08:00,Blue Table,10,True
187,73516,Dino Nuggets (BBQ),match,10,2025-11-16 11:00:00-08:00,Red Table,10,False
187,73516,Dino Nuggets (BBQ),match,19,2025-11-16 13:30:00-08:00,Blue Table,10,False
187,73516,Dino Nuggets (BBQ),match,36,2025-11-16 16:35:00-08:00,Red Table,10,False
188,5254,Golden Surfers,match,1,2025-11-16 09:15:00-08:00,TABLE B,15,True
188,5254,Golden Surfers,match,12,2025-11-16 12:00:00-08:00,TABLE A,75,False
188,5254,Golden Surfers,match,14,2025-11-16 13:25:00-08:00,TABLE A,15,False
188,5254,Golden Surfers,match,21,2025-11-16 15:20:00-08:00,TABLE B,15,False
188,25572,25572,match,5,2025-11-16 10:15:00-08:00,TABLE A,15,True
188,25572,25572,match,8,2025-11-16 11:10:00-08:00,TABLE A,15,False
188,25572,25572,match,16,2025-11-16 13:50:00-08:00,TABLE B,15,False
188,25572,25572,match,22,2025-11-16 15:35:00-08:00,TABLE B,10,False
188,54977,Menlo Park Narleaotters,match,3,2025-11-16 09:45:00-08:00,TABLE B,15,True
188,54977,Menlo Park Narleaotters,match,11,2025-11-16 11:50:00-08:00,TABLE B,10,False
188,54977,Menlo Park Narleaotters,match,13,2025-11-16 13:15:00-08:00,TABLE A,10,False
188,54977,Menlo Park Narleaotters,match,21,2025-11-16 15:20:00-08:00,TABLE A,15,False
188,56768,Blue Brickbots,match,1,2025-11-16 09:15:00-08:00,TABLE A,15,True
188,56768,Blue Brickbots,match,10,2025-11-16 11:35:00-08:00,TABLE B,15,False
188,56768,Blue Brickbots,match,13,2025-11-16 13:15:00-08:00,TABLE B,10,False
188,56768,Blue Brickbots,match,19,2025-11-16 15:00:00-08:00,TABLE A,10,False
188,66820,Leadways FBI,match,5,2025-11-16 10:15:00-08:00,TABLE B,15,True
188,66820,Leadways FBI,match,7,2025-11-16 11:00:00-08:00,TABLE A,10,False
188,66820,Leadways FBI,match,17,2025-11-16 14:05:00-08:00,TABLE B,10,False
188,66820,Leadways FBI,match,23,2025-11-16 15:45:00-08:00,TABLE A,10,False
188,70178,Crystal Springs Uplands Middle School 1,match,6,2025-11-16 10:30:00-08:00,TABLE A,30,True
188,70178,Crystal Springs Uplands Middle School 1,match,9,2025-11-16 11:25:00-08:00,TABLE B,10,False
188,70178,Crystal Springs Uplands Middle School 1,match,16,2025-11-16 13:50:00-08:00,TABLE A,15,False
188,70178,Crystal Springs Uplands Middle School 1,match,23,2025-11-16 15:45:00-08:00,TABLE B,10,False
188,70849,ML Infinity Bots,match,4,2025-11-16 10:00:00-08:00,TABLE B,15,True
188,70849,ML Infinity Bots,match,9,2025-11-16 11:25:00-08:00,TABLE A,10,False
188,70849,ML Infinity Bots,match,17,2025-11-16 14:05:00-08:00,TABLE A,10,False
188,70849,ML Infinity Bots,match,24,2025-11-16 15:55:00-08:00,TABLE B,10,False
188,71306,Wingin' It,match,6,2025-11-16 10:30:00-08:00,TABLE B,30,True
188,71306,Wingin' It,match,8,2025-11-16 11:10:00-08:00,TABLE B,15,False
188,71306,Wingin' It,match,18,2025-11-16 14:15:00-08:00,TABLE A,45,False
188,71306,Wingin' It,match,24,2025-11-16 15:55:00-08:00,TABLE A,10,False
188,71481,Westlake Robotics Soar,match,4,2025-11-16 10:00:00-08:00,TABLE A,15,True
188,71481,Westlake Robotics Soar,match,7,2025-11-16 11:00:00-08:00,TABLE B,10,False
188,71481,Westlake Robotics Soar,match,18,2025-11-16 14:15:00-08:00,TABLE B,45,False
188,71481,Westlake Robotics Soar,match,22,2025-11-16 15:35:00-08:00,TABLE A,10,False
188,71981,Robo-Relics,match,2,2025-11-16 09:30:00-08:00,TABLE A,15,True
188,71981,Robo-Relics,match,11,2025-11-16 11:50:00-08:00,TABLE A,10,False
188,71981,Robo-Relics,match,15,2025-11-16 13:40:00-08:00,TABLE B,10,False
188,71981,Robo-Relics,match,19,2025-11-16 15:00:00-08:00,TABLE B,10,False
188,72884,Starlight Scouts,match,2,2025-11-16 09:30:00-08:00,TABLE B,15,True
188,72884,Starlight Scouts,match,10,2025-11-16 11:35:00-08:00,TABLE A,15,False
188,72884,Starlight Scouts,match,14,2025-11-16 13:25:00-08:00,TABLE B,15,False
188,72884,Starlight Scouts,match,20,2025-11-16 15:10:00-08:00,TABLE A,10,False
188,73146,Master Builders,match,3,2025-11-16 09:45:00-08:00,TABLE A,15,True
188,73146,Master Builders,match,12,2025-11-16 12:00:00-08:00,TABLE B,75,False
188,73146,Master Builders,match,15,2025-11-16 13:40:00-08:00,TABLE A,10,False
188,73146,Master Builders,match,20,2025-11-16 15:10:00-08:00,TABLE B,10,False
189,37484,FLL-C 37484,match,3,2025-11-16 09:40:00-08:00,Red  R1,10,True
189,37484,FLL-C 37484,match,7,2025-11-16 10:40:00-08:00,Red  R2,10,False
189,37484,FLL-C 37484,match,18,2025-11-16 14:05:00-08:00,Blue  B1,30,False
189,37484,FLL-C 37484,match,22,2025-11-16 15:05:00-08:00,Blue  B2,10,False
189,48793,Mountain House,match,4,2025-11-16 09:50:00-08:00,Red  R1,15,True
189,48793,Mountain House,match,8,2025-11-16 10:50:00-08:00,Red  R2,15,False
189,48793,Mountain House,match,17,2025-11-16 13:55:00-08:00,Blue  B1,10,False
189,48793,Mountain House,match,21,2025-11-16 14:55:00-08:00,Blue  B2,10,False
189,55739,Tech_Bears,match,6,2025-11-16 10:15:00-08:00,Blue  B1,25,True
189,55739,Tech_Bears,match,10,2025-11-16 11:15:00-08:00,Blue  B2,15,False
189,55739,Tech_Bears,match,14,2025-11-16 13:15:00-08:00,Red  R1,15,False
189,55739,Tech_Bears,match,24,2025-11-16 15:25:00-08:00,Red  R2,10,False
189,57285,Mighty Minds,match,1,2025-11-16 09:15:00-08:00,Red  R1,10,True
189,57285,Mighty Minds,match,11,2025-11-16 11:30:00-08:00,Red  R2,10,False
189,57285,Mighty Minds,match,16,2025-11-16 13:40:00-08:00,Blue  B1,15,False
189,57285,Mighty Minds,match,20,2025-11-16 14:45:00-08:00,Blue  B2,10,False
189,59703,brick-o-brainiacs pioneers,match,5,2025-11-16 10:05:00-08:00,Red  R2,10,True
189,59703,brick-o-brainiacs pioneers,match,10,2025-11-16 11:15:00-08:00,Blue  B1,15,False
189,59703,brick-o-brainiacs pioneers,match,13,2025-11-16 13:05:00-08:00,Blue  B2,10,False
189,59703,brick-o-brainiacs pioneers,match,23,2025-11-16 15:15:00-08:00,Red  R1,10,False
189,60718,Rockin Robos,match,2,2025-11-16 09:25:00-08:00,Blue  B2,15,True
189,60718,Rockin Robos,match,12,2025-11-16 11:40:00-08:00,Red  R1,85,False
189,60718,Rockin Robos,match,15,2025-11-16 13:30:00-08:00,Red  R2,10,False
189,60718,Rockin Robos,match,20,2025-11-16 14:45:00-08:00,Blue  B1,10,False
189,60855,GearShift,match,1,2025-11-16 09:15:00-08:00,Blue  B2,10,True
189,60855,GearShift,match,11,2025-11-16 11:30:00-08:00,Red  R1,10,False
189,60855,GearShift,match,16,2025-11-16 13:40:00-08:00,Red  R2,15,False
189,60855,GearShift,match,19,2025-11-16 14:35:00-08:00,Blue  B1,10,False
189,61139,Lightning Squad,match,2,2025-11-16 09:25:00-08:00,Red  R1,15,True
189,61139,Lightning Squad,match,12,2025-11-16 11:40:00-08:00,Red  R2,85,False
189,61139,Lightning Squad,match,15,2025-11-16 13:30:00-08:00,Blue  B1,10,False
189,61139,Lightning Squad,match,19,2025-11-16 14:35:00-08:00,Blue  B2,10,False
189,62984,Eagle Bots 2025,match,3,2025-11-16 09:40:00-08:00,Red  R2,10,True
189,62984,Eagle Bots 2025,match,8,2025-11-16 10:50:00-08:00,Blue  B1,15,False
189,62984,Eagle Bots 2025,match,17,2025-11-16 13:55:00-08:00,Blue  B2,10,False
189,62984,Eagle Bots 2025,match,21,2025-11-16 14:55:00-08:00,Red  R1,10,False
189,64889,Sea Monsters Squad,match,2,2025-11-16 09:25:00-08:00,Blue  B1,15,True
189,64889,Sea Monsters Squad,match,12,2025-11-16 11:40:00-08:00,Blue  B2,85,False
189,64889,Sea Monsters Squad,match,16,2025-11-16 13:40:00-08:00,Red  R1,15,False
189,64889,Sea Monsters Squad,match,20,2025-11-16 14:45:00-08:00,Red  R2,10,False
189,65273,LEGOnardo da Vinci,match,1,2025-11-16 09:15:00-08:00,Blue  B1,10,True
189,65273,LEGOnardo da Vinci,match,11,2025-11-16 11:30:00-08:00,Blue  B2,10,False
189,65273,LEGOnardo da Vinci,match,15,2025-11-16 13:30:00-08:00,Red  R1,10,False
189,65273,LEGOnardo da Vinci,match,19,2025-11-16 14:35:00-08:00,Red  R2,10,False
189,65287,RoboWizards7,match,5,2025-11-16 10:05:00-08:00,Blue  B1,10,True
189,65287,RoboWizards7,match,9,2025-11-16 11:05:00-08:00,Blue  B2,10,False
189,65287,RoboWizards7,match,13,2025-11-16 13:05:00-08:00,Red  R1,10,False
189,65287,RoboWizards7,match,23,2025-11-16 15:15:00-08:00,Red  R2,10,False
189,65868,Robotic Sigmas,match,6,2025-11-16 10:15:00-08:00,Red  R2,25,True
189,65868,Robotic Sigmas,match,9,2025-11-16 11:05:00-08:00,Blue  B1,10,False
189,65868,Robotic Sigmas,match,14,2025-11-16 13:15:00-08:00,Blue  B2,15,False
189,65868,Robotic Sigmas,match,24,2025-11-16 15:25:00-08:00,Red  R1,10,False
189,66920,SparkleBots1,match,2,2025-11-16 09:25:00-08:00,Red  R2,15,True
189,66920,SparkleBots1,match,11,2025-11-16 11:30:00-08:00,Blue  B1,10,False
189,66920,SparkleBots1,match,16,2025-11-16 13:40:00-08:00,Blue  B2,15,False
189,66920,SparkleBots1,match,20,2025-11-16 14:45:00-08:00,Red  R1,10,False
189,67056,Wavebots,match,4,2025-11-16 09:50:00-08:00,Red  R2,15,True
189,67056,Wavebots,match,7,2025-11-16 10:40:00-08:00,Blue  B1,10,False
189,67056,Wavebots,match,18,2025-11-16 14:05:00-08:00,Blue  B2,30,False
189,67056,Wavebots,match,22,2025-11-16 15:05:00-08:00,Red  R1,10,False
189,67074,Rad_Robos,match,3,2025-11-16 09:40:00-08:00,Blue  B1,10,True
189,67074,Rad_Robos,match,7,2025-11-16 10:40:00-08:00,Blue  B2,10,False
189,67074,Rad_Robos,match,17,2025-11-16 13:55:00-08:00,Red  R1,10,False
189,67074,Rad_Robos,match,21,2025-11-16 14:55:00-08:00,Red  R2,10,False
189,68040,MH Quantum,match,3,2025-11-16 09:40:00-08:00,Blue  B2,10,True
189,68040,MH Quantum,match,7,2025-11-16 10:40:00-08:00,Red  R1,10,False
189,68040,MH Quantum,match,18,2025-11-16 14:05:00-08:00,Red  R2,30,False
189,68040,MH Quantum,match,21,2025-11-16 14:55:00-08:00,Blue  B1,10,False
189,68202,Curious Earthlings,match,4,2025-11-16 09:50:00-08:00,Blue  B1,15,True
189,68202,Curious Earthlings,match,8,2025-11-16 10:50:00-08:00,Blue  B2,15,False
189,68202,Curious Earthlings,match,18,2025-11-16 14:05:00-08:00,Red  R1,30,False
189,68202,Curious Earthlings,match,22,2025-11-16 15:05:00-08:00,Red  R2,10,False
189,72060,Robo Wizards,match,1,2025-11-16 09:15:00-08:00,Red  R2,10,True
189,72060,Robo Wizards,match,12,2025-11-16 11:40:00-08:00,Blue  B1,85,False
189,72060,Robo Wizards,match,15,2025-11-16 13:30:00-08:00,Blue  B2,10,False
189,72060,Robo Wizards,match,19,2025-11-16 14:35:00-08:00,Red  R1,10,False
189,72697,Vortex Dynamics,match,5,2025-11-16 10:05:00-08:00,Blue  B2,10,True
189,72697,Vortex Dynamics,match,9,2025-11-16 11:05:00-08:00,Red  R1,10,False
189,72697,Vortex Dynamics,match,14,2025-11-16 13:15:00-08:00,Red  R2,15,False
189,72697,Vortex Dynamics,match,23,2025-11-16 15:15:00-08:00,Blue  B1,10,False
189,72907,Argo Robotics Team 253,match,5,2025-11-16 10:05:00-08:00,Red  R1,10,True
189,72907,Argo Robotics Team 253,match,9,2025-11-16 11:05:00-08:00,Red  R2,10,False
189,72907,Argo Robotics Team 253,match,14,2025-11-16 13:15:00-08:00,Blue  B1,15,False
189,72907,Argo Robotics Team 253,match,24,2025-11-16 15:25:00-08:00,Blue  B2,10,False
189,72908,Argo Robotics Team 254,match,6,2025-11-16 10:15:00-08:00,Red  R1,25,True
189,72908,Argo Robotics Team 254,match,10,2025-11-16 11:15:00-08:00,Red  R2,15,False
189,72908,Argo Robotics Team 254,match,13,2025-11-16 13:05:00-08:00,Blue  B1,10,False
189,72908,Argo Robotics Team 254,match,23,2025-11-16 15:15:00-08:00,Blue  B2,10,False
189,73068,Tracy Tech Titans,match,4,2025-11-16 09:50:00-08:00,Blue  B2,15,True
189,73068,Tracy Tech Titans,match,8,2025-11-16 10:50:00-08:00,Red  R1,15,False
189,73068,Tracy Tech Titans,match,17,2025-11-16 13:55:00-08:00,Red  R2,10,False
189,73068,Tracy Tech Titans,match,22,2025-11-16 15:05:00-08:00,Blue  B1,10,False
189,73717,Artanators,match,6,2025-11-16 10:15:00-08:00,Blue  B2,25,True
189,73717,Artanators,match,10,2025-11-16 11:15:00-08:00,Red  R1,15,False
189,73717,Artanators,match,13,2025-11-16 13:05:00-08:00,Red  R2,10,False
189,73717,Artanators,match,24,2025-11-16 15:25:00-08:00,Blue  B1,10,False
190,8560,ProGRAHAMers,match,9,2025-11-15 10:40:00-08:00,Red Table,20,True
190,8560,ProGRAHAMers,match,13,2025-11-15 11:35:00-08:00,Blue Table,10,False
190,8560,ProGRAHAMers,match,25,2025-11-15 14:35:00-08:00,Red Table,10,False
190,8560,ProGRAHAMers,match,31,2025-11-15 15:45:00-08:00,Blue Table,10,False
190,9726,Stampede,match,8,2025-11-15 10:30:00-08:00,Blue Table,10,True
190,9726,Stampede,match,18,2025-11-15 13:10:00-08:00,Red Table,20,False
190,9726,Stampede,match,25,2025-11-15 14:35:00-08:00,Blue Table,10,False
190,9726,Stampede,match,33,2025-11-15 16:05:00-08:00,Red Table,10,False
190,12287,Pantherbots JV,match,7,2025-11-15 10:20:00-08:00,Blue Table,10,True
190,12287,Pantherbots JV,match,13,2025-11-15 11:35:00-08:00,Red Table,10,False
190,12287,Pantherbots JV,match,26,2025-11-15 14:45:00-08:00,Red Table,10,False
190,12287,Pantherbots JV,match,33,2025-11-15 16:05:00-08:00,Blue Table,10,False
190,17492,17492,match,2,2025-11-15 09:20:00-08:00,Blue Table,10,True
190,17492,17492,match,15,2025-11-15 11:55:00-08:00,Red Table,10,False
190,17492,17492,match,22,2025-11-15 14:00:00-08:00,Blue Table,10,False
190,17492,17492,match,30,2025-11-15 15:35:00-08:00,Red Table,10,False
190,18197,Flashfang,match,1,2025-11-15 09:10:00-08:00,Blue Table,10,True
190,18197,Flashfang,match,17,2025-11-15 13:00:00-08:00,Red Table,10,False
190,18197,Flashfang,match,23,2025-11-15 14:10:00-08:00,Red Table,15,False
190,18197,Flashfang,match,30,2025-11-15 15:35:00-08:00,Blue Table,10,False
190,30516,Cheerios FLL-C 30516,match,6,2025-11-15 10:05:00-08:00,Red Table,15,True
190,30516,Cheerios FLL-C 30516,match,12,2025-11-15 11:20:00-08:00,Blue Table,15,False
190,30516,Cheerios FLL-C 30516,match,19,2025-11-15 13:30:00-08:00,Red Table,10,False
190,30516,Cheerios FLL-C 30516,match,34,2025-11-15 16:15:00-08:00,Blue Table,10,False
190,32759,LEGOstangs,match,7,2025-11-15 10:20:00-08:00,Red Table,10,True
190,32759,LEGOstangs,match,17,2025-11-15 13:00:00-08:00,Blue Table,10,False
190,32759,LEGOstangs,match,24,2025-11-15 14:25:00-08:00,Blue Table,10,False
190,32759,LEGOstangs,match,31,2025-11-15 15:45:00-08:00,Red Table,10,False
190,56793,BCS Blue Team: Paleo-Paws,match,3,2025-11-15 09:30:00-08:00,Red Table,15,True
190,56793,BCS Blue Team: Paleo-Paws,match,16,2025-11-15 12:05:00-08:00,Blue Table,55,False
190,56793,BCS Blue Team: Paleo-Paws,match,22,2025-11-15 14:00:00-08:00,Red Table,10,False
190,56793,BCS Blue Team: Paleo-Paws,match,28,2025-11-15 15:15:00-08:00,Blue Table,10,False
190,60085,Lego Artisans,match,4,2025-11-15 09:45:00-08:00,Blue Table,10,True
190,60085,Lego Artisans,match,11,2025-11-15 11:10:00-08:00,Red Table,10,False
190,60085,Lego Artisans,match,20,2025-11-15 13:40:00-08:00,Red Table,10,False
190,60085,Lego Artisans,match,36,2025-11-15 16:35:00-08:00,Blue Table,10,False
190,61692,Blue Bots,match,1,2025-11-15 09:10:00-08:00,Red Table,10,True
190,61692,Blue Bots,match,15,2025-11-15 11:55:00-08:00,Blue Table,10,False
190,61692,Blue Bots,match,21,2025-11-15 13:50:00-08:00,Blue Table,10,False
190,61692,Blue Bots,match,28,2025-11-15 15:15:00-08:00,Red Table,10,False
190,67149,Imagination Lab School Team,match,9,2025-11-15 10:40:00-08:00,Blue Table,20,True
190,67149,Imagination Lab School Team,match,18,2025-11-15 13:10:00-08:00,Blue Table,20,False
190,67149,Imagination Lab School Team,match,24,2025-11-15 14:25:00-08:00,Red Table,10,False
190,67149,Imagination Lab School Team,match,32,2025-11-15 15:55:00-08:00,Red Table,10,False
190,68557,M-A Cubs 1,match,5,2025-11-15 09:55:00-08:00,Red Table,10,True
190,68557,M-A Cubs 1,match,12,2025-11-15 11:20:00-08:00,Red Table,15,False
190,68557,M-A Cubs 1,match,20,2025-11-15 13:40:00-08:00,Blue Table,10,False
190,68557,M-A Cubs 1,match,35,2025-11-15 16:25:00-08:00,Blue Table,10,False
190,68558,M-A Cubs 2,match,6,2025-11-15 10:05:00-08:00,Blue Table,15,True
190,68558,M-A Cubs 2,match,11,2025-11-15 11:10:00-08:00,Blue Table,10,False
190,68558,M-A Cubs 2,match,27,2025-11-15 14:55:00-08:00,Red Table,20,False
190,68558,M-A Cubs 2,match,35,2025-11-15 16:25:00-08:00,Red Table,10,False
190,68559,M-A Cubs 3,match,2,2025-11-15 09:20:00-08:00,Red Table,10,True
190,68559,M-A Cubs 3,match,16,2025-11-15 12:05:00-08:00,Red Table,55,False
190,68559,M-A Cubs 3,match,23,2025-11-15 14:10:00-08:00,Blue Table,15,False
190,68559,M-A Cubs 3,match,29,2025-11-15 15:25:00-08:00,Blue Table,10,False
190,68560,M-A Cubs 4,match,3,2025-11-15 09:30:00-08:00,Blue Table,15,True
190,68560,M-A Cubs 4,match,14,2025-11-15 11:45:00-08:00,Blue Table,10,False
190,68560,M-A Cubs 4,match,21,2025-11-15 13:50:00-08:00,Red Table,10,False
190,68560,M-A Cubs 4,match,29,2025-11-15 15:25:00-08:00,Red Table,10,False
190,70148,TerraKnights,match,5,2025-11-15 09:55:00-08:00,Blue Table,10,True
190,70148,TerraKnights,match,10,2025-11-15 11:00:00-08:00,Red Table,10,False
190,70148,TerraKnights,match,19,2025-11-15 13:30:00-08:00,Blue Table,10,False
190,70148,TerraKnights,match,36,2025-11-15 16:35:00-08:00,Red Table,10,False
190,72044,Earth Giants,match,8,2025-11-15 10:30:00-08:00,Red Table,10,True
190,72044,Earth Giants,match,14,2025-11-15 11:45:00-08:00,Red Table,10,False
190,72044,Earth Giants,match,26,2025-11-15 14:45:00-08:00,Blue Table,10,False
190,72044,Earth Giants,match,32,2025-11-15 15:55:00-08:00,Blue Table,10,False
190,72923,Waffle,match,4,2025-11-15 09:45:00-08:00,Red Table,10,True
190,72923,Waffle,match,10,2025-11-15 11:00:00-08:00,Blue Table,10,False
190,72923,Waffle,match,27,2025-11-15 14:55:00-08:00,Blue Table,20,False
190,72923,Waffle,match,34,2025-11-15 16:15:00-08:00,Red Table,10,False
191,2713,CTRL-Xcavators,match,3,2025-11-15 09:45:00-08:00,TABLE B,15,True
191,2713,CTRL-Xcavators,match,12,2025-11-15 12:00:00-08:00,TABLE B,75,False
191,2713,CTRL-Xcavators,match,14,2025-11-15 13:30:00-08:00,TABLE A,15,False
191,2713,CTRL-Xcavators,match,21,2025-11-15 15:30:00-08:00,TABLE A,15,False
191,2847,2847,match,2,2025-11-15 09:30:00-08:00,TABLE A,15,True
191,2847,2847,match,12,2025-11-15 12:00:00-08:00,TABLE A,75,False
191,2847,2847,match,17,2025-11-15 14:15:00-08:00,TABLE B,15,False
191,2847,2847,match,19,2025-11-15 15:10:00-08:00,TABLE B,10,False
191,4416,4416,match,1,2025-11-15 09:15:00-08:00,TABLE A,15,True
191,4416,4416,match,11,2025-11-15 11:45:00-08:00,TABLE B,15,False
191,4416,4416,match,14,2025-11-15 13:30:00-08:00,TABLE B,15,False
191,4416,4416,match,19,2025-11-15 15:10:00-08:00,TABLE A,10,False
191,4979,4979,match,2,2025-11-15 09:30:00-08:00,TABLE B,15,True
191,4979,4979,match,11,2025-11-15 11:45:00-08:00,TABLE A,15,False
191,4979,4979,match,15,2025-11-15 13:45:00-08:00,TABLE B,15,False
191,4979,4979,match,20,2025-11-15 15:20:00-08:00,TABLE A,10,False
191,17494,17494,match,3,2025-11-15 09:45:00-08:00,TABLE A,15,True
191,17494,17494,match,7,2025-11-15 10:45:00-08:00,TABLE B,15,False
191,17494,17494,match,17,2025-11-15 14:15:00-08:00,TABLE A,15,False
191,17494,17494,match,20,2025-11-15 15:20:00-08:00,TABLE B,10,False
191,53591,Tiger Robotics 2,match,5,2025-11-15 10:15:00-08:00,TABLE B,15,True
191,53591,Tiger Robotics 2,match,8,2025-11-15 11:00:00-08:00,TABLE A,15,False
191,53591,Tiger Robotics 2,match,16,2025-11-15 14:00:00-08:00,TABLE B,15,False
191,53591,Tiger Robotics 2,match,23,2025-11-15 15:55:00-08:00,TABLE A,10,False
191,60942,Excavators,match,6,2025-11-15 10:30:00-08:00,TABLE A,15,True
191,60942,Excavators,match,10,2025-11-15 11:30:00-08:00,TABLE B,15,False
191,60942,Excavators,match,13,2025-11-15 13:15:00-08:00,TABLE A,15,False
191,60942,Excavators,match,23,2025-11-15 15:55:00-08:00,TABLE B,10,False
191,64902,TBT,match,1,2025-11-15 09:15:00-08:00,TABLE B,15,True
191,64902,TBT,match,7,2025-11-15 10:45:00-08:00,TABLE A,15,False
191,64902,TBT,match,15,2025-11-15 13:45:00-08:00,TABLE A,15,False
191,64902,TBT,match,21,2025-11-15 15:30:00-08:00,TABLE B,15,False
191,65801,Pink Potato Chips,match,4,2025-11-15 10:00:00-08:00,TABLE B,15,True
191,65801,Pink Potato Chips,match,10,2025-11-15 11:30:00-08:00,TABLE A,15,False
191,65801,Pink Potato Chips,match,16,2025-11-15 14:00:00-08:00,TABLE A,15,False
191,65801,Pink Potato Chips,match,24,2025-11-15 16:05:00-08:00,TABLE B,10,False
191,71920,RoboWizards,match,6,2025-11-15 10:30:00-08:00,TABLE B,15,True
191,71920,RoboWizards,match,9,2025-11-15 11:15:00-08:00,TABLE B,15,False
191,71920,RoboWizards,match,18,2025-11-15 14:30:00-08:00,TABLE A,40,False
191,71920,RoboWizards,match,24,2025-11-15 16:05:00-08:00,TABLE A,10,False
191,72540,TBD123,match,5,2025-11-15 10:15:00-08:00,TABLE A,15,True
191,72540,TBD123,match,9,2025-11-15 11:15:00-08:00,TABLE A,15,False
191,72540,TBD123,match,13,2025-11-15 13:15:00-08:00,TABLE B,15,False
191,72540,TBD123,match,22,2025-11-15 15:45:00-08:00,TABLE B,10,False
191,74425,Andromeda,match,4,2025-11-15 10:00:00-08:00,TABLE A,15,True
191,74425,Andromeda,match,8,2025-11-15 11:00:00-08:00,TABLE B,15,False
191,74425,Andromeda,match,18,2025-11-15 14:30:00-08:00,TABLE B,40,False
191,74425,Andromeda,match,22,2025-11-15 15:45:00-08:00,TABLE A,10,False
192,56482,Brawl Bros,match,5,2025-11-08 10:15:00-08:00,TABLE A,15,True
192,56482,Brawl Bros,match,8,2025-11-08 11:10:00-08:00,TABLE A,15,False
192,56482,Brawl Bros,match,16,2025-11-08 13:50:00-08:00,TABLE B,15,False
192,56482,Brawl Bros,match,22,2025-11-08 15:35:00-08:00,TABLE B,10,False
192,61600,Allstars Dolphins,match,1,2025-11-08 09:15:00-08:00,TABLE A,15,True
192,61600,Allstars Dolphins,match,10,2025-11-08 11:35:00-08:00,TABLE B,15,False
192,61600,Allstars Dolphins,match,13,2025-11-08 13:15:00-08:00,TABLE B,10,False
192,61600,Allstars Dolphins,match,19,2025-11-08 15:00:00-08:00,TABLE A,10,False
192,62268,Delta Cosmic Coders 2025,match,4,2025-11-08 10:00:00-08:00,TABLE A,15,True
192,62268,Delta Cosmic Coders 2025,match,7,2025-11-08 11:00:00-08:00,TABLE B,10,False
192,62268,Delta Cosmic Coders 2025,match,18,2025-11-08 14:15:00-08:00,TABLE B,45,False
192,62268,Delta Cosmic Coders 2025,match,22,2025-11-08 15:35:00-08:00,TABLE A,10,False
192,65841,Falcon X,match,3,2025-11-08 09:45:00-08:00,TABLE B,15,True
192,65841,Falcon X,match,11,2025-11-08 11:50:00-08:00,TABLE B,10,False
192,65841,Falcon X,match,13,2025-11-08 13:15:00-08:00,TABLE A,10,False
192,65841,Falcon X,match,21,2025-11-08 15:20:00-08:00,TABLE A,15,False
192,67186,Diggnation,match,5,2025-11-08 10:15:00-08:00,TABLE B,15,True
192,67186,Diggnation,match,7,2025-11-08 11:00:00-08:00,TABLE A,10,False
192,67186,Diggnation,match,17,2025-11-08 14:05:00-08:00,TABLE B,10,False
192,67186,Diggnation,match,23,2025-11-08 15:45:00-08:00,TABLE A,10,False
192,67854,Superstars,match,2,2025-11-08 09:30:00-08:00,TABLE B,15,True
192,67854,Superstars,match,10,2025-11-08 11:35:00-08:00,TABLE A,15,False
192,67854,Superstars,match,14,2025-11-08 13:25:00-08:00,TABLE B,15,False
192,67854,Superstars,match,20,2025-11-08 15:10:00-08:00,TABLE A,10,False
192,70238,Trapped in Union City,match,3,2025-11-08 09:45:00-08:00,TABLE A,15,True
192,70238,Trapped in Union City,match,12,2025-11-08 12:00:00-08:00,TABLE B,75,False
192,70238,Trapped in Union City,match,15,2025-11-08 13:40:00-08:00,TABLE A,10,False
192,70238,Trapped in Union City,match,20,2025-11-08 15:10:00-08:00,TABLE B,10,False
192,70765,The Paleo Coders,match,6,2025-11-08 10:30:00-08:00,TABLE B,30,True
192,70765,The Paleo Coders,match,8,2025-11-08 11:10:00-08:00,TABLE B,15,False
192,70765,The Paleo Coders,match,18,2025-11-08 14:15:00-08:00,TABLE A,45,False
192,70765,The Paleo Coders,match,24,2025-11-08 15:55:00-08:00,TABLE A,10,False
192,71907,Quarks,match,1,2025-11-08 09:15:00-08:00,TABLE B,15,True
192,71907,Quarks,match,12,2025-11-08 12:00:00-08:00,TABLE A,75,False
192,71907,Quarks,match,14,2025-11-08 13:25:00-08:00,TABLE A,15,False
192,71907,Quarks,match,21,2025-11-08 15:20:00-08:00,TABLE B,15,False
192,72421,EarthCreators,match,6,2025-11-08 10:30:00-08:00,TABLE A,30,True
192,72421,EarthCreators,match,9,2025-11-08 11:25:00-08:00,TABLE B,10,False
192,72421,EarthCreators,match,16,2025-11-08 13:50:00-08:00,TABLE A,15,False
192,72421,EarthCreators,match,23,2025-11-08 15:45:00-08:00,TABLE B,10,False
192,73341, Blitz Bots ,match,4,2025-11-08 10:00:00-08:00,TABLE B,15,True
192,73341, Blitz Bots ,match,9,2025-11-08 11:25:00-08:00,TABLE A,10,False
192,73341, Blitz Bots ,match,17,2025-11-08 14:05:00-08:00,TABLE A,10,False
192,73341, Blitz Bots ,match,24,2025-11-08 15:55:00-08:00,TABLE B,10,False
192,73948,Stratford Osgood,match,2,2025-11-08 09:30:00-08:00,TABLE A,15,True
192,73948,Stratford Osgood,match,11,2025-11-08 11:50:00-08:00,TABLE A,10,False
192,73948,Stratford Osgood,match,15,2025-11-08 13:40:00-08:00,TABLE B,10,False
192,73948,Stratford Osgood,match,19,2025-11-08 15:00:00-08:00,TABLE B,10,False
193,60033,Pokémon ,match,5,2025-11-08 10:15:00-08:00,TABLE A,15,True
193,60033,Pokémon ,match,9,2025-11-08 11:15:00-08:00,TABLE A,15,False
193,60033,Pokémon ,match,13,2025-11-08 13:15:00-08:00,TABLE B,15,False
193,60033,Pokémon ,match,22,2025-11-08 15:45:00-08:00,TABLE B,10,False
193,61016,Mecha Lions FLL A,match,2,2025-11-08 09:30:00-08:00,TABLE B,15,True
193,61016,Mecha Lions FLL A,match,11,2025-11-08 11:45:00-08:00,TABLE A,15,False
193,61016,Mecha Lions FLL A,match,15,2025-11-08 13:45:00-08:00,TABLE B,15,False
193,61016,Mecha Lions FLL A,match,20,2025-11-08 15:20:00-08:00,TABLE A,10,False
193,61017,Mecha Lions FLL B,match,1,2025-11-08 09:15:00-08:00,TABLE B,15,True
193,61017,Mecha Lions FLL B,match,7,2025-11-08 10:45:00-08:00,TABLE A,15,False
193,61017,Mecha Lions FLL B,match,15,2025-11-08 13:45:00-08:00,TABLE A,15,False
193,61017,Mecha Lions FLL B,match,21,2025-11-08 15:30:00-08:00,TABLE B,15,False
193,66078,Pleasanton Explorers,match,1,2025-11-08 09:15:00-08:00,TABLE A,15,True
193,66078,Pleasanton Explorers,match,11,2025-11-08 11:45:00-08:00,TABLE B,15,False
193,66078,Pleasanton Explorers,match,14,2025-11-08 13:30:00-08:00,TABLE B,15,False
193,66078,Pleasanton Explorers,match,19,2025-11-08 15:10:00-08:00,TABLE A,10,False
193,66764,Celsius and Beyond ,match,3,2025-11-08 09:45:00-08:00,TABLE B,15,True
193,66764,Celsius and Beyond ,match,12,2025-11-08 12:00:00-08:00,TABLE B,75,False
193,66764,Celsius and Beyond ,match,14,2025-11-08 13:30:00-08:00,TABLE A,15,False
193,66764,Celsius and Beyond ,match,21,2025-11-08 15:30:00-08:00,TABLE A,15,False
193,66785,"Orange,Peach",match,6,2025-11-08 10:30:00-08:00,TABLE A,15,True
193,66785,"Orange,Peach",match,10,2025-11-08 11:30:00-08:00,TABLE B,15,False
193,66785,"Orange,Peach",match,13,2025-11-08 13:15:00-08:00,TABLE A,15,False
193,66785,"Orange,Peach",match,23,2025-11-08 15:55:00-08:00,TABLE B,10,False
193,66816,Six Stars,match,4,2025-11-08 10:00:00-08:00,TABLE A,15,True
193,66816,Six Stars,match,8,2025-11-08 11:00:00-08:00,TABLE B,15,False
193,66816,Six Stars,match,18,2025-11-08 14:30:00-08:00,TABLE B,40,False
193,66816,Six Stars,match,22,2025-11-08 15:45:00-08:00,TABLE A,10,False
193,73526,Evergreen Mangoes,match,6,2025-11-08 10:30:00-08:00,TABLE B,15,True
193,73526,Evergreen Mangoes,match,9,2025-11-08 11:15:00-08:00,TABLE B,15,False
193,73526,Evergreen Mangoes,match,18,2025-11-08 14:30:00-08:00,TABLE A,40,False
193,73526,Evergreen Mangoes,match,24,2025-11-08 16:05:00-08:00,TABLE A,10,False
193,73527,EV Lutions,match,3,2025-11-08 09:45:00-08:00,TABLE A,15,True
193,73527,EV Lutions,match,7,2025-11-08 10:45:00-08:00,TABLE B,15,False
193,73527,EV Lutions,match,17,2025-11-08 14:15:00-08:00,TABLE A,15,False
193,73527,EV Lutions,match,20,2025-11-08 15:20:00-08:00,TABLE B,10,False
193,73528,Zap Squad,match,5,2025-11-08 10:15:00-08:00,TABLE B,15,True
193,73528,Zap Squad,match,8,2025-11-08 11:00:00-08:00,TABLE A,15,False
193,73528,Zap Squad,match,16,2025-11-08 14:00:00-08:00,TABLE B,15,False
193,73528,Zap Squad,match,23,2025-11-08 15:55:00-08:00,TABLE A,10,False
193,73529,K-Pop LEGO Hunters,match,4,2025-11-08 10:00:00-08:00,TABLE B,15,True
193,73529,K-Pop LEGO Hunters,match,10,2025-11-08 11:30:00-08:00,TABLE A,15,False
193,73529,K-Pop LEGO Hunters,match,16,2025-11-08 14:00:00-08:00,TABLE A,15,False
193,73529,K-Pop LEGO Hunters,match,24,2025-11-08 16:05:00-08:00,TABLE B,10,False
193,74260,Brickaneers,match,2,2025-11-08 09:30:00-08:00,TABLE A,15,True
193,74260,Brickaneers,match,12,2025-11-08 12:00:00-08:00,TABLE A,75,False
193,74260,Brickaneers,match,17,2025-11-08 14:15:00-08:00,TABLE B,15,False
193,74260,Brickaneers,match,19,2025-11-08 15:10:00-08:00,TABLE B,10,False
194,461,Terminatorz,match,5,2025-11-09 10:15:00-08:00,TABLE A,15,True
194,461,Terminatorz,match,9,2025-11-09 11:15:00-08:00,TABLE A,15,False
194,461,Terminatorz,match,13,2025-11-09 13:15:00-08:00,TABLE B,15,False
194,461,Terminatorz,match,22,2025-11-09 15:45:00-08:00,TABLE B,10,False
194,24392,Firedragons,match,2,2025-11-09 09:30:00-08:00,TABLE A,15,True
194,24392,Firedragons,match,12,2025-11-09 12:00:00-08:00,TABLE A,75,False
194,24392,Firedragons,match,17,2025-11-09 14:15:00-08:00,TABLE B,15,False
194,24392,Firedragons,match,19,2025-11-09 15:10:00-08:00,TABLE B,10,False
194,30517,Ice Cream Sundays FLL-C 30517,match,1,2025-11-09 09:15:00-08:00,TABLE A,15,True
194,30517,Ice Cream Sundays FLL-C 30517,match,11,2025-11-09 11:45:00-08:00,TABLE B,15,False
194,30517,Ice Cream Sundays FLL-C 30517,match,14,2025-11-09 13:30:00-08:00,TABLE B,15,False
194,30517,Ice Cream Sundays FLL-C 30517,match,19,2025-11-09 15:10:00-08:00,TABLE A,10,False
194,58666,Allstars Techno Bricks,match,2,2025-11-09 09:30:00-08:00,TABLE B,15,True
194,58666,Allstars Techno Bricks,match,11,2025-11-09 11:45:00-08:00,TABLE A,15,False
194,58666,Allstars Techno Bricks,match,15,2025-11-09 13:45:00-08:00,TABLE B,15,False
194,58666,Allstars Techno Bricks,match,20,2025-11-09 15:20:00-08:00,TABLE A,10,False
194,61938,ZE Gamers,match,3,2025-11-09 09:45:00-08:00,TABLE A,15,True
194,61938,ZE Gamers,match,7,2025-11-09 10:45:00-08:00,TABLE B,15,False
194,61938,ZE Gamers,match,17,2025-11-09 14:15:00-08:00,TABLE A,15,False
194,61938,ZE Gamers,match,20,2025-11-09 15:20:00-08:00,TABLE B,10,False
194,65018,Brickbotsfll,match,3,2025-11-09 09:45:00-08:00,TABLE B,15,True
194,65018,Brickbotsfll,match,12,2025-11-09 12:00:00-08:00,TABLE B,75,False
194,65018,Brickbotsfll,match,14,2025-11-09 13:30:00-08:00,TABLE A,15,False
194,65018,Brickbotsfll,match,21,2025-11-09 15:30:00-08:00,TABLE A,15,False
194,71504,Little lego miners,match,4,2025-11-09 10:00:00-08:00,TABLE A,15,True
194,71504,Little lego miners,match,8,2025-11-09 11:00:00-08:00,TABLE B,15,False
194,71504,Little lego miners,match,18,2025-11-09 14:30:00-08:00,TABLE B,40,False
194,71504,Little lego miners,match,22,2025-11-09 15:45:00-08:00,TABLE A,10,False
194,72104,Techwiz 2.0,match,6,2025-11-09 10:30:00-08:00,TABLE B,15,True
194,72104,Techwiz 2.0,match,9,2025-11-09 11:15:00-08:00,TABLE B,15,False
194,72104,Techwiz 2.0,match,18,2025-11-09 14:30:00-08:00,TABLE A,40,False
194,72104,Techwiz 2.0,match,24,2025-11-09 16:05:00-08:00,TABLE A,10,False
194,72433,Blach Unearthed Odyssey,match,1,2025-11-09 09:15:00-08:00,TABLE B,15,True
194,72433,Blach Unearthed Odyssey,match,7,2025-11-09 10:45:00-08:00,TABLE A,15,False
194,72433,Blach Unearthed Odyssey,match,15,2025-11-09 13:45:00-08:00,TABLE A,15,False
194,72433,Blach Unearthed Odyssey,match,21,2025-11-09 15:30:00-08:00,TABLE B,15,False
194,72841,Haripriya Vangara,match,4,2025-11-09 10:00:00-08:00,TABLE B,15,True
194,72841,Haripriya Vangara,match,10,2025-11-09 11:30:00-08:00,TABLE A,15,False
194,72841,Haripriya Vangara,match,16,2025-11-09 14:00:00-08:00,TABLE A,15,False
194,72841,Haripriya Vangara,match,24,2025-11-09 16:05:00-08:00,TABLE B,10,False
194,73282,Epsilon Scorpii,match,6,2025-11-09 10:30:00-08:00,TABLE A,15,True
194,73282,Epsilon Scorpii,match,10,2025-11-09 11:30:00-08:00,TABLE B,15,False
194,73282,Epsilon Scorpii,match,13,2025-11-09 13:15:00-08:00,TABLE A,15,False
194,73282,Epsilon Scorpii,match,23,2025-11-09 15:55:00-08:00,TABLE B,10,False
194,73984,PSV C0ders,match,5,2025-11-09 10:15:00-08:00,TABLE B,15,True
194,73984,PSV C0ders,match,8,2025-11-09 11:00:00-08:00,TABLE A,15,False
194,73984,PSV C0ders,match,16,2025-11-09 14:00:00-08:00,TABLE B,15,False
194,73984,PSV C0ders,match,23,2025-11-09 15:55:00-08:00,TABLE A,10,False
267,10586,The Peanut Botters,match,2,2026-02-22 09:20:00-08:00,Red Table R2,10,False
267,10586,The Peanut Botters,match,10,2026-02-22 13:10:00-08:00,Blue Table B1,10,False
267,10586,The Peanut Botters,match,13,2026-02-22 14:10:00-08:00,White Table W2,10,False
267,10586,The Peanut Botters,match,17,2026-02-22 16:00:00-08:00,Blue Table B2,10,False
267,30517,Ice Cream Sundays FLL-C 30517,match,3,2026-02-22 09:40:00-08:00,Red Table R2,10,False
267,30517,Ice Cream Sundays FLL-C 30517,match,6,2026-02-22 11:00:00-08:00,Blue Table B1,10,False
267,30517,Ice Cream Sundays FLL-C 30517,match,14,2026-02-22 14:30:00-08:00,White Table W2,10,False
267,30517,Ice Cream Sundays FLL-C 30517,match,18,2026-02-22 16:15:00-08:00,Blue Table B2,10,False
267,37489,FLL-C 37489,match,2,2026-02-22 09:20:00-08:00,White Table W1,10,False
267,37489,FLL-C 37489,match,10,2026-02-22 13:10:00-08:00,Red Table R2,10,False
267,37489,FLL-C 37489,match,13,2026-02-22 14:10:00-08:00,Red Table R1,10,False
267,37489,FLL-C 37489,match,17,2026-02-22 16:00:00-08:00,Blue Table B1,10,False
267,48793,Mountain House,match,1,2026-02-22 09:00:00-08:00,White Table W2,10,False
267,48793,Mountain House,match,9,2026-02-22 12:00:00-08:00,Blue Table B2,10,False
267,48793,Mountain House,match,12,2026-02-22 13:50:00-08:00,Blue Table B1,10,False
267,48793,Mountain House,match,16,2026-02-22 15:45:00-08:00,Red Table R2,10,False
267,51095,CreaTech,match,4,2026-02-22 10:00:00-08:00,White Table W1,10,False
267,51095,CreaTech,match,7,2026-02-22 11:20:00-08:00,Red Table R2,10,False
267,51095,CreaTech,match,15,2026-02-22 14:50:00-08:00,Red Table R1,10,False
267,51095,CreaTech,match,19,2026-02-22 16:30:00-08:00,Blue Table B1,10,False
267,52305,Master Oogway,match,5,2026-02-22 10:20:00-08:00,Blue Table B1,10,False
267,52305,Master Oogway,match,8,2026-02-22 11:40:00-08:00,Red Table R1,10,False
267,52305,Master Oogway,match,11,2026-02-22 13:30:00-08:00,Blue Table B2,10,False
267,52305,Master Oogway,match,20,2026-02-22 16:45:00-08:00,White Table W1,10,False
267,52363,TerraBytes,match,5,2026-02-22 10:20:00-08:00,White Table W2,10,False
267,52363,TerraBytes,match,8,2026-02-22 11:40:00-08:00,Blue Table B2,10,False
267,52363,TerraBytes,match,11,2026-02-22 13:30:00-08:00,Blue Table B1,10,False
267,52363,TerraBytes,match,20,2026-02-22 16:45:00-08:00,Red Table R2,10,False
267,60507,Team Prime,match,1,2026-02-22 09:00:00-08:00,White Table W1,10,False
267,60507,Team Prime,match,9,2026-02-22 12:00:00-08:00,Red Table R2,10,False
267,60507,Team Prime,match,12,2026-02-22 13:50:00-08:00,Red Table R1,10,False
267,60507,Team Prime,match,16,2026-02-22 15:45:00-08:00,Blue Table B1,10,False
267,60718,Rockin Robos,match,5,2026-02-22 10:20:00-08:00,Red Table R2,10,False
267,60718,Rockin Robos,match,8,2026-02-22 11:40:00-08:00,Blue Table B1,10,False
267,60718,Rockin Robos,match,11,2026-02-22 13:30:00-08:00,White Table W2,10,False
267,60718,Rockin Robos,match,20,2026-02-22 16:45:00-08:00,Blue Table B2,10,False
267,61139,Lightning Squad,match,4,2026-02-22 10:00:00-08:00,Red Table R1,10,False
267,61139,Lightning Squad,match,7,2026-02-22 11:20:00-08:00,White Table W1,10,False
267,61139,Lightning Squad,match,15,2026-02-22 14:50:00-08:00,Red Table R2,10,False
267,61139,Lightning Squad,match,19,2026-02-22 16:30:00-08:00,White Table W2,10,False
267,61406,Quantum Bots,match,3,2026-02-22 09:40:00-08:00,White Table W2,10,False
267,61406,Quantum Bots,match,6,2026-02-22 11:00:00-08:00,Blue Table B2,10,False
267,61406,Quantum Bots,match,14,2026-02-22 14:30:00-08:00,Blue Table B1,10,False
267,61406,Quantum Bots,match,18,2026-02-22 16:15:00-08:00,Red Table R2,10,False
267,62268,Delta Cosmic Coders 2025,match,1,2026-02-22 09:00:00-08:00,Blue Table B2,10,False
267,62268,Delta Cosmic Coders 2025,match,9,2026-02-22 12:00:00-08:00,White Table W2,10,False
267,62268,Delta Cosmic Coders 2025,match,12,2026-02-22 13:50:00-08:00,White Table W1,10,False
267,62268,Delta Cosmic Coders 2025,match,16,2026-02-22 15:45:00-08:00,Red Table R1,10,False
267,64638,Brain Bots,match,2,2026-02-22 09:20:00-08:00,Red Table R1,10,False
267,64638,Brain Bots,match,10,2026-02-22 13:10:00-08:00,White Table W1,10,False
267,64638,Brain Bots,match,13,2026-02-22 14:10:00-08:00,Red Table R2,10,False
267,64638,Brain Bots,match,17,2026-02-22 16:00:00-08:00,White Table W2,10,False
267,64889,Sea Monsters Squad,match,5,2026-02-22 10:20:00-08:00,White Table W1,10,False
267,64889,Sea Monsters Squad,match,8,2026-02-22 11:40:00-08:00,Red Table R2,10,False
267,64889,Sea Monsters Squad,match,11,2026-02-22 13:30:00-08:00,Red Table R1,10,False
267,64889,Sea Monsters Squad,match,20,2026-02-22 16:45:00-08:00,Blue Table B1,10,False
267,64898,Circuit Breakers,match,3,2026-02-22 09:40:00-08:00,Blue Table B1,10,False
267,64898,Circuit Breakers,match,6,2026-02-22 11:00:00-08:00,Red Table R1,10,False
267,64898,Circuit Breakers,match,14,2026-02-22 14:30:00-08:00,Blue Table B2,10,False
267,64898,Circuit Breakers,match,18,2026-02-22 16:15:00-08:00,White Table W1,10,False
267,65902,Coding Mavs,match,5,2026-02-22 10:20:00-08:00,Blue Table B2,10,False
267,65902,Coding Mavs,match,8,2026-02-22 11:40:00-08:00,White Table W2,10,False
267,65902,Coding Mavs,match,11,2026-02-22 13:30:00-08:00,White Table W1,10,False
267,65902,Coding Mavs,match,20,2026-02-22 16:45:00-08:00,Red Table R1,10,False
267,66292,CookieBots,match,1,2026-02-22 09:00:00-08:00,Red Table R1,10,False
267,66292,CookieBots,match,9,2026-02-22 12:00:00-08:00,White Table W1,10,False
267,66292,CookieBots,match,12,2026-02-22 13:50:00-08:00,Red Table R2,10,False
267,66292,CookieBots,match,16,2026-02-22 15:45:00-08:00,White Table W2,10,False
267,66764,Celsius and Beyond ,match,3,2026-02-22 09:40:00-08:00,White Table W1,10,False
267,66764,Celsius and Beyond ,match,6,2026-02-22 11:00:00-08:00,Red Table R2,10,False
267,66764,Celsius and Beyond ,match,14,2026-02-22 14:30:00-08:00,Red Table R1,10,False
267,66764,Celsius and Beyond ,match,18,2026-02-22 16:15:00-08:00,Blue Table B1,10,False
267,66816,Six Stars,match,2,2026-02-22 09:20:00-08:00,Blue Table B1,10,False
267,66816,Six Stars,match,10,2026-02-22 13:10:00-08:00,Red Table R1,10,False
267,66816,Six Stars,match,13,2026-02-22 14:10:00-08:00,Blue Table B2,10,False
267,66816,Six Stars,match,17,2026-02-22 16:00:00-08:00,White Table W1,10,False
267,67216,Submersiwolves,match,3,2026-02-22 09:40:00-08:00,Blue Table B2,10,False
267,67216,Submersiwolves,match,6,2026-02-22 11:00:00-08:00,White Table W2,10,False
267,67216,Submersiwolves,match,14,2026-02-22 14:30:00-08:00,White Table W1,10,False
267,67216,Submersiwolves,match,18,2026-02-22 16:15:00-08:00,Red Table R1,10,False
267,68202,Curious Earthlings,match,2,2026-02-22 09:20:00-08:00,Blue Table B2,10,False
267,68202,Curious Earthlings,match,10,2026-02-22 13:10:00-08:00,White Table W2,10,False
267,68202,Curious Earthlings,match,13,2026-02-22 14:10:00-08:00,White Table W1,10,False
267,68202,Curious Earthlings,match,17,2026-02-22 16:00:00-08:00,Red Table R1,10,False
267,68575,Titan-Botics,match,5,2026-02-22 10:20:00-08:00,Red Table R1,10,False
267,68575,Titan-Botics,match,8,2026-02-22 11:40:00-08:00,White Table W1,10,False
267,68575,Titan-Botics,match,11,2026-02-22 13:30:00-08:00,Red Table R2,10,False
267,68575,Titan-Botics,match,20,2026-02-22 16:45:00-08:00,White Table W2,10,False
267,70238,Trapped in Union City,match,2,2026-02-22 09:20:00-08:00,White Table W2,10,False
267,70238,Trapped in Union City,match,10,2026-02-22 13:10:00-08:00,Blue Table B2,10,False
267,70238,Trapped in Union City,match,13,2026-02-22 14:10:00-08:00,Blue Table B1,10,False
267,70238,Trapped in Union City,match,17,2026-02-22 16:00:00-08:00,Red Table R2,10,False
267,70765,The Paleo Coders,match,4,2026-02-22 10:00:00-08:00,Blue Table B1,10,False
267,70765,The Paleo Coders,match,7,2026-02-22 11:20:00-08:00,Red Table R1,10,False
267,70765,The Paleo Coders,match,15,2026-02-22 14:50:00-08:00,Blue Table B2,10,False
267,70765,The Paleo Coders,match,19,2026-02-22 16:30:00-08:00,White Table W1,10,False
267,70849,ML Infinity Bots,match,4,2026-02-22 10:00:00-08:00,White Table W2,10,False
267,70849,ML Infinity Bots,match,7,2026-02-22 11:20:00-08:00,Blue Table B2,10,False
267,70849,ML Infinity Bots,match,15,2026-02-22 14:50:00-08:00,Blue Table B1,10,False
267,70849,ML Infinity Bots,match,19,2026-02-22 16:30:00-08:00,Red Table R2,10,False
267,72151,Miniona Jones,match,3,2026-02-22 09:40:00-08:00,Red Table R1,10,False
267,72151,Miniona Jones,match,6,2026-02-22 11:00:00-08:00,White Table W1,10,False
267,72151,Miniona Jones,match,14,2026-02-22 14:30:00-08:00,Red Table R2,10,False
267,72151,Miniona Jones,match,18,2026-02-22 16:15:00-08:00,White Table W2,10,False
267,72257,Lego Benders,match,1,2026-02-22 09:00:00-08:00,Red Table R2,10,False
267,72257,Lego Benders,match,9,2026-02-22 12:00:00-08:00,Blue Table B1,10,False
267,72257,Lego Benders,match,12,2026-02-22 13:50:00-08:00,White Table W2,10,False
267,72257,Lego Benders,match,16,2026-02-22 15:45:00-08:00,Blue Table B2,10,False
267,72421,EarthCreators,match,4,2026-02-22 10:00:00-08:00,Blue Table B2,10,False
267,72421,EarthCreators,match,7,2026-02-22 11:20:00-08:00,White Table W2,10,False
267,72421,EarthCreators,match,15,2026-02-22 14:50:00-08:00,White Table W1,10,False
267,72421,EarthCreators,match,19,2026-02-22 16:30:00-08:00,Red Table R1,10,False
267,72651,Coding Buddies ,match,1,2026-02-22 09:00:00-08:00,Blue Table B1,10,False
267,72651,Coding Buddies ,match,9,2026-02-22 12:00:00-08:00,Red Table R1,10,False
267,72651,Coding Buddies ,match,12,2026-02-22 13:50:00-08:00,Blue Table B2,10,False
267,72651,Coding Buddies ,match,16,2026-02-22 15:45:00-08:00,White Table W1,10,False
267,74260,Brickaneers,match,4,2026-02-22 10:00:00-08:00,Red Table R2,10,False
267,74260,Brickaneers,match,7,2026-02-22 11:20:00-08:00,Blue Table B1,10,False
267,74260,Brickaneers,match,15,2026-02-22 14:50:00-08:00,White Table W2,10,False
267,74260,Brickaneers,match,19,2026-02-22 16:30:00-08:00,Blue Table B2,10,False
268,2848,2848,match,5,2026-03-08 09:55:00-07:00,Blue Table B2,10,False
268,2848,2848,match,11,2026-03-08 11:10:00-07:00,Blue Table B1,10,False
268,2848,2848,match,26,2026-03-08 15:10:00-07:00,White Table W2,10,False
268,2848,2848,match,34,2026-03-08 17:00:00-07:00,Red Table R2,10,False
268,4979,4979,match,1,2026-03-08 09:00:00-07:00,Red Table R2,10,False
268,4979,4979,match,16,2026-03-08 13:20:00-07:00,Blue Table B2,10,False
268,4979,4979,match,22,2026-03-08 14:30:00-07:00,Blue Table B1,10,False
268,4979,4979,match,30,2026-03-08 16:20:00-07:00,White Table W2,10,False
268,8560,ProGRAHAMers,match,6,2026-03-08 10:05:00-07:00,Red Table R2,10,False
268,8560,ProGRAHAMers,match,12,2026-03-08 11:20:00-07:00,Blue Table B2,10,False
268,8560,ProGRAHAMers,match,27,2026-03-08 15:20:00-07:00,Blue Table B1,10,False
268,8560,ProGRAHAMers,match,35,2026-03-08 17:10:00-07:00,White Table W2,10,False
268,17492,17492,match,7,2026-03-08 10:15:00-07:00,Red Table R2,10,False
268,17492,17492,match,13,2026-03-08 11:30:00-07:00,Blue Table B2,10,False
268,17492,17492,match,19,2026-03-08 14:00:00-07:00,Blue Table B1,10,False
268,17492,17492,match,36,2026-03-08 17:20:00-07:00,White Table W2,10,False
268,17493,17493,match,3,2026-03-08 09:30:00-07:00,White Table W1,10,False
268,17493,17493,match,18,2026-03-08 13:40:00-07:00,Red Table R1,10,False
268,17493,17493,match,24,2026-03-08 14:50:00-07:00,Blue Table B2,10,False
268,17493,17493,match,32,2026-03-08 16:40:00-07:00,Blue Table B1,10,False
268,34265,EagleBots,match,7,2026-03-08 10:15:00-07:00,Red Table R1,10,False
268,34265,EagleBots,match,13,2026-03-08 11:30:00-07:00,White Table W2,10,False
268,34265,EagleBots,match,19,2026-03-08 14:00:00-07:00,White Table W1,10,False
268,34265,EagleBots,match,36,2026-03-08 17:20:00-07:00,Blue Table B2,10,False
268,38159,Otterly Awesome,match,5,2026-03-08 09:55:00-07:00,Blue Table B1,10,False
268,38159,Otterly Awesome,match,11,2026-03-08 11:10:00-07:00,Red Table R2,10,False
268,38159,Otterly Awesome,match,26,2026-03-08 15:10:00-07:00,Red Table R1,10,False
268,38159,Otterly Awesome,match,34,2026-03-08 17:00:00-07:00,White Table W1,10,False
268,52561,Brilliant Beavers,match,3,2026-03-08 09:30:00-07:00,Blue Table B2,10,False
268,52561,Brilliant Beavers,match,18,2026-03-08 13:40:00-07:00,Blue Table B1,10,False
268,52561,Brilliant Beavers,match,24,2026-03-08 14:50:00-07:00,White Table W2,10,False
268,52561,Brilliant Beavers,match,32,2026-03-08 16:40:00-07:00,Red Table R2,10,False
268,52943,Digital Dolphins GREEN TEAM,match,6,2026-03-08 10:05:00-07:00,White Table W2,10,False
268,52943,Digital Dolphins GREEN TEAM,match,12,2026-03-08 11:20:00-07:00,White Table W1,10,False
268,52943,Digital Dolphins GREEN TEAM,match,27,2026-03-08 15:20:00-07:00,Red Table R2,10,False
268,52943,Digital Dolphins GREEN TEAM,match,35,2026-03-08 17:10:00-07:00,Red Table R1,10,False
268,54977,Menlo Park Narleaotters,match,9,2026-03-08 10:40:00-07:00,Blue Table B1,10,False
268,54977,Menlo Park Narleaotters,match,15,2026-03-08 13:10:00-07:00,Red Table R2,10,False
268,54977,Menlo Park Narleaotters,match,21,2026-03-08 14:20:00-07:00,Red Table R1,10,False
268,54977,Menlo Park Narleaotters,match,29,2026-03-08 16:10:00-07:00,White Table W1,10,False
268,56768,Blue Brickbots,match,4,2026-03-08 09:40:00-07:00,Blue Table B1,10,False
268,56768,Blue Brickbots,match,10,2026-03-08 11:00:00-07:00,Red Table R2,10,False
268,56768,Blue Brickbots,match,25,2026-03-08 15:00:00-07:00,Red Table R1,10,False
268,56768,Blue Brickbots,match,33,2026-03-08 16:50:00-07:00,White Table W1,10,False
268,57382,RoboRise,match,4,2026-03-08 09:40:00-07:00,Red Table R2,10,False
268,57382,RoboRise,match,10,2026-03-08 11:00:00-07:00,Blue Table B2,10,False
268,57382,RoboRise,match,25,2026-03-08 15:00:00-07:00,Blue Table B1,10,False
268,57382,RoboRise,match,33,2026-03-08 16:50:00-07:00,White Table W2,10,False
268,58828,ShortCircuit,match,6,2026-03-08 10:05:00-07:00,White Table W1,10,False
268,58828,ShortCircuit,match,12,2026-03-08 11:20:00-07:00,Red Table R1,10,False
268,58828,ShortCircuit,match,27,2026-03-08 15:20:00-07:00,Blue Table B2,10,False
268,58828,ShortCircuit,match,35,2026-03-08 17:10:00-07:00,Blue Table B1,10,False
268,60033,Pokémon ,match,1,2026-03-08 09:00:00-07:00,Blue Table B1,10,False
268,60033,Pokémon ,match,16,2026-03-08 13:20:00-07:00,Red Table R2,10,False
268,60033,Pokémon ,match,22,2026-03-08 14:30:00-07:00,Red Table R1,10,False
268,60033,Pokémon ,match,30,2026-03-08 16:20:00-07:00,White Table W1,10,False
268,60085,Lego Artisans,match,8,2026-03-08 10:30:00-07:00,Red Table R2,10,False
268,60085,Lego Artisans,match,14,2026-03-08 11:40:00-07:00,Blue Table B2,10,False
268,60085,Lego Artisans,match,20,2026-03-08 14:10:00-07:00,Blue Table B1,10,False
268,60085,Lego Artisans,match,28,2026-03-08 16:00:00-07:00,White Table W2,10,False
268,60354,Helios Suns,match,2,2026-03-08 09:15:00-07:00,Red Table R1,10,False
268,60354,Helios Suns,match,17,2026-03-08 13:30:00-07:00,White Table W2,10,False
268,60354,Helios Suns,match,23,2026-03-08 14:40:00-07:00,White Table W1,10,False
268,60354,Helios Suns,match,31,2026-03-08 16:30:00-07:00,Blue Table B2,10,False
268,60418,Hedgedroid,match,7,2026-03-08 10:15:00-07:00,White Table W1,10,False
268,60418,Hedgedroid,match,13,2026-03-08 11:30:00-07:00,Red Table R1,10,False
268,60418,Hedgedroid,match,19,2026-03-08 14:00:00-07:00,Blue Table B2,10,False
268,60418,Hedgedroid,match,36,2026-03-08 17:20:00-07:00,Blue Table B1,10,False
268,60497,Apollo 6,match,7,2026-03-08 10:15:00-07:00,Blue Table B2,10,False
268,60497,Apollo 6,match,13,2026-03-08 11:30:00-07:00,Blue Table B1,10,False
268,60497,Apollo 6,match,19,2026-03-08 14:00:00-07:00,White Table W2,10,False
268,60497,Apollo 6,match,36,2026-03-08 17:20:00-07:00,Red Table R2,10,False
268,60502,CodeBreakerz,match,7,2026-03-08 10:15:00-07:00,Blue Table B1,10,False
268,60502,CodeBreakerz,match,13,2026-03-08 11:30:00-07:00,Red Table R2,10,False
268,60502,CodeBreakerz,match,19,2026-03-08 14:00:00-07:00,Red Table R1,10,False
268,60502,CodeBreakerz,match,36,2026-03-08 17:20:00-07:00,White Table W1,10,False
268,60855,GearShift,match,6,2026-03-08 10:05:00-07:00,Red Table R1,10,False
268,60855,GearShift,match,12,2026-03-08 11:20:00-07:00,White Table W2,10,False
268,60855,GearShift,match,27,2026-03-08 15:20:00-07:00,White Table W1,10,False
268,60855,GearShift,match,35,2026-03-08 17:10:00-07:00,Blue Table B2,10,False
268,60868,iBots,match,4,2026-03-08 09:40:00-07:00,Red Table R1,10,False
268,60868,iBots,match,10,2026-03-08 11:00:00-07:00,White Table W2,10,False
268,60868,iBots,match,25,2026-03-08 15:00:00-07:00,White Table W1,10,False
268,60868,iBots,match,33,2026-03-08 16:50:00-07:00,Blue Table B2,10,False
268,60869,Techno Troopers,match,2,2026-03-08 09:15:00-07:00,White Table W2,10,False
268,60869,Techno Troopers,match,17,2026-03-08 13:30:00-07:00,White Table W1,10,False
268,60869,Techno Troopers,match,23,2026-03-08 14:40:00-07:00,Red Table R2,10,False
268,60869,Techno Troopers,match,31,2026-03-08 16:30:00-07:00,Red Table R1,10,False
268,60996,VortexMasterminds,match,9,2026-03-08 10:40:00-07:00,White Table W2,10,False
268,60996,VortexMasterminds,match,15,2026-03-08 13:10:00-07:00,White Table W1,10,False
268,60996,VortexMasterminds,match,21,2026-03-08 14:20:00-07:00,Red Table R2,10,False
268,60996,VortexMasterminds,match,29,2026-03-08 16:10:00-07:00,Red Table R1,10,False
268,61685,Union Megatrons,match,1,2026-03-08 09:00:00-07:00,White Table W1,10,False
268,61685,Union Megatrons,match,16,2026-03-08 13:20:00-07:00,Red Table R1,10,False
268,61685,Union Megatrons,match,22,2026-03-08 14:30:00-07:00,Blue Table B2,10,False
268,61685,Union Megatrons,match,30,2026-03-08 16:20:00-07:00,Blue Table B1,10,False
268,61803,Robosaurs,match,5,2026-03-08 09:55:00-07:00,White Table W2,10,False
268,61803,Robosaurs,match,11,2026-03-08 11:10:00-07:00,White Table W1,10,False
268,61803,Robosaurs,match,26,2026-03-08 15:10:00-07:00,Red Table R2,10,False
268,61803,Robosaurs,match,34,2026-03-08 17:00:00-07:00,Red Table R1,10,False
268,61949,Ultraviolet,match,1,2026-03-08 09:00:00-07:00,Blue Table B2,10,False
268,61949,Ultraviolet,match,16,2026-03-08 13:20:00-07:00,Blue Table B1,10,False
268,61949,Ultraviolet,match,22,2026-03-08 14:30:00-07:00,White Table W2,10,False
268,61949,Ultraviolet,match,30,2026-03-08 16:20:00-07:00,Red Table R2,10,False
268,64698,ROAR,match,8,2026-03-08 10:30:00-07:00,Blue Table B1,10,False
268,64698,ROAR,match,14,2026-03-08 11:40:00-07:00,Red Table R2,10,False
268,64698,ROAR,match,20,2026-03-08 14:10:00-07:00,Red Table R1,10,False
268,64698,ROAR,match,28,2026-03-08 16:00:00-07:00,White Table W1,10,False
268,65258,CrypticButterflies,match,8,2026-03-08 10:30:00-07:00,Red Table R1,10,False
268,65258,CrypticButterflies,match,14,2026-03-08 11:40:00-07:00,White Table W2,10,False
268,65258,CrypticButterflies,match,20,2026-03-08 14:10:00-07:00,White Table W1,10,False
268,65258,CrypticButterflies,match,28,2026-03-08 16:00:00-07:00,Blue Table B2,10,False
268,65287,RoboWizards7,match,4,2026-03-08 09:40:00-07:00,Blue Table B2,10,False
268,65287,RoboWizards7,match,10,2026-03-08 11:00:00-07:00,Blue Table B1,10,False
268,65287,RoboWizards7,match,25,2026-03-08 15:00:00-07:00,White Table W2,10,False
268,65287,RoboWizards7,match,33,2026-03-08 16:50:00-07:00,Red Table R2,10,False
268,65319,DCADS Robo Cubs,match,7,2026-03-08 10:15:00-07:00,White Table W2,10,False
268,65319,DCADS Robo Cubs,match,13,2026-03-08 11:30:00-07:00,White Table W1,10,False
268,65319,DCADS Robo Cubs,match,19,2026-03-08 14:00:00-07:00,Red Table R2,10,False
268,65319,DCADS Robo Cubs,match,36,2026-03-08 17:20:00-07:00,Red Table R1,10,False
268,66208,Bob the Builders,match,9,2026-03-08 10:40:00-07:00,Blue Table B2,10,False
268,66208,Bob the Builders,match,15,2026-03-08 13:10:00-07:00,Blue Table B1,10,False
268,66208,Bob the Builders,match,21,2026-03-08 14:20:00-07:00,White Table W2,10,False
268,66208,Bob the Builders,match,29,2026-03-08 16:10:00-07:00,Red Table R2,10,False
268,66511,Tech Titans,match,3,2026-03-08 09:30:00-07:00,Red Table R2,10,False
268,66511,Tech Titans,match,18,2026-03-08 13:40:00-07:00,Blue Table B2,10,False
268,66511,Tech Titans,match,24,2026-03-08 14:50:00-07:00,Blue Table B1,10,False
268,66511,Tech Titans,match,32,2026-03-08 16:40:00-07:00,White Table W2,10,False
268,66820,Leadways FBI,match,3,2026-03-08 09:30:00-07:00,Red Table R1,10,False
268,66820,Leadways FBI,match,18,2026-03-08 13:40:00-07:00,White Table W2,10,False
268,66820,Leadways FBI,match,24,2026-03-08 14:50:00-07:00,White Table W1,10,False
268,66820,Leadways FBI,match,32,2026-03-08 16:40:00-07:00,Blue Table B2,10,False
268,67092,Flame Bots,match,8,2026-03-08 10:30:00-07:00,Blue Table B2,10,False
268,67092,Flame Bots,match,14,2026-03-08 11:40:00-07:00,Blue Table B1,10,False
268,67092,Flame Bots,match,20,2026-03-08 14:10:00-07:00,White Table W2,10,False
268,67092,Flame Bots,match,28,2026-03-08 16:00:00-07:00,Red Table R2,10,False
268,67107,Tech Titans,match,9,2026-03-08 10:40:00-07:00,White Table W1,10,False
268,67107,Tech Titans,match,15,2026-03-08 13:10:00-07:00,Red Table R1,10,False
268,67107,Tech Titans,match,21,2026-03-08 14:20:00-07:00,Blue Table B2,10,False
268,67107,Tech Titans,match,29,2026-03-08 16:10:00-07:00,Blue Table B1,10,False
268,67150,Coding Ninjas,match,5,2026-03-08 09:55:00-07:00,White Table W1,10,False
268,67150,Coding Ninjas,match,11,2026-03-08 11:10:00-07:00,Red Table R1,10,False
268,67150,Coding Ninjas,match,26,2026-03-08 15:10:00-07:00,Blue Table B2,10,False
268,67150,Coding Ninjas,match,34,2026-03-08 17:00:00-07:00,Blue Table B1,10,False
268,67840,The Submarine SharkBots,match,6,2026-03-08 10:05:00-07:00,Blue Table B1,10,False
268,67840,The Submarine SharkBots,match,12,2026-03-08 11:20:00-07:00,Red Table R2,10,False
268,67840,The Submarine SharkBots,match,27,2026-03-08 15:20:00-07:00,Red Table R1,10,False
268,67840,The Submarine SharkBots,match,35,2026-03-08 17:10:00-07:00,White Table W1,10,False
268,68861,Technic Pythons,match,3,2026-03-08 09:30:00-07:00,Blue Table B1,10,False
268,68861,Technic Pythons,match,18,2026-03-08 13:40:00-07:00,Red Table R2,10,False
268,68861,Technic Pythons,match,24,2026-03-08 14:50:00-07:00,Red Table R1,10,False
268,68861,Technic Pythons,match,32,2026-03-08 16:40:00-07:00,White Table W1,10,False
268,70148,TerraKnights,match,2,2026-03-08 09:15:00-07:00,White Table W1,10,False
268,70148,TerraKnights,match,17,2026-03-08 13:30:00-07:00,Red Table R1,10,False
268,70148,TerraKnights,match,23,2026-03-08 14:40:00-07:00,Blue Table B2,10,False
268,70148,TerraKnights,match,31,2026-03-08 16:30:00-07:00,Blue Table B1,10,False
268,70538,Shovel Buddies,match,9,2026-03-08 10:40:00-07:00,Red Table R2,10,False
268,70538,Shovel Buddies,match,15,2026-03-08 13:10:00-07:00,Blue Table B2,10,False
268,70538,Shovel Buddies,match,21,2026-03-08 14:20:00-07:00,Blue Table B1,10,False
268,70538,Shovel Buddies,match,29,2026-03-08 16:10:00-07:00,White Table W2,10,False
268,71128,MidKnight Marvels,match,5,2026-03-08 09:55:00-07:00,Red Table R1,10,False
268,71128,MidKnight Marvels,match,11,2026-03-08 11:10:00-07:00,White Table W2,10,False
268,71128,MidKnight Marvels,match,26,2026-03-08 15:10:00-07:00,White Table W1,10,False
268,71128,MidKnight Marvels,match,34,2026-03-08 17:00:00-07:00,Blue Table B2,10,False
268,71232,Aura100%,match,9,2026-03-08 10:40:00-07:00,Red Table R1,10,False
268,71232,Aura100%,match,15,2026-03-08 13:10:00-07:00,White Table W2,10,False
268,71232,Aura100%,match,21,2026-03-08 14:20:00-07:00,White Table W1,10,False
268,71232,Aura100%,match,29,2026-03-08 16:10:00-07:00,Blue Table B2,10,False
268,71331,Next Team,match,5,2026-03-08 09:55:00-07:00,Red Table R2,10,False
268,71331,Next Team,match,11,2026-03-08 11:10:00-07:00,Blue Table B2,10,False
268,71331,Next Team,match,26,2026-03-08 15:10:00-07:00,Blue Table B1,10,False
268,71331,Next Team,match,34,2026-03-08 17:00:00-07:00,White Table W2,10,False
268,71598,WIP,match,2,2026-03-08 09:15:00-07:00,Red Table R2,10,False
268,71598,WIP,match,17,2026-03-08 13:30:00-07:00,Blue Table B2,10,False
268,71598,WIP,match,23,2026-03-08 14:40:00-07:00,Blue Table B1,10,False
268,71598,WIP,match,31,2026-03-08 16:30:00-07:00,White Table W2,10,False
268,71606,Lego Legends,match,8,2026-03-08 10:30:00-07:00,White Table W1,10,False
268,71606,Lego Legends,match,14,2026-03-08 11:40:00-07:00,Red Table R1,10,False
268,71606,Lego Legends,match,20,2026-03-08 14:10:00-07:00,Blue Table B2,10,False
268,71606,Lego Legends,match,28,2026-03-08 16:00:00-07:00,Blue Table B1,10,False
268,71616, brick bots,match,6,2026-03-08 10:05:00-07:00,Blue Table B2,10,False
268,71616, brick bots,match,12,2026-03-08 11:20:00-07:00,Blue Table B1,10,False
268,71616, brick bots,match,27,2026-03-08 15:20:00-07:00,White Table W2,10,False
268,71616, brick bots,match,35,2026-03-08 17:10:00-07:00,Red Table R2,10,False
268,71713,BuildHers,match,4,2026-03-08 09:40:00-07:00,White Table W1,10,False
268,71713,BuildHers,match,10,2026-03-08 11:00:00-07:00,Red Table R1,10,False
268,71713,BuildHers,match,25,2026-03-08 15:00:00-07:00,Blue Table B2,10,False
268,71713,BuildHers,match,33,2026-03-08 16:50:00-07:00,Blue Table B1,10,False
268,71920,RoboWizards,match,3,2026-03-08 09:30:00-07:00,White Table W2,10,False
268,71920,RoboWizards,match,18,2026-03-08 13:40:00-07:00,White Table W1,10,False
268,71920,RoboWizards,match,24,2026-03-08 14:50:00-07:00,Red Table R2,10,False
268,71920,RoboWizards,match,32,2026-03-08 16:40:00-07:00,Red Table R1,10,False
268,72044,Earth Giants,match,4,2026-03-08 09:40:00-07:00,White Table W2,10,False
268,72044,Earth Giants,match,10,2026-03-08 11:00:00-07:00,White Table W1,10,False
268,72044,Earth Giants,match,25,2026-03-08 15:00:00-07:00,Red Table R2,10,False
268,72044,Earth Giants,match,33,2026-03-08 16:50:00-07:00,Red Table R1,10,False
268,72068,DVMS Robotics,match,2,2026-03-08 09:15:00-07:00,Blue Table B1,10,False
268,72068,DVMS Robotics,match,17,2026-03-08 13:30:00-07:00,Red Table R2,10,False
268,72068,DVMS Robotics,match,23,2026-03-08 14:40:00-07:00,Red Table R1,10,False
268,72068,DVMS Robotics,match,31,2026-03-08 16:30:00-07:00,White Table W1,10,False
268,72104,Techwiz 2.0,match,1,2026-03-08 09:00:00-07:00,White Table W2,10,False
268,72104,Techwiz 2.0,match,16,2026-03-08 13:20:00-07:00,White Table W1,10,False
268,72104,Techwiz 2.0,match,22,2026-03-08 14:30:00-07:00,Red Table R2,10,False
268,72104,Techwiz 2.0,match,30,2026-03-08 16:20:00-07:00,Red Table R1,10,False
268,72433,Blach Unearthed Odyssey,match,1,2026-03-08 09:00:00-07:00,Red Table R1,10,False
268,72433,Blach Unearthed Odyssey,match,16,2026-03-08 13:20:00-07:00,White Table W2,10,False
268,72433,Blach Unearthed Odyssey,match,22,2026-03-08 14:30:00-07:00,White Table W1,10,False
268,72433,Blach Unearthed Odyssey,match,30,2026-03-08 16:20:00-07:00,Blue Table B2,10,False
268,72540,TBD123,match,2,2026-03-08 09:15:00-07:00,Blue Table B2,10,False
268,72540,TBD123,match,17,2026-03-08 13:30:00-07:00,Blue Table B1,10,False
268,72540,TBD123,match,23,2026-03-08 14:40:00-07:00,White Table W2,10,False
268,72540,TBD123,match,31,2026-03-08 16:30:00-07:00,Red Table R2,10,False
268,72905,Argo Robotics Team 251,match,8,2026-03-08 10:30:00-07:00,White Table W2,10,False
268,72905,Argo Robotics Team 251,match,14,2026-03-08 11:40:00-07:00,White Table W1,10,False
268,72905,Argo Robotics Team 251,match,20,2026-03-08 14:10:00-07:00,Red Table R2,10,False
268,72905,Argo Robotics Team 251,match,28,2026-03-08 16:00:00-07:00,Red Table R1,10,False
269,8445,Ray - Prev UMT,match,1,2026-04-25 09:10:00-07:00,Red Table,10,True
269,8445,Ray - Prev UMT,match,15,2026-04-25 11:55:00-07:00,Blue Table,10,False
269,8445,Ray - Prev UMT,match,21,2026-04-25 13:50:00-07:00,Blue Table,10,False
269,8445,Ray - Prev UMT,match,28,2026-04-25 15:15:00-07:00,Red Table,10,False
269,60037,BuilderBots,match,3,2026-04-25 09:30:00-07:00,Blue Table,10,True
269,60037,BuilderBots,match,14,2026-04-25 11:45:00-07:00,Blue Table,10,False
269,60037,BuilderBots,match,21,2026-04-25 13:50:00-07:00,Red Table,10,False
269,60037,BuilderBots,match,29,2026-04-25 15:25:00-07:00,Red Table,10,False
269,61351,RRR Rockets,match,2,2026-04-25 09:20:00-07:00,Blue Table,10,True
269,61351,RRR Rockets,match,15,2026-04-25 11:55:00-07:00,Red Table,10,False
269,61351,RRR Rockets,match,22,2026-04-25 14:00:00-07:00,Blue Table,10,False
269,61351,RRR Rockets,match,30,2026-04-25 15:35:00-07:00,Red Table,10,False
269,66894,Dusty Diggers,match,3,2026-04-25 09:30:00-07:00,Red Table,10,True
269,66894,Dusty Diggers,match,16,2026-04-25 12:05:00-07:00,Blue Table,10,False
269,66894,Dusty Diggers,match,22,2026-04-25 14:00:00-07:00,Red Table,10,False
269,66894,Dusty Diggers,match,28,2026-04-25 15:15:00-07:00,Blue Table,10,False
269,69015,QR Codes,match,2,2026-04-25 09:20:00-07:00,Red Table,10,True
269,69015,QR Codes,match,16,2026-04-25 12:05:00-07:00,Red Table,10,False
269,69015,QR Codes,match,23,2026-04-25 14:10:00-07:00,Blue Table,10,False
269,69015,QR Codes,match,29,2026-04-25 15:25:00-07:00,Blue Table,10,False
269,69238,The Commas,match,1,2026-04-25 09:10:00-07:00,Blue Table,10,True
269,69238,The Commas,match,17,2026-04-25 13:00:00-07:00,Red Table,10,False
269,69238,The Commas,match,23,2026-04-25 14:10:00-07:00,Red Table,10,False
269,69238,The Commas,match,30,2026-04-25 15:35:00-07:00,Blue Table,10,False
269,69572,Hydro Hackers,match,7,2026-04-25 10:20:00-07:00,Red Table,10,True
269,69572,Hydro Hackers,match,17,2026-04-25 13:00:00-07:00,Blue Table,10,False
269,69572,Hydro Hackers,match,24,2026-04-25 14:25:00-07:00,Blue Table,10,False
269,69572,Hydro Hackers,match,31,2026-04-25 15:45:00-07:00,Red Table,10,False
269,71344,Cheez Puffer Fish,match,9,2026-04-25 10:40:00-07:00,Blue Table,10,True
269,71344,Cheez Puffer Fish,match,18,2026-04-25 13:10:00-07:00,Blue Table,10,False
269,71344,Cheez Puffer Fish,match,24,2026-04-25 14:25:00-07:00,Red Table,10,False
269,71344,Cheez Puffer Fish,match,32,2026-04-25 15:55:00-07:00,Red Table,10,False
269,71771,QR Team 3,match,8,2026-04-25 10:30:00-07:00,Blue Table,10,True
269,71771,QR Team 3,match,18,2026-04-25 13:10:00-07:00,Red Table,10,False
269,71771,QR Team 3,match,25,2026-04-25 14:35:00-07:00,Blue Table,10,False
269,71771,QR Team 3,match,33,2026-04-25 16:05:00-07:00,Red Table,10,False
269,71772,Team 4,match,9,2026-04-25 10:40:00-07:00,Red Table,10,True
269,71772,Team 4,match,13,2026-04-25 11:35:00-07:00,Blue Table,10,False
269,71772,Team 4,match,25,2026-04-25 14:35:00-07:00,Red Table,10,False
269,71772,Team 4,match,31,2026-04-25 15:45:00-07:00,Blue Table,10,False
269,72699,GearGirls,match,8,2026-04-25 10:30:00-07:00,Red Table,10,True
269,72699,GearGirls,match,14,2026-04-25 11:45:00-07:00,Red Table,10,False
269,72699,GearGirls,match,26,2026-04-25 14:45:00-07:00,Blue Table,10,False
269,72699,GearGirls,match,32,2026-04-25 15:55:00-07:00,Blue Table,10,False
269,72963,CodeBreakers,match,7,2026-04-25 10:20:00-07:00,Blue Table,10,True
269,72963,CodeBreakers,match,13,2026-04-25 11:35:00-07:00,Red Table,10,False
269,72963,CodeBreakers,match,26,2026-04-25 14:45:00-07:00,Red Table,10,False
269,72963,CodeBreakers,match,33,2026-04-25 16:05:00-07:00,Blue Table,10,False
269,72994,Bone Appetit,match,4,2026-04-25 09:45:00-07:00,Red Table,10,True
269,72994,Bone Appetit,match,10,2026-04-25 11:00:00-07:00,Blue Table,10,False
269,72994,Bone Appetit,match,27,2026-04-25 14:55:00-07:00,Blue Table,10,False
269,72994,Bone Appetit,match,34,2026-04-25 16:15:00-07:00,Red Table,10,False
269,72999,Eagle Eyes,match,6,2026-04-25 10:05:00-07:00,Blue Table,10,True
269,72999,Eagle Eyes,match,11,2026-04-25 11:10:00-07:00,Blue Table,10,False
269,72999,Eagle Eyes,match,27,2026-04-25 14:55:00-07:00,Red Table,10,False
269,72999,Eagle Eyes,match,35,2026-04-25 16:25:00-07:00,Red Table,10,False
269,75124,FKS Robotics,match,5,2026-04-25 09:55:00-07:00,Blue Table,10,True
269,75124,FKS Robotics,match,10,2026-04-25 11:00:00-07:00,Red Table,10,False
269,75124,FKS Robotics,match,19,2026-04-25 13:30:00-07:00,Blue Table,10,False
269,75124,FKS Robotics,match,36,2026-04-25 16:35:00-07:00,Red Table,10,False
269,75126,Brain Bot,match,6,2026-04-25 10:05:00-07:00,Red Table,10,True
269,75126,Brain Bot,match,12,2026-04-25 11:20:00-07:00,Blue Table,10,False
269,75126,Brain Bot,match,19,2026-04-25 13:30:00-07:00,Red Table,10,False
269,75126,Brain Bot,match,34,2026-04-25 16:15:00-07:00,Blue Table,10,False
269,75146,Brickbots-spring,match,5,2026-04-25 09:55:00-07:00,Red Table,10,True
269,75146,Brickbots-spring,match,12,2026-04-25 11:20:00-07:00,Red Table,10,False
269,75146,Brickbots-spring,match,20,2026-04-25 13:40:00-07:00,Blue Table,10,False
269,75146,Brickbots-spring,match,35,2026-04-25 16:25:00-07:00,Blue Table,10,False
269,75149,EML Tigers,match,4,2026-04-25 09:45:00-07:00,Blue Table,10,True
269,75149,EML Tigers,match,11,2026-04-25 11:10:00-07:00,Red Table,10,False
269,75149,EML Tigers,match,20,2026-04-25 13:40:00-07:00,Red Table,10,False
269,75149,EML Tigers,match,36,2026-04-25 16:35:00-07:00,Blue Table,10,False
270,60981,TechPython,match,1,2026-04-26 09:15:00-07:00,TABLE B,10,True
270,60981,TechPython,match,12,2026-04-26 12:00:00-07:00,TABLE A,10,False
270,60981,TechPython,match,14,2026-04-26 13:25:00-07:00,TABLE A,10,False
270,60981,TechPython,match,21,2026-04-26 15:20:00-07:00,TABLE B,10,False
270,66668,Springer Legonauts,match,1,2026-04-26 09:15:00-07:00,TABLE A,10,True
270,66668,Springer Legonauts,match,10,2026-04-26 11:35:00-07:00,TABLE B,10,False
270,66668,Springer Legonauts,match,13,2026-04-26 13:15:00-07:00,TABLE B,10,False
270,66668,Springer Legonauts,match,19,2026-04-26 15:00:00-07:00,TABLE A,10,False
270,67736,The Anonymous Raptors,match,4,2026-04-26 10:00:00-07:00,TABLE A,10,True
270,67736,The Anonymous Raptors,match,7,2026-04-26 11:00:00-07:00,TABLE B,10,False
270,67736,The Anonymous Raptors,match,18,2026-04-26 14:15:00-07:00,TABLE B,10,False
270,67736,The Anonymous Raptors,match,22,2026-04-26 15:35:00-07:00,TABLE A,10,False
270,70885,IJAVVE #2,match,3,2026-04-26 09:45:00-07:00,TABLE B,10,True
270,70885,IJAVVE #2,match,11,2026-04-26 11:50:00-07:00,TABLE B,10,False
270,70885,IJAVVE #2,match,13,2026-04-26 13:15:00-07:00,TABLE A,10,False
270,70885,IJAVVE #2,match,21,2026-04-26 15:20:00-07:00,TABLE A,10,False
270,71269,Coding Crusaders,match,3,2026-04-26 09:45:00-07:00,TABLE A,10,True
270,71269,Coding Crusaders,match,12,2026-04-26 12:00:00-07:00,TABLE B,10,False
270,71269,Coding Crusaders,match,15,2026-04-26 13:40:00-07:00,TABLE A,10,False
270,71269,Coding Crusaders,match,20,2026-04-26 15:10:00-07:00,TABLE B,10,False
270,72259,Earthquakers,match,2,2026-04-26 09:30:00-07:00,TABLE B,10,True
270,72259,Earthquakers,match,10,2026-04-26 11:35:00-07:00,TABLE A,10,False
270,72259,Earthquakers,match,14,2026-04-26 13:25:00-07:00,TABLE B,10,False
270,72259,Earthquakers,match,20,2026-04-26 15:10:00-07:00,TABLE A,10,False
270,72342,The 4 Sigmas,match,5,2026-04-26 10:15:00-07:00,TABLE A,10,True
270,72342,The 4 Sigmas,match,8,2026-04-26 11:10:00-07:00,TABLE A,10,False
270,72342,The 4 Sigmas,match,16,2026-04-26 13:50:00-07:00,TABLE B,10,False
270,72342,The 4 Sigmas,match,22,2026-04-26 15:35:00-07:00,TABLE B,10,False
270,73863,TIRO-SV-C03,match,6,2026-04-26 10:30:00-07:00,TABLE B,10,True
270,73863,TIRO-SV-C03,match,8,2026-04-26 11:10:00-07:00,TABLE B,10,False
270,73863,TIRO-SV-C03,match,18,2026-04-26 14:15:00-07:00,TABLE A,10,False
270,73863,TIRO-SV-C03,match,24,2026-04-26 15:55:00-07:00,TABLE A,10,False
270,73864,TIRO-SV-C04,match,5,2026-04-26 10:15:00-07:00,TABLE B,10,True
270,73864,TIRO-SV-C04,match,7,2026-04-26 11:00:00-07:00,TABLE A,10,False
270,73864,TIRO-SV-C04,match,17,2026-04-26 14:05:00-07:00,TABLE B,10,False
270,73864,TIRO-SV-C04,match,23,2026-04-26 15:45:00-07:00,TABLE A,10,False
270,73865,TIRO-SV-C05,match,2,2026-04-26 09:30:00-07:00,TABLE A,10,True
270,73865,TIRO-SV-C05,match,11,2026-04-26 11:50:00-07:00,TABLE A,10,False
270,73865,TIRO-SV-C05,match,15,2026-04-26 13:40:00-07:00,TABLE B,10,False
270,73865,TIRO-SV-C05,match,19,2026-04-26 15:00:00-07:00,TABLE B,10,False
270,74210,Skywalker,match,6,2026-04-26 10:30:00-07:00,TABLE A,10,True
270,74210,Skywalker,match,9,2026-04-26 11:25:00-07:00,TABLE B,10,False
270,74210,Skywalker,match,16,2026-04-26 13:50:00-07:00,TABLE A,10,False
270,74210,Skywalker,match,23,2026-04-26 15:45:00-07:00,TABLE B,10,False
270,75065,Cyber Cats,match,4,2026-04-26 10:00:00-07:00,TABLE B,10,True
270,75065,Cyber Cats,match,9,2026-04-26 11:25:00-07:00,TABLE A,10,False
270,75065,Cyber Cats,match,17,2026-04-26 14:05:00-07:00,TABLE A,10,False
270,75065,Cyber Cats,match,24,2026-04-26 15:55:00-07:00,TABLE B,10,False
271,56271,Gyraf,match,4,2026-03-21 10:00:00-07:00,TABLE B,10,True
271,56271,Gyraf,match,9,2026-03-21 11:25:00-07:00,TABLE A,10,False
271,56271,Gyraf,match,17,2026-03-21 14:05:00-07:00,TABLE A,10,False
271,56271,Gyraf,match,24,2026-03-21 15:55:00-07:00,TABLE B,10,False
271,59278,Quantum Bricks,match,2,2026-03-21 09:30:00-07:00,TABLE A,10,True
271,59278,Quantum Bricks,match,11,2026-03-21 11:50:00-07:00,TABLE A,10,False
271,59278,Quantum Bricks,match,15,2026-03-21 13:40:00-07:00,TABLE B,10,False
271,59278,Quantum Bricks,match,19,2026-03-21 15:00:00-07:00,TABLE B,10,False
271,64714,Archtech,match,1,2026-03-21 09:15:00-07:00,TABLE B,10,True
271,64714,Archtech,match,12,2026-03-21 12:00:00-07:00,TABLE A,10,False
271,64714,Archtech,match,14,2026-03-21 13:25:00-07:00,TABLE A,10,False
271,64714,Archtech,match,21,2026-03-21 15:20:00-07:00,TABLE B,10,False
271,66438,Fearsome 5,match,4,2026-03-21 10:00:00-07:00,TABLE A,10,True
271,66438,Fearsome 5,match,7,2026-03-21 11:00:00-07:00,TABLE B,10,False
271,66438,Fearsome 5,match,18,2026-03-21 14:15:00-07:00,TABLE B,10,False
271,66438,Fearsome 5,match,22,2026-03-21 15:35:00-07:00,TABLE A,10,False
271,67524,Turbo Robos,match,3,2026-03-21 09:45:00-07:00,TABLE B,10,True
271,67524,Turbo Robos,match,11,2026-03-21 11:50:00-07:00,TABLE B,10,False
271,67524,Turbo Robos,match,13,2026-03-21 13:15:00-07:00,TABLE A,10,False
271,67524,Turbo Robos,match,21,2026-03-21 15:20:00-07:00,TABLE A,10,False
271,69947,Fossilbot,match,5,2026-03-21 10:15:00-07:00,TABLE A,10,True
271,69947,Fossilbot,match,8,2026-03-21 11:10:00-07:00,TABLE A,10,False
271,69947,Fossilbot,match,16,2026-03-21 13:50:00-07:00,TABLE B,10,False
271,69947,Fossilbot,match,22,2026-03-21 15:35:00-07:00,TABLE B,10,False
271,70694,Stocklmeir BrickBots 10,match,6,2026-03-21 10:30:00-07:00,TABLE B,10,True
271,70694,Stocklmeir BrickBots 10,match,8,2026-03-21 11:10:00-07:00,TABLE B,10,False
271,70694,Stocklmeir BrickBots 10,match,18,2026-03-21 14:15:00-07:00,TABLE A,10,False
271,70694,Stocklmeir BrickBots 10,match,24,2026-03-21 15:55:00-07:00,TABLE A,10,False
271,70727,Lego Legends,match,6,2026-03-21 10:30:00-07:00,TABLE A,10,True
271,70727,Lego Legends,match,9,2026-03-21 11:25:00-07:00,TABLE B,10,False
271,70727,Lego Legends,match,16,2026-03-21 13:50:00-07:00,TABLE A,10,False
271,70727,Lego Legends,match,23,2026-03-21 15:45:00-07:00,TABLE B,10,False
271,71826,Robostein,match,2,2026-03-21 09:30:00-07:00,TABLE B,10,True
271,71826,Robostein,match,10,2026-03-21 11:35:00-07:00,TABLE A,10,False
271,71826,Robostein,match,14,2026-03-21 13:25:00-07:00,TABLE B,10,False
271,71826,Robostein,match,20,2026-03-21 15:10:00-07:00,TABLE A,10,False
271,72365,Block Builders,match,1,2026-03-21 09:15:00-07:00,TABLE A,10,True
271,72365,Block Builders,match,10,2026-03-21 11:35:00-07:00,TABLE B,10,False
271,72365,Block Builders,match,13,2026-03-21 13:15:00-07:00,TABLE B,10,False
271,72365,Block Builders,match,19,2026-03-21 15:00:00-07:00,TABLE A,10,False
272,60788,Sea Tractor,match,4,2026-03-22 10:00:00-07:00,TABLE B,10,True
272,60788,Sea Tractor,match,9,2026-03-22 11:25:00-07:00,TABLE A,10,False
272,60788,Sea Tractor,match,17,2026-03-22 14:05:00-07:00,TABLE A,10,False
272,60788,Sea Tractor,match,24,2026-03-22 15:55:00-07:00,TABLE B,10,False
272,66522,The Placeholders,match,5,2026-03-22 10:15:00-07:00,TABLE A,10,True
272,66522,The Placeholders,match,8,2026-03-22 11:10:00-07:00,TABLE A,10,False
272,66522,The Placeholders,match,16,2026-03-22 13:50:00-07:00,TABLE B,10,False
272,66522,The Placeholders,match,22,2026-03-22 15:35:00-07:00,TABLE B,10,False
272,68590,Fremont Wizwards,match,2,2026-03-22 09:30:00-07:00,TABLE B,10,True
272,68590,Fremont Wizwards,match,10,2026-03-22 11:35:00-07:00,TABLE A,10,False
272,68590,Fremont Wizwards,match,14,2026-03-22 13:25:00-07:00,TABLE B,10,False
272,68590,Fremont Wizwards,match,20,2026-03-22 15:10:00-07:00,TABLE A,10,False
272,70153,rickroll,match,4,2026-03-22 10:00:00-07:00,TABLE A,10,True
272,70153,rickroll,match,7,2026-03-22 11:00:00-07:00,TABLE B,10,False
272,70153,rickroll,match,18,2026-03-22 14:15:00-07:00,TABLE B,10,False
272,70153,rickroll,match,22,2026-03-22 15:35:00-07:00,TABLE A,10,False
272,70468,Future Finders,match,3,2026-03-22 09:45:00-07:00,TABLE A,10,True
272,70468,Future Finders,match,12,2026-03-22 12:00:00-07:00,TABLE B,10,False
272,70468,Future Finders,match,15,2026-03-22 13:40:00-07:00,TABLE A,10,False
272,70468,Future Finders,match,20,2026-03-22 15:10:00-07:00,TABLE B,10,False
272,71033,TechnoTigers,match,2,2026-03-22 09:30:00-07:00,TABLE A,10,True
272,71033,TechnoTigers,match,11,2026-03-22 11:50:00-07:00,TABLE A,10,False
272,71033,TechnoTigers,match,15,2026-03-22 13:40:00-07:00,TABLE B,10,False
272,71033,TechnoTigers,match,19,2026-03-22 15:00:00-07:00,TABLE B,10,False
272,72024,THE CREATORS,match,5,2026-03-22 10:15:00-07:00,TABLE B,10,True
272,72024,THE CREATORS,match,7,2026-03-22 11:00:00-07:00,TABLE A,10,False
272,72024,THE CREATORS,match,17,2026-03-22 14:05:00-07:00,TABLE B,10,False
272,72024,THE CREATORS,match,23,2026-03-22 15:45:00-07:00,TABLE A,10,False
272,72654,lightsaber,match,1,2026-03-22 09:15:00-07:00,TABLE A,10,True
272,72654,lightsaber,match,10,2026-03-22 11:35:00-07:00,TABLE B,10,False
272,72654,lightsaber,match,13,2026-03-22 13:15:00-07:00,TABLE B,10,False
272,72654,lightsaber,match,19,2026-03-22 15:00:00-07:00,TABLE A,10,False
272,72801,Super Kraken,match,6,2026-03-22 10:30:00-07:00,TABLE B,10,True
272,72801,Super Kraken,match,8,2026-03-22 11:10:00-07:00,TABLE B,10,False
272,72801,Super Kraken,match,18,2026-03-22 14:15:00-07:00,TABLE A,10,False
272,72801,Super Kraken,match,24,2026-03-22 15:55:00-07:00,TABLE A,10,False
272,74193,Gear girls ,match,3,2026-03-22 09:45:00-07:00,TABLE B,10,True
272,74193,Gear girls ,match,11,2026-03-22 11:50:00-07:00,TABLE B,10,False
272,74193,Gear girls ,match,13,2026-03-22 13:15:00-07:00,TABLE A,10,False
272,74193,Gear girls ,match,21,2026-03-22 15:20:00-07:00,TABLE A,10,False
272,74706,Porky Oinks,match,6,2026-03-22 10:30:00-07:00,TABLE A,10,True
272,74706,Porky Oinks,match,9,2026-03-22 11:25:00-07:00,TABLE B,10,False
272,74706,Porky Oinks,match,16,2026-03-22 13:50:00-07:00,TABLE A,10,False
272,74706,Porky Oinks,match,23,2026-03-22 15:45:00-07:00,TABLE B,10,False
272,75128,Corrupted Robot,match,1,2026-03-22 09:15:00-07:00,TABLE B,10,True
272,75128,Corrupted Robot,match,12,2026-03-22 12:00:00-07:00,TABLE A,10,False
272,75128,Corrupted Robot,match,14,2026-03-22 13:25:00-07:00,TABLE A,10,False
272,75128,Corrupted Robot,match,21,2026-03-22 15:20:00-07:00,TABLE B,10,False
273,65321,DCADS Astro Cubs,match,3,2026-03-29 09:45:00-07:00,TABLE A,10,True
273,65321,DCADS Astro Cubs,match,12,2026-03-29 12:00:00-07:00,TABLE B,10,False
273,65321,DCADS Astro Cubs,match,15,2026-03-29 13:40:00-07:00,TABLE A,10,False
273,65321,DCADS Astro Cubs,match,20,2026-03-29 15:10:00-07:00,TABLE B,10,False
273,70000,Bulldog Bots,match,6,2026-03-29 10:30:00-07:00,TABLE A,10,True
273,70000,Bulldog Bots,match,9,2026-03-29 11:25:00-07:00,TABLE B,10,False
273,70000,Bulldog Bots,match,16,2026-03-29 13:50:00-07:00,TABLE A,10,False
273,70000,Bulldog Bots,match,23,2026-03-29 15:45:00-07:00,TABLE B,10,False
273,71017,Alamo 5th Grade Lego Team,match,2,2026-03-29 09:30:00-07:00,TABLE B,10,True
273,71017,Alamo 5th Grade Lego Team,match,10,2026-03-29 11:35:00-07:00,TABLE A,10,False
273,71017,Alamo 5th Grade Lego Team,match,14,2026-03-29 13:25:00-07:00,TABLE B,10,False
273,71017,Alamo 5th Grade Lego Team,match,20,2026-03-29 15:10:00-07:00,TABLE A,10,False
273,71515,Lakeport Robo Runners,match,5,2026-03-29 10:15:00-07:00,TABLE B,10,True
273,71515,Lakeport Robo Runners,match,7,2026-03-29 11:00:00-07:00,TABLE A,10,False
273,71515,Lakeport Robo Runners,match,17,2026-03-29 14:05:00-07:00,TABLE B,10,False
273,71515,Lakeport Robo Runners,match,23,2026-03-29 15:45:00-07:00,TABLE A,10,False
273,71706,Sabercats1,match,5,2026-03-29 10:15:00-07:00,TABLE A,10,True
273,71706,Sabercats1,match,8,2026-03-29 11:10:00-07:00,TABLE A,10,False
273,71706,Sabercats1,match,16,2026-03-29 13:50:00-07:00,TABLE B,10,False
273,71706,Sabercats1,match,22,2026-03-29 15:35:00-07:00,TABLE B,10,False
273,71714,RoboStars,match,6,2026-03-29 10:30:00-07:00,TABLE B,10,True
273,71714,RoboStars,match,8,2026-03-29 11:10:00-07:00,TABLE B,10,False
273,71714,RoboStars,match,18,2026-03-29 14:15:00-07:00,TABLE A,10,False
273,71714,RoboStars,match,24,2026-03-29 15:55:00-07:00,TABLE A,10,False
273,71848,Brainy Bricksters,match,2,2026-03-29 09:30:00-07:00,TABLE A,10,True
273,71848,Brainy Bricksters,match,11,2026-03-29 11:50:00-07:00,TABLE A,10,False
273,71848,Brainy Bricksters,match,15,2026-03-29 13:40:00-07:00,TABLE B,10,False
273,71848,Brainy Bricksters,match,19,2026-03-29 15:00:00-07:00,TABLE B,10,False
273,72231,Thunderbird,match,1,2026-03-29 09:15:00-07:00,TABLE B,10,True
273,72231,Thunderbird,match,12,2026-03-29 12:00:00-07:00,TABLE A,10,False
273,72231,Thunderbird,match,14,2026-03-29 13:25:00-07:00,TABLE A,10,False
273,72231,Thunderbird,match,21,2026-03-29 15:20:00-07:00,TABLE B,10,False
273,72279,Team Dory ,match,3,2026-03-29 09:45:00-07:00,TABLE B,10,True
273,72279,Team Dory ,match,11,2026-03-29 11:50:00-07:00,TABLE B,10,False
273,72279,Team Dory ,match,13,2026-03-29 13:15:00-07:00,TABLE A,10,False
273,72279,Team Dory ,match,21,2026-03-29 15:20:00-07:00,TABLE A,10,False
273,74111,Argon 6-7,match,4,2026-03-29 10:00:00-07:00,TABLE A,10,True
273,74111,Argon 6-7,match,7,2026-03-29 11:00:00-07:00,TABLE B,10,False
273,74111,Argon 6-7,match,18,2026-03-29 14:15:00-07:00,TABLE B,10,False
273,74111,Argon 6-7,match,22,2026-03-29 15:35:00-07:00,TABLE A,10,False
273,74290,Fossil hunters,match,1,2026-03-29 09:15:00-07:00,TABLE A,10,True
273,74290,Fossil hunters,match,10,2026-03-29 11:35:00-07:00,TABLE B,10,False
273,74290,Fossil hunters,match,13,2026-03-29 13:15:00-07:00,TABLE B,10,False
273,74290,Fossil hunters,match,19,2026-03-29 15:00:00-07:00,TABLE A,10,False
273,74480,WARPSPEEDERS,match,4,2026-03-29 10:00:00-07:00,TABLE B,10,True
273,74480,WARPSPEEDERS,match,9,2026-03-29 11:25:00-07:00,TABLE A,10,False
273,74480,WARPSPEEDERS,match,17,2026-03-29 14:05:00-07:00,TABLE A,10,False
273,74480,WARPSPEEDERS,match,24,2026-03-29 15:55:00-07:00,TABLE B,10,False
274,59559,Hillviewnauts,match,9,2026-05-02 10:40:00-07:00,Blue Table,10,True
274,59559,Hillviewnauts,match,18,2026-05-02 13:10:00-07:00,Blue Table,10,False
274,59559,Hillviewnauts,match,24,2026-05-02 14:25:00-07:00,Red Table,10,False
274,59559,Hillviewnauts,match,32,2026-05-02 15:55:00-07:00,Red Table,10,False
274,67678,RoboSquad,match,6,2026-05-02 10:05:00-07:00,Blue Table,10,True
274,67678,RoboSquad,match,11,2026-05-02 11:10:00-07:00,Blue Table,10,False
274,67678,RoboSquad,match,27,2026-05-02 14:55:00-07:00,Red Table,10,False
274,67678,RoboSquad,match,35,2026-05-02 16:25:00-07:00,Red Table,10,False
274,68174,Sundrop Robotics - Albany,match,8,2026-05-02 10:30:00-07:00,Blue Table,10,True
274,68174,Sundrop Robotics - Albany,match,18,2026-05-02 13:10:00-07:00,Red Table,10,False
274,68174,Sundrop Robotics - Albany,match,25,2026-05-02 14:35:00-07:00,Blue Table,10,False
274,68174,Sundrop Robotics - Albany,match,33,2026-05-02 16:05:00-07:00,Red Table,10,False
274,71427,Shark Masters,match,4,2026-05-02 09:45:00-07:00,Blue Table,10,True
274,71427,Shark Masters,match,11,2026-05-02 11:10:00-07:00,Red Table,10,False
274,71427,Shark Masters,match,20,2026-05-02 13:40:00-07:00,Red Table,10,False
274,71427,Shark Masters,match,36,2026-05-02 16:35:00-07:00,Blue Table,10,False
274,71748,Golden Gears,match,7,2026-05-02 10:20:00-07:00,Red Table,10,True
274,71748,Golden Gears,match,17,2026-05-02 13:00:00-07:00,Blue Table,10,False
274,71748,Golden Gears,match,24,2026-05-02 14:25:00-07:00,Blue Table,10,False
274,71748,Golden Gears,match,31,2026-05-02 15:45:00-07:00,Red Table,10,False
274,72210,Robotics Masters ,match,8,2026-05-02 10:30:00-07:00,Red Table,10,True
274,72210,Robotics Masters ,match,14,2026-05-02 11:45:00-07:00,Red Table,10,False
274,72210,Robotics Masters ,match,26,2026-05-02 14:45:00-07:00,Blue Table,10,False
274,72210,Robotics Masters ,match,32,2026-05-02 15:55:00-07:00,Blue Table,10,False
274,72400,ANA,match,3,2026-05-02 09:30:00-07:00,Red Table,10,True
274,72400,ANA,match,16,2026-05-02 12:05:00-07:00,Blue Table,10,False
274,72400,ANA,match,22,2026-05-02 14:00:00-07:00,Red Table,10,False
274,72400,ANA,match,28,2026-05-02 15:15:00-07:00,Blue Table,10,False
274,72684,ThunderBots,match,2,2026-05-02 09:20:00-07:00,Blue Table,10,True
274,72684,ThunderBots,match,15,2026-05-02 11:55:00-07:00,Red Table,10,False
274,72684,ThunderBots,match,22,2026-05-02 14:00:00-07:00,Blue Table,10,False
274,72684,ThunderBots,match,30,2026-05-02 15:35:00-07:00,Red Table,10,False
274,73127,NextGen Diggers,match,7,2026-05-02 10:20:00-07:00,Blue Table,10,True
274,73127,NextGen Diggers,match,13,2026-05-02 11:35:00-07:00,Red Table,10,False
274,73127,NextGen Diggers,match,26,2026-05-02 14:45:00-07:00,Red Table,10,False
274,73127,NextGen Diggers,match,33,2026-05-02 16:05:00-07:00,Blue Table,10,False
274,73862,TIRO-SV-C02,match,5,2026-05-02 09:55:00-07:00,Blue Table,10,True
274,73862,TIRO-SV-C02,match,10,2026-05-02 11:00:00-07:00,Red Table,10,False
274,73862,TIRO-SV-C02,match,19,2026-05-02 13:30:00-07:00,Blue Table,10,False
274,73862,TIRO-SV-C02,match,36,2026-05-02 16:35:00-07:00,Red Table,10,False
274,74137,Lego Champions,match,1,2026-05-02 09:10:00-07:00,Red Table,10,True
274,74137,Lego Champions,match,15,2026-05-02 11:55:00-07:00,Blue Table,10,False
274,74137,Lego Champions,match,21,2026-05-02 13:50:00-07:00,Blue Table,10,False
274,74137,Lego Champions,match,28,2026-05-02 15:15:00-07:00,Red Table,10,False
274,74190,Vulcan,match,6,2026-05-02 10:05:00-07:00,Red Table,10,True
274,74190,Vulcan,match,12,2026-05-02 11:20:00-07:00,Blue Table,10,False
274,74190,Vulcan,match,19,2026-05-02 13:30:00-07:00,Red Table,10,False
274,74190,Vulcan,match,34,2026-05-02 16:15:00-07:00,Blue Table,10,False
274,74293,ctrl-alt-build,match,9,2026-05-02 10:40:00-07:00,Red Table,10,True
274,74293,ctrl-alt-build,match,13,2026-05-02 11:35:00-07:00,Blue Table,10,False
274,74293,ctrl-alt-build,match,25,2026-05-02 14:35:00-07:00,Red Table,10,False
274,74293,ctrl-alt-build,match,31,2026-05-02 15:45:00-07:00,Blue Table,10,False
274,74976,MSJE Robotics,match,2,2026-05-02 09:20:00-07:00,Red Table,10,True
274,74976,MSJE Robotics,match,16,2026-05-02 12:05:00-07:00,Red Table,10,False
274,74976,MSJE Robotics,match,23,2026-05-02 14:10:00-07:00,Blue Table,10,False
274,74976,MSJE Robotics,match,29,2026-05-02 15:25:00-07:00,Blue Table,10,False
274,75020,TechTitans#1,match,5,2026-05-02 09:55:00-07:00,Red Table,10,True
274,75020,TechTitans#1,match,12,2026-05-02 11:20:00-07:00,Red Table,10,False
274,75020,TechTitans#1,match,20,2026-05-02 13:40:00-07:00,Blue Table,10,False
274,75020,TechTitans#1,match,35,2026-05-02 16:25:00-07:00,Blue Table,10,False
274,75025,Pleasanton Panthers,match,1,2026-05-02 09:10:00-07:00,Blue Table,10,True
274,75025,Pleasanton Panthers,match,17,2026-05-02 13:00:00-07:00,Red Table,10,False
274,75025,Pleasanton Panthers,match,23,2026-05-02 14:10:00-07:00,Red Table,10,False
274,75025,Pleasanton Panthers,match,30,2026-05-02 15:35:00-07:00,Blue Table,10,False
274,75064,Dolphin1,match,3,2026-05-02 09:30:00-07:00,Blue Table,10,True
274,75064,Dolphin1,match,14,2026-05-02 11:45:00-07:00,Blue Table,10,False
274,75064,Dolphin1,match,21,2026-05-02 13:50:00-07:00,Red Table,10,False
274,75064,Dolphin1,match,29,2026-05-02 15:25:00-07:00,Red Table,10,False
274,75165,TVSC Robotics,match,4,2026-05-02 09:45:00-07:00,Red Table,10,True
274,75165,TVSC Robotics,match,10,2026-05-02 11:00:00-07:00,Blue Table,10,False
274,75165,TVSC Robotics,match,27,2026-05-02 14:55:00-07:00,Blue Table,10,False
274,75165,TVSC Robotics,match,34,2026-05-02 16:15:00-07:00,Red Table,10,False
278,4506,Techno Cavs,match,5,2026-04-26 10:15:00-07:00,TABLE A,15,True
278,4506,Techno Cavs,match,7,2026-04-26 11:00:00-07:00,TABLE B,15,False
278,4506,Techno Cavs,match,14,2026-04-26 13:45:00-07:00,TABLE A,15,False
278,4506,Techno Cavs,match,17,2026-04-26 14:55:00-07:00,TABLE B,10,False
278,59922,Baxter's Builders,match,1,2026-04-26 09:15:00-07:00,TABLE B,15,True
278,59922,Baxter's Builders,match,10,2026-04-26 11:45:00-07:00,TABLE A,15,False
278,59922,Baxter's Builders,match,12,2026-04-26 13:15:00-07:00,TABLE B,15,False
278,59922,Baxter's Builders,match,19,2026-04-26 15:15:00-07:00,TABLE A,10,False
278,71984,Lego Llamas,match,4,2026-04-26 10:00:00-07:00,TABLE B,15,True
278,71984,Lego Llamas,match,7,2026-04-26 11:00:00-07:00,TABLE A,15,False
278,71984,Lego Llamas,match,15,2026-04-26 14:00:00-07:00,TABLE A,15,False
278,71984,Lego Llamas,match,18,2026-04-26 15:05:00-07:00,TABLE B,10,False
278,72039,FLL Folsom Challenge team,match,1,2026-04-26 09:15:00-07:00,TABLE A,15,True
278,72039,FLL Folsom Challenge team,match,9,2026-04-26 11:30:00-07:00,TABLE B,15,False
278,72039,FLL Folsom Challenge team,match,13,2026-04-26 13:30:00-07:00,TABLE B,15,False
278,72039,FLL Folsom Challenge team,match,16,2026-04-26 14:45:00-07:00,TABLE A,10,False
278,72683,Team Samurai,match,5,2026-04-26 10:15:00-07:00,TABLE B,15,True
278,72683,Team Samurai,match,10,2026-04-26 11:45:00-07:00,TABLE B,15,False
278,72683,Team Samurai,match,13,2026-04-26 13:30:00-07:00,TABLE A,15,False
278,72683,Team Samurai,match,18,2026-04-26 15:05:00-07:00,TABLE A,10,False
278,73045,Archeo Tech,match,2,2026-04-26 09:30:00-07:00,TABLE A,15,True
278,73045,Archeo Tech,match,8,2026-04-26 11:15:00-07:00,TABLE B,15,False
278,73045,Archeo Tech,match,11,2026-04-26 13:00:00-07:00,TABLE A,15,False
278,73045,Archeo Tech,match,19,2026-04-26 15:15:00-07:00,TABLE B,10,False
278,73217,FLEAS: Fuzzy Little Evil Animals Squadron,match,4,2026-04-26 10:00:00-07:00,TABLE A,15,True
278,73217,FLEAS: Fuzzy Little Evil Animals Squadron,match,6,2026-04-26 10:45:00-07:00,TABLE B,15,False
278,73217,FLEAS: Fuzzy Little Evil Animals Squadron,match,11,2026-04-26 13:00:00-07:00,TABLE B,15,False
278,73217,FLEAS: Fuzzy Little Evil Animals Squadron,match,20,2026-04-26 15:25:00-07:00,TABLE A,10,False
278,73742,Sphere Scavengers,match,3,2026-04-26 09:45:00-07:00,TABLE A,15,True
278,73742,Sphere Scavengers,match,6,2026-04-26 10:45:00-07:00,TABLE A,15,False
278,73742,Sphere Scavengers,match,14,2026-04-26 13:45:00-07:00,TABLE B,15,False
278,73742,Sphere Scavengers,match,16,2026-04-26 14:45:00-07:00,TABLE B,10,False
278,74935,FLL-A3SI,match,2,2026-04-26 09:30:00-07:00,TABLE B,15,True
278,74935,FLL-A3SI,match,9,2026-04-26 11:30:00-07:00,TABLE A,15,False
278,74935,FLL-A3SI,match,15,2026-04-26 14:00:00-07:00,TABLE B,15,False
278,74935,FLL-A3SI,match,17,2026-04-26 14:55:00-07:00,TABLE A,10,False
280,57290,Cyberspace Crusader,match,1,2026-05-03 09:15:00-07:00,TABLE A,10,True
280,57290,Cyberspace Crusader,match,11,2026-05-03 11:45:00-07:00,TABLE B,10,False
280,57290,Cyberspace Crusader,match,14,2026-05-03 13:30:00-07:00,TABLE B,10,False
280,57290,Cyberspace Crusader,match,19,2026-05-03 15:10:00-07:00,TABLE A,10,False
280,59995,Bricks you step on ,match,3,2026-05-03 09:45:00-07:00,TABLE A,10,True
280,59995,Bricks you step on ,match,7,2026-05-03 10:45:00-07:00,TABLE B,10,False
280,59995,Bricks you step on ,match,17,2026-05-03 14:15:00-07:00,TABLE A,10,False
280,59995,Bricks you step on ,match,20,2026-05-03 15:20:00-07:00,TABLE B,10,False
280,72419,RoboRangers,match,6,2026-05-03 10:30:00-07:00,TABLE B,10,True
280,72419,RoboRangers,match,9,2026-05-03 11:15:00-07:00,TABLE B,10,False
280,72419,RoboRangers,match,18,2026-05-03 14:30:00-07:00,TABLE A,10,False
280,72419,RoboRangers,match,24,2026-05-03 16:05:00-07:00,TABLE A,10,False
280,73373,The Sigmas,match,4,2026-05-03 10:00:00-07:00,TABLE A,10,True
280,73373,The Sigmas,match,8,2026-05-03 11:00:00-07:00,TABLE B,10,False
280,73373,The Sigmas,match,18,2026-05-03 14:30:00-07:00,TABLE B,10,False
280,73373,The Sigmas,match,22,2026-05-03 15:45:00-07:00,TABLE A,10,False
280,75134,Muir Spring Team,match,3,2026-05-03 09:45:00-07:00,TABLE B,10,True
280,75134,Muir Spring Team,match,12,2026-05-03 12:00:00-07:00,TABLE B,10,False
280,75134,Muir Spring Team,match,14,2026-05-03 13:30:00-07:00,TABLE A,10,False
280,75134,Muir Spring Team,match,21,2026-05-03 15:30:00-07:00,TABLE A,10,False
280,75135,Robotic Dragons,match,6,2026-05-03 10:30:00-07:00,TABLE A,10,True
280,75135,Robotic Dragons,match,10,2026-05-03 11:30:00-07:00,TABLE B,10,False
280,75135,Robotic Dragons,match,13,2026-05-03 13:15:00-07:00,TABLE A,10,False
280,75135,Robotic Dragons,match,23,2026-05-03 15:55:00-07:00,TABLE B,10,False
280,75136,Dig It,match,5,2026-05-03 10:15:00-07:00,TABLE A,10,True
280,75136,Dig It,match,9,2026-05-03 11:15:00-07:00,TABLE A,10,False
280,75136,Dig It,match,13,2026-05-03 13:15:00-07:00,TABLE B,10,False
280,75136,Dig It,match,22,2026-05-03 15:45:00-07:00,TABLE B,10,False
280,75159,Build Guild (SP),match,2,2026-05-03 09:30:00-07:00,TABLE A,10,True
280,75159,Build Guild (SP),match,12,2026-05-03 12:00:00-07:00,TABLE A,10,False
280,75159,Build Guild (SP),match,17,2026-05-03 14:15:00-07:00,TABLE B,10,False
280,75159,Build Guild (SP),match,19,2026-05-03 15:10:00-07:00,TABLE B,10,False
280,75160,NinjaBots (SP),match,5,2026-05-03 10:15:00-07:00,TABLE B,10,True
280,75160,NinjaBots (SP),match,8,2026-05-03 11:00:00-07:00,TABLE A,10,False
280,75160,NinjaBots (SP),match,16,2026-05-03 14:00:00-07:00,TABLE B,10,False
280,75160,NinjaBots (SP),match,23,2026-05-03 15:55:00-07:00,TABLE A,10,False
280,75161,Energized Smarty Pants (SP),match,2,2026-05-03 09:30:00-07:00,TABLE B,10,True
280,75161,Energized Smarty Pants (SP),match,11,2026-05-03 11:45:00-07:00,TABLE A,10,False
280,75161,Energized Smarty Pants (SP),match,15,2026-05-03 13:45:00-07:00,TABLE B,10,False
280,75161,Energized Smarty Pants (SP),match,20,2026-05-03 15:20:00-07:00,TABLE A,10,False
280,75162,TNT Crew (SP),match,4,2026-05-03 10:00:00-07:00,TABLE B,10,True
280,75162,TNT Crew (SP),match,10,2026-05-03 11:30:00-07:00,TABLE A,10,False
280,75162,TNT Crew (SP),match,16,2026-05-03 14:00:00-07:00,TABLE A,10,False
280,75162,TNT Crew (SP),match,24,2026-05-03 16:05:00-07:00,TABLE B,10,False
280,75163,Master Builders (SP),match,1,2026-05-03 09:15:00-07:00,TABLE B,10,True
280,75163,Master Builders (SP),match,7,2026-05-03 10:45:00-07:00,TABLE A,10,False
280,75163,Master Builders (SP),match,15,2026-05-03 13:45:00-07:00,TABLE A,10,False
280,75163,Master Builders (SP),match,21,2026-05-03 15:30:00-07:00,TABLE B,10,False
